FLS Server starting on http://*:25567/
MonoStartup.Configuration called
SetDataProtectionProvider done
OAuthOptions.AccessTokenFormat set to Microsoft.Owin.Security.DataHandler.TicketDataFormat
Create new FLS.Server.WebApi.UnityConfig.UnityContainer: -1741897685
FLS Server READY on http://*:25567/
Press Ctrl+C to stop
2026-05-25 05:40:10.2617 FLS.Server.WebApi.ActionFilters.UnhandledExceptionFilterAttribute HttpStatusCode: InternalServerError with error message: Resolution of the dependency failed, type = "FLS.Server.Service.UserService", name = "(none)".
Exception occurred while: Calling constructor FLS.Server.Service.Email.EmailSendService(FLS.Server.Service.DataAccessService dataAccessService).
Exception is: EntityException - The underlying provider failed on Open.
-----------------------------------------------
At the time of the exception, the container was:

  Resolving FLS.Server.Service.UserService,(none)
  Resolving parameter "passwordEmailService" of constructor FLS.Server.Service.UserService(FLS.Server.Service.DataAccessService dataAccessService, FLS.Server.Data.IIdentityService identityService, FLS.Server.Service.Email.UserAccountEmailBuildService passwordEmailService)
    Resolving FLS.Server.Service.Email.UserAccountEmailBuildService,(none)
    Resolving parameter "emailSendService" of constructor FLS.Server.Service.Email.UserAccountEmailBuildService(FLS.Server.Service.DataAccessService dataAccessService, FLS.Server.Service.Email.IEmailSendService emailSendService, FLS.Server.Service.TemplateService templateService)
      Resolving FLS.Server.Service.Email.EmailSendService,(none) (mapped from FLS.Server.Service.Email.IEmailSendService, (none))
      Calling constructor FLS.Server.Service.Email.EmailSendService(FLS.Server.Service.DataAccessService dataAccessService)
, Exception: Microsoft.Practices.Unity.ResolutionFailedException: Resolution of the dependency failed, type = "FLS.Server.Service.UserService", name = "(none)".
Exception occurred while: Calling constructor FLS.Server.Service.Email.EmailSendService(FLS.Server.Service.DataAccessService dataAccessService).
Exception is: EntityException - The underlying provider failed on Open.
-----------------------------------------------
At the time of the exception, the container was:

  Resolving FLS.Server.Service.UserService,(none)
  Resolving parameter "passwordEmailService" of constructor FLS.Server.Service.UserService(FLS.Server.Service.DataAccessService dataAccessService, FLS.Server.Data.IIdentityService identityService, FLS.Server.Service.Email.UserAccountEmailBuildService passwordEmailService)
    Resolving FLS.Server.Service.Email.UserAccountEmailBuildService,(none)
    Resolving parameter "emailSendService" of constructor FLS.Server.Service.Email.UserAccountEmailBuildService(FLS.Server.Service.DataAccessService dataAccessService, FLS.Server.Service.Email.IEmailSendService emailSendService, FLS.Server.Service.TemplateService templateService)
      Resolving FLS.Server.Service.Email.EmailSendService,(none) (mapped from FLS.Server.Service.Email.IEmailSendService, (none))
      Calling constructor FLS.Server.Service.Email.EmailSendService(FLS.Server.Service.DataAccessService dataAccessService)
 ---> System.Data.Entity.Core.EntityException: The underlying provider failed on Open. ---> System.InvalidOperationException: Timeout expired.  The timeout period elapsed prior to obtaining a connection from the pool.  This may have occurred because all pooled connections were in use and max pool size was reached.
  at System.Data.ProviderBase.DbConnectionFactory.TryGetConnection (System.Data.Common.DbConnection owningConnection, System.Threading.Tasks.TaskCompletionSource`1[TResult] retry, System.Data.Common.DbConnectionOptions userOptions, System.Data.ProviderBase.DbConnectionInternal oldConnection, System.Data.ProviderBase.DbConnectionInternal& connection) [0x0024d] in <5cacff0b76ce45dfa780aae0bc1e2fd5>:0 
  at System.Data.ProviderBase.DbConnectionInternal.TryOpenConnectionInternal (System.Data.Common.DbConnection outerConnection, System.Data.ProviderBase.DbConnectionFactory connectionFactory, System.Threading.Tasks.TaskCompletionSource`1[TResult] retry, System.Data.Common.DbConnectionOptions userOptions) [0x00036] in <5cacff0b76ce45dfa780aae0bc1e2fd5>:0 
  at System.Data.ProviderBase.DbConnectionClosed.TryOpenConnection (System.Data.Common.DbConnection outerConnection, System.Data.ProviderBase.DbConnectionFactory connectionFactory, System.Threading.Tasks.TaskCompletionSource`1[TResult] retry, System.Data.Common.DbConnectionOptions userOptions) [0x00000] in <5cacff0b76ce45dfa780aae0bc1e2fd5>:0 
  at System.Data.SqlClient.SqlConnection.TryOpen (System.Threading.Tasks.TaskCompletionSource`1[TResult] retry) [0x0005d] in <5cacff0b76ce45dfa780aae0bc1e2fd5>:0 
  at System.Data.SqlClient.SqlConnection.Open () [0x0003b] in <5cacff0b76ce45dfa780aae0bc1e2fd5>:0 
  at System.Data.Entity.Infrastructure.Interception.DbConnectionDispatcher.<Open>b__36 (System.Data.Common.DbConnection t, System.Data.Entity.Infrastructure.Interception.DbConnectionInterceptionContext c) [0x00000] in <b7b192e5a05f4f14a14aa0d5b14aeeeb>:0 
  at System.Data.Entity.Infrastructure.Interception.InternalDispatcher`1[TInterceptor].Dispatch[TTarget,TInterceptionContext] (TTarget target, System.Action`2[T1,T2] operation, TInterceptionContext interceptionContext, System.Action`3[T1,T2,T3] executing, System.Action`3[T1,T2,T3] executed) [0x0000f] in <b7b192e5a05f4f14a14aa0d5b14aeeeb>:0 
  at System.Data.Entity.Infrastructure.Interception.DbConnectionDispatcher.Open (System.Data.Common.DbConnection connection, System.Data.Entity.Infrastructure.Interception.DbInterceptionContext interceptionContext) [0x00042] in <b7b192e5a05f4f14a14aa0d5b14aeeeb>:0 
  at System.Data.Entity.Core.EntityClient.EntityConnection.<Open>b__2 () [0x00016] in <b7b192e5a05f4f14a14aa0d5b14aeeeb>:0 
  at System.Data.Entity.SqlServer.DefaultSqlExecutionStrategy+<>c__DisplayClass1.<Execute>b__0 () [0x00000] in <5c51bb66ce2c412d8224b39ad2626fbe>:0 
  at System.Data.Entity.SqlServer.DefaultSqlExecutionStrategy.Execute[TResult] (System.Func`1[TResult] operation) [0x00036] in <5c51bb66ce2c412d8224b39ad2626fbe>:0 
  at System.Data.Entity.SqlServer.DefaultSqlExecutionStrategy.Execute (System.Action operation) [0x00020] in <5c51bb66ce2c412d8224b39ad2626fbe>:0 
  at System.Data.Entity.Core.EntityClient.EntityConnection.Open () [0x00082] in <b7b192e5a05f4f14a14aa0d5b14aeeeb>:0 
   --- End of inner exception stack trace ---
  at System.Data.Entity.Core.EntityClient.EntityConnection.Open () [0x000b5] in <b7b192e5a05f4f14a14aa0d5b14aeeeb>:0 
  at System.Data.Entity.Core.Objects.ObjectContext.EnsureConnection (System.Boolean shouldMonitorTransactions) [0x00038] in <b7b192e5a05f4f14a14aa0d5b14aeeeb>:0 
  at System.Data.Entity.Core.Objects.ObjectContext.ExecuteInTransaction[T] (System.Func`1[TResult] func, System.Data.Entity.Infrastructure.IDbExecutionStrategy executionStrategy, System.Boolean startLocalTransaction, System.Boolean releaseConnectionOnSuccess) [0x00000] in <b7b192e5a05f4f14a14aa0d5b14aeeeb>:0 
  at System.Data.Entity.Core.Objects.ObjectQuery`1+<>c__DisplayClass7[T].<GetResults>b__5 () [0x00033] in <b7b192e5a05f4f14a14aa0d5b14aeeeb>:0 
  at System.Data.Entity.SqlServer.DefaultSqlExecutionStrategy.Execute[TResult] (System.Func`1[TResult] operation) [0x00036] in <5c51bb66ce2c412d8224b39ad2626fbe>:0 
  at System.Data.Entity.Core.Objects.ObjectQuery`1[T].GetResults (System.Nullable`1[T] forMergeOption) [0x00093] in <b7b192e5a05f4f14a14aa0d5b14aeeeb>:0 
  at System.Data.Entity.Core.Objects.ObjectQuery`1[T].<System.Collections.Generic.IEnumerable<T>.GetEnumerator>b__0 () [0x00000] in <b7b192e5a05f4f14a14aa0d5b14aeeeb>:0 
  at System.Data.Entity.Internal.LazyEnumerator`1[T].MoveNext () [0x00008] in <b7b192e5a05f4f14a14aa0d5b14aeeeb>:0 
  at System.Linq.Enumerable.TryGetFirst[TSource] (System.Collections.Generic.IEnumerable`1[T] source, System.Boolean& found) [0x00045] in <69ada62907b24213a012734531df1db1>:0 
  at System.Linq.Enumerable.FirstOrDefault[TSource] (System.Collections.Generic.IEnumerable`1[T] source) [0x00000] in <69ada62907b24213a012734531df1db1>:0 
  at System.Data.Entity.Core.Objects.ELinq.ObjectQueryProvider.<GetElementFunction>b__1[TResult] (System.Collections.Generic.IEnumerable`1[T] sequence) [0x00000] in <b7b192e5a05f4f14a14aa0d5b14aeeeb>:0 
  at System.Data.Entity.Core.Objects.ELinq.ObjectQueryProvider.ExecuteSingle[TResult] (System.Collections.Generic.IEnumerable`1[T] query, System.Linq.Expressions.Expression queryRoot) [0x00006] in <b7b192e5a05f4f14a14aa0d5b14aeeeb>:0 
  at System.Data.Entity.Core.Objects.ELinq.ObjectQueryProvider.System.Linq.IQueryProvider.Execute[TResult] (System.Linq.Expressions.Expression expression) [0x00014] in <b7b192e5a05f4f14a14aa0d5b14aeeeb>:0 
  at System.Data.Entity.Internal.Linq.DbQueryProvider.Execute[TResult] (System.Linq.Expressions.Expression expression) [0x00022] in <b7b192e5a05f4f14a14aa0d5b14aeeeb>:0 
  at System.Linq.Queryable.FirstOrDefault[TSource] (System.Linq.IQueryable`1[T] source) [0x0002f] in <69ada62907b24213a012734531df1db1>:0 
  at FLS.Server.Service.Email.EmailSendService..ctor (FLS.Server.Service.DataAccessService dataAccessService) [0x00022] in <d94b636029de4450a2328c24a427c308>:0 
  at (wrapper dynamic-method) System.Object.lambda_method(System.Runtime.CompilerServices.Closure,Microsoft.Practices.ObjectBuilder2.IBuilderContext)
  at Microsoft.Practices.ObjectBuilder2.DynamicBuildPlanGenerationContext+<>c__DisplayClass1.<GetBuildMethod>b__0 (Microsoft.Practices.ObjectBuilder2.IBuilderContext context) [0x00000] in <ba86a34b2f2c4964b8c588538e94514f>:0 
  at Microsoft.Practices.ObjectBuilder2.DynamicMethodBuildPlan.BuildUp (Microsoft.Practices.ObjectBuilder2.IBuilderContext context) [0x00000] in <ba86a34b2f2c4964b8c588538e94514f>:0 
  at Microsoft.Practices.ObjectBuilder2.BuildPlanStrategy.PreBuildUp (Microsoft.Practices.ObjectBuilder2.IBuilderContext context) [0x00064] in <ba86a34b2f2c4964b8c588538e94514f>:0 
  at Microsoft.Practices.ObjectBuilder2.StrategyChain.ExecuteBuildUp (Microsoft.Practices.ObjectBuilder2.IBuilderContext context) [0x0007c] in <ba86a34b2f2c4964b8c588538e94514f>:0 
  at Microsoft.Practices.ObjectBuilder2.BuilderContext.NewBuildUp (Microsoft.Practices.ObjectBuilder2.NamedTypeBuildKey newBuildKey) [0x0003b] in <ba86a34b2f2c4964b8c588538e94514f>:0 
  at Microsoft.Practices.Unity.ObjectBuilder.NamedTypeDependencyResolverPolicy.Resolve (Microsoft.Practices.ObjectBuilder2.IBuilderContext context) [0x0001d] in <ba86a34b2f2c4964b8c588538e94514f>:0 
  at (wrapper dynamic-method) System.Object.lambda_method(System.Runtime.CompilerServices.Closure,Microsoft.Practices.ObjectBuilder2.IBuilderContext)
  at Microsoft.Practices.ObjectBuilder2.DynamicBuildPlanGenerationContext+<>c__DisplayClass1.<GetBuildMethod>b__0 (Microsoft.Practices.ObjectBuilder2.IBuilderContext context) [0x00000] in <ba86a34b2f2c4964b8c588538e94514f>:0 
  at Microsoft.Practices.ObjectBuilder2.DynamicMethodBuildPlan.BuildUp (Microsoft.Practices.ObjectBuilder2.IBuilderContext context) [0x00000] in <ba86a34b2f2c4964b8c588538e94514f>:0 
  at Microsoft.Practices.ObjectBuilder2.BuildPlanStrategy.PreBuildUp (Microsoft.Practices.ObjectBuilder2.IBuilderContext context) [0x00064] in <ba86a34b2f2c4964b8c588538e94514f>:0 
  at Microsoft.Practices.ObjectBuilder2.StrategyChain.ExecuteBuildUp (Microsoft.Practices.ObjectBuilder2.IBuilderContext context) [0x0007c] in <ba86a34b2f2c4964b8c588538e94514f>:0 
  at Microsoft.Practices.ObjectBuilder2.BuilderContext.NewBuildUp (Microsoft.Practices.ObjectBuilder2.NamedTypeBuildKey newBuildKey) [0x0003b] in <ba86a34b2f2c4964b8c588538e94514f>:0 
  at Microsoft.Practices.Unity.ObjectBuilder.NamedTypeDependencyResolverPolicy.Resolve (Microsoft.Practices.ObjectBuilder2.IBuilderContext context) [0x0001d] in <ba86a34b2f2c4964b8c588538e94514f>:0 
  at (wrapper dynamic-method) System.Object.lambda_method(System.Runtime.CompilerServices.Closure,Microsoft.Practices.ObjectBuilder2.IBuilderContext)
  at Microsoft.Practices.ObjectBuilder2.DynamicBuildPlanGenerationContext+<>c__DisplayClass1.<GetBuildMethod>b__0 (Microsoft.Practices.ObjectBuilder2.IBuilderContext context) [0x00000] in <ba86a34b2f2c4964b8c588538e94514f>:0 
  at Microsoft.Practices.ObjectBuilder2.DynamicMethodBuildPlan.BuildUp (Microsoft.Practices.ObjectBuilder2.IBuilderContext context) [0x00000] in <ba86a34b2f2c4964b8c588538e94514f>:0 
  at Microsoft.Practices.ObjectBuilder2.BuildPlanStrategy.PreBuildUp (Microsoft.Practices.ObjectBuilder2.IBuilderContext context) [0x00064] in <ba86a34b2f2c4964b8c588538e94514f>:0 
  at Microsoft.Practices.ObjectBuilder2.StrategyChain.ExecuteBuildUp (Microsoft.Practices.ObjectBuilder2.IBuilderContext context) [0x0007c] in <ba86a34b2f2c4964b8c588538e94514f>:0 
  at Microsoft.Practices.Unity.UnityContainer.DoBuildUp (System.Type t, System.Object existing, System.String name, System.Collections.Generic.IEnumerable`1[T] resolverOverrides) [0x00068] in <ba86a34b2f2c4964b8c588538e94514f>:0 
   --- End of inner exception stack trace ---
  at Microsoft.Practices.Unity.UnityContainer.DoBuildUp (System.Type t, System.Object existing, System.String name, System.Collections.Generic.IEnumerable`1[T] resolverOverrides) [0x0007b] in <ba86a34b2f2c4964b8c588538e94514f>:0 
  at Microsoft.Practices.Unity.UnityContainer.DoBuildUp (System.Type t, System.String name, System.Collections.Generic.IEnumerable`1[T] resolverOverrides) [0x00000] in <ba86a34b2f2c4964b8c588538e94514f>:0 
  at Microsoft.Practices.Unity.UnityContainer.Resolve (System.Type t, System.String name, Microsoft.Practices.Unity.ResolverOverride[] resolverOverrides) [0x00000] in <ba86a34b2f2c4964b8c588538e94514f>:0 
  at Microsoft.Practices.Unity.UnityContainerExtensions.Resolve (Microsoft.Practices.Unity.IUnityContainer container, System.Type t, Microsoft.Practices.Unity.ResolverOverride[] overrides) [0x0000b] in <ba86a34b2f2c4964b8c588538e94514f>:0 
  at Microsoft.Practices.Unity.WebApi.UnityDependencyResolver+SharedDependencyScope.GetService (System.Type serviceType) [0x00000] in <62b6cefcf48647ebbd3f66f90f13572b>:0 
  at FLS.Server.WebApi.ActionFilters.UserInitActionFilter.OnActionExecuting (System.Web.Http.Controllers.HttpActionContext actionContext) [0x00023] in <b7f5f327446148d7aa1b4cdb3a6e549c>:0 
  at System.Web.Http.Filters.ActionFilterAttribute.OnActionExecutingAsync (System.Web.Http.Controllers.HttpActionContext actionContext, System.Threading.CancellationToken cancellationToken) [0x00000] in <4f8d88aa02d546f6963914471854cb7c>:0 
--- End of stack trace from previous location where exception was thrown ---

  at System.Web.Http.Filters.ActionFilterAttribute.ExecuteActionFilterAsyncCore (System.Web.Http.Controllers.HttpActionContext actionContext, System.Threading.CancellationToken cancellationToken, System.Func`1[TResult] continuation) [0x00078] in <4f8d88aa02d546f6963914471854cb7c>:0 
  at System.Web.Http.Controllers.ActionFilterResult.ExecuteAsync (System.Threading.CancellationToken cancellationToken) [0x001a4] in <4f8d88aa02d546f6963914471854cb7c>:0 
  at System.Web.Http.Filters.AuthorizationFilterAttribute.ExecuteAuthorizationFilterAsyncCore (System.Web.Http.Controllers.HttpActionContext actionContext, System.Threading.CancellationToken cancellationToken, System.Func`1[TResult] continuation) [0x000f3] in <4f8d88aa02d546f6963914471854cb7c>:0 
  at System.Web.Http.Controllers.AuthenticationFilterResult.ExecuteAsync (System.Threading.CancellationToken cancellationToken) [0x00265] in <4f8d88aa02d546f6963914471854cb7c>:0 
  at System.Web.Http.Controllers.ExceptionFilterResult.ExecuteAsync (System.Threading.CancellationToken cancellationToken) [0x00087] in <4f8d88aa02d546f6963914471854cb7c>:0 , InnerException: System.Data.Entity.Core.EntityException: The underlying provider failed on Open. ---> System.InvalidOperationException: Timeout expired.  The timeout period elapsed prior to obtaining a connection from the pool.  This may have occurred because all pooled connections were in use and max pool size was reached.
  at System.Data.ProviderBase.DbConnectionFactory.TryGetConnection (System.Data.Common.DbConnection owningConnection, System.Threading.Tasks.TaskCompletionSource`1[TResult] retry, System.Data.Common.DbConnectionOptions userOptions, System.Data.ProviderBase.DbConnectionInternal oldConnection, System.Data.ProviderBase.DbConnectionInternal& connection) [0x0024d] in <5cacff0b76ce45dfa780aae0bc1e2fd5>:0 
  at System.Data.ProviderBase.DbConnectionInternal.TryOpenConnectionInternal (System.Data.Common.DbConnection outerConnection, System.Data.ProviderBase.DbConnectionFactory connectionFactory, System.Threading.Tasks.TaskCompletionSource`1[TResult] retry, System.Data.Common.DbConnectionOptions userOptions) [0x00036] in <5cacff0b76ce45dfa780aae0bc1e2fd5>:0 
  at System.Data.ProviderBase.DbConnectionClosed.TryOpenConnection (System.Data.Common.DbConnection outerConnection, System.Data.ProviderBase.DbConnectionFactory connectionFactory, System.Threading.Tasks.TaskCompletionSource`1[TResult] retry, System.Data.Common.DbConnectionOptions userOptions) [0x00000] in <5cacff0b76ce45dfa780aae0bc1e2fd5>:0 
  at System.Data.SqlClient.SqlConnection.TryOpen (System.Threading.Tasks.TaskCompletionSource`1[TResult] retry) [0x0005d] in <5cacff0b76ce45dfa780aae0bc1e2fd5>:0 
  at System.Data.SqlClient.SqlConnection.Open () [0x0003b] in <5cacff0b76ce45dfa780aae0bc1e2fd5>:0 
  at System.Data.Entity.Infrastructure.Interception.DbConnectionDispatcher.<Open>b__36 (System.Data.Common.DbConnection t, System.Data.Entity.Infrastructure.Interception.DbConnectionInterceptionContext c) [0x00000] in <b7b192e5a05f4f14a14aa0d5b14aeeeb>:0 
  at System.Data.Entity.Infrastructure.Interception.InternalDispatcher`1[TInterceptor].Dispatch[TTarget,TInterceptionContext] (TTarget target, System.Action`2[T1,T2] operation, TInterceptionContext interceptionContext, System.Action`3[T1,T2,T3] executing, System.Action`3[T1,T2,T3] executed) [0x0000f] in <b7b192e5a05f4f14a14aa0d5b14aeeeb>:0 
  at System.Data.Entity.Infrastructure.Interception.DbConnectionDispatcher.Open (System.Data.Common.DbConnection connection, System.Data.Entity.Infrastructure.Interception.DbInterceptionContext interceptionContext) [0x00042] in <b7b192e5a05f4f14a14aa0d5b14aeeeb>:0 
  at System.Data.Entity.Core.EntityClient.EntityConnection.<Open>b__2 () [0x00016] in <b7b192e5a05f4f14a14aa0d5b14aeeeb>:0 
  at System.Data.Entity.SqlServer.DefaultSqlExecutionStrategy+<>c__DisplayClass1.<Execute>b__0 () [0x00000] in <5c51bb66ce2c412d8224b39ad2626fbe>:0 
  at System.Data.Entity.SqlServer.DefaultSqlExecutionStrategy.Execute[TResult] (System.Func`1[TResult] operation) [0x00036] in <5c51bb66ce2c412d8224b39ad2626fbe>:0 
  at System.Data.Entity.SqlServer.DefaultSqlExecutionStrategy.Execute (System.Action operation) [0x00020] in <5c51bb66ce2c412d8224b39ad2626fbe>:0 
  at System.Data.Entity.Core.EntityClient.EntityConnection.Open () [0x00082] in <b7b192e5a05f4f14a14aa0d5b14aeeeb>:0 
   --- End of inner exception stack trace ---
  at System.Data.Entity.Core.EntityClient.EntityConnection.Open () [0x000b5] in <b7b192e5a05f4f14a14aa0d5b14aeeeb>:0 
  at System.Data.Entity.Core.Objects.ObjectContext.EnsureConnection (System.Boolean shouldMonitorTransactions) [0x00038] in <b7b192e5a05f4f14a14aa0d5b14aeeeb>:0 
  at System.Data.Entity.Core.Objects.ObjectContext.ExecuteInTransaction[T] (System.Func`1[TResult] func, System.Data.Entity.Infrastructure.IDbExecutionStrategy executionStrategy, System.Boolean startLocalTransaction, System.Boolean releaseConnectionOnSuccess) [0x00000] in <b7b192e5a05f4f14a14aa0d5b14aeeeb>:0 
  at System.Data.Entity.Core.Objects.ObjectQuery`1+<>c__DisplayClass7[T].<GetResults>b__5 () [0x00033] in <b7b192e5a05f4f14a14aa0d5b14aeeeb>:0 
  at System.Data.Entity.SqlServer.DefaultSqlExecutionStrategy.Execute[TResult] (System.Func`1[TResult] operation) [0x00036] in <5c51bb66ce2c412d8224b39ad2626fbe>:0 
  at System.Data.Entity.Core.Objects.ObjectQuery`1[T].GetResults (System.Nullable`1[T] forMergeOption) [0x00093] in <b7b192e5a05f4f14a14aa0d5b14aeeeb>:0 
  at System.Data.Entity.Core.Objects.ObjectQuery`1[T].<System.Collections.Generic.IEnumerable<T>.GetEnumerator>b__0 () [0x00000] in <b7b192e5a05f4f14a14aa0d5b14aeeeb>:0 
  at System.Data.Entity.Internal.LazyEnumerator`1[T].MoveNext () [0x00008] in <b7b192e5a05f4f14a14aa0d5b14aeeeb>:0 
  at System.Linq.Enumerable.TryGetFirst[TSource] (System.Collections.Generic.IEnumerable`1[T] source, System.Boolean& found) [0x00045] in <69ada62907b24213a012734531df1db1>:0 
  at System.Linq.Enumerable.FirstOrDefault[TSource] (System.Collections.Generic.IEnumerable`1[T] source) [0x00000] in <69ada62907b24213a012734531df1db1>:0 
  at System.Data.Entity.Core.Objects.ELinq.ObjectQueryProvider.<GetElementFunction>b__1[TResult] (System.Collections.Generic.IEnumerable`1[T] sequence) [0x00000] in <b7b192e5a05f4f14a14aa0d5b14aeeeb>:0 
  at System.Data.Entity.Core.Objects.ELinq.ObjectQueryProvider.ExecuteSingle[TResult] (System.Collections.Generic.IEnumerable`1[T] query, System.Linq.Expressions.Expression queryRoot) [0x00006] in <b7b192e5a05f4f14a14aa0d5b14aeeeb>:0 
  at System.Data.Entity.Core.Objects.ELinq.ObjectQueryProvider.System.Linq.IQueryProvider.Execute[TResult] (System.Linq.Expressions.Expression expression) [0x00014] in <b7b192e5a05f4f14a14aa0d5b14aeeeb>:0 
  at System.Data.Entity.Internal.Linq.DbQueryProvider.Execute[TResult] (System.Linq.Expressions.Expression expression) [0x00022] in <b7b192e5a05f4f14a14aa0d5b14aeeeb>:0 
  at System.Linq.Queryable.FirstOrDefault[TSource] (System.Linq.IQueryable`1[T] source) [0x0002f] in <69ada62907b24213a012734531df1db1>:0 
  at FLS.Server.Service.Email.EmailSendService..ctor (FLS.Server.Service.DataAccessService dataAccessService) [0x00022] in <d94b636029de4450a2328c24a427c308>:0 
  at (wrapper dynamic-method) System.Object.lambda_method(System.Runtime.CompilerServices.Closure,Microsoft.Practices.ObjectBuilder2.IBuilderContext)
  at Microsoft.Practices.ObjectBuilder2.DynamicBuildPlanGenerationContext+<>c__DisplayClass1.<GetBuildMethod>b__0 (Microsoft.Practices.ObjectBuilder2.IBuilderContext context) [0x00000] in <ba86a34b2f2c4964b8c588538e94514f>:0 
  at Microsoft.Practices.ObjectBuilder2.DynamicMethodBuildPlan.BuildUp (Microsoft.Practices.ObjectBuilder2.IBuilderContext context) [0x00000] in <ba86a34b2f2c4964b8c588538e94514f>:0 
  at Microsoft.Practices.ObjectBuilder2.BuildPlanStrategy.PreBuildUp (Microsoft.Practices.ObjectBuilder2.IBuilderContext context) [0x00064] in <ba86a34b2f2c4964b8c588538e94514f>:0 
  at Microsoft.Practices.ObjectBuilder2.StrategyChain.ExecuteBuildUp (Microsoft.Practices.ObjectBuilder2.IBuilderContext context) [0x0007c] in <ba86a34b2f2c4964b8c588538e94514f>:0 
  at Microsoft.Practices.ObjectBuilder2.BuilderContext.NewBuildUp (Microsoft.Practices.ObjectBuilder2.NamedTypeBuildKey newBuildKey) [0x0003b] in <ba86a34b2f2c4964b8c588538e94514f>:0 
  at Microsoft.Practices.Unity.ObjectBuilder.NamedTypeDependencyResolverPolicy.Resolve (Microsoft.Practices.ObjectBuilder2.IBuilderContext context) [0x0001d] in <ba86a34b2f2c4964b8c588538e94514f>:0 
  at (wrapper dynamic-method) System.Object.lambda_method(System.Runtime.CompilerServices.Closure,Microsoft.Practices.ObjectBuilder2.IBuilderContext)
  at Microsoft.Practices.ObjectBuilder2.DynamicBuildPlanGenerationContext+<>c__DisplayClass1.<GetBuildMethod>b__0 (Microsoft.Practices.ObjectBuilder2.IBuilderContext context) [0x00000] in <ba86a34b2f2c4964b8c588538e94514f>:0 
  at Microsoft.Practices.ObjectBuilder2.DynamicMethodBuildPlan.BuildUp (Microsoft.Practices.ObjectBuilder2.IBuilderContext context) [0x00000] in <ba86a34b2f2c4964b8c588538e94514f>:0 
  at Microsoft.Practices.ObjectBuilder2.BuildPlanStrategy.PreBuildUp (Microsoft.Practices.ObjectBuilder2.IBuilderContext context) [0x00064] in <ba86a34b2f2c4964b8c588538e94514f>:0 
  at Microsoft.Practices.ObjectBuilder2.StrategyChain.ExecuteBuildUp (Microsoft.Practices.ObjectBuilder2.IBuilderContext context) [0x0007c] in <ba86a34b2f2c4964b8c588538e94514f>:0 
  at Microsoft.Practices.ObjectBuilder2.BuilderContext.NewBuildUp (Microsoft.Practices.ObjectBuilder2.NamedTypeBuildKey newBuildKey) [0x0003b] in <ba86a34b2f2c4964b8c588538e94514f>:0 
  at Microsoft.Practices.Unity.ObjectBuilder.NamedTypeDependencyResolverPolicy.Resolve (Microsoft.Practices.ObjectBuilder2.IBuilderContext context) [0x0001d] in <ba86a34b2f2c4964b8c588538e94514f>:0 
  at (wrapper dynamic-method) System.Object.lambda_method(System.Runtime.CompilerServices.Closure,Microsoft.Practices.ObjectBuilder2.IBuilderContext)
  at Microsoft.Practices.ObjectBuilder2.DynamicBuildPlanGenerationContext+<>c__DisplayClass1.<GetBuildMethod>b__0 (Microsoft.Practices.ObjectBuilder2.IBuilderContext context) [0x00000] in <ba86a34b2f2c4964b8c588538e94514f>:0 
  at Microsoft.Practices.ObjectBuilder2.DynamicMethodBuildPlan.BuildUp (Microsoft.Practices.ObjectBuilder2.IBuilderContext context) [0x00000] in <ba86a34b2f2c4964b8c588538e94514f>:0 
  at Microsoft.Practices.ObjectBuilder2.BuildPlanStrategy.PreBuildUp (Microsoft.Practices.ObjectBuilder2.IBuilderContext context) [0x00064] in <ba86a34b2f2c4964b8c588538e94514f>:0 
  at Microsoft.Practices.ObjectBuilder2.StrategyChain.ExecuteBuildUp (Microsoft.Practices.ObjectBuilder2.IBuilderContext context) [0x0007c] in <ba86a34b2f2c4964b8c588538e94514f>:0 
  at Microsoft.Practices.Unity.UnityContainer.DoBuildUp (System.Type t, System.Object existing, System.String name, System.Collections.Generic.IEnumerable`1[T] resolverOverrides) [0x00068] in <ba86a34b2f2c4964b8c588538e94514f>:0 
2026-05-25 05:40:10.2617 FLS.Server.WebApi.ActionFilters.UnhandledExceptionFilterAttribute HttpStatusCode: InternalServerError with error message: Resolution of the dependency failed, type = "FLS.Server.Service.UserService", name = "(none)".
Exception occurred while: Calling constructor FLS.Server.Service.Email.EmailSendService(FLS.Server.Service.DataAccessService dataAccessService).
Exception is: EntityException - The underlying provider failed on Open.
-----------------------------------------------
At the time of the exception, the container was:

  Resolving FLS.Server.Service.UserService,(none)
  Resolving parameter "passwordEmailService" of constructor FLS.Server.Service.UserService(FLS.Server.Service.DataAccessService dataAccessService, FLS.Server.Data.IIdentityService identityService, FLS.Server.Service.Email.UserAccountEmailBuildService passwordEmailService)
    Resolving FLS.Server.Service.Email.UserAccountEmailBuildService,(none)
    Resolving parameter "emailSendService" of constructor FLS.Server.Service.Email.UserAccountEmailBuildService(FLS.Server.Service.DataAccessService dataAccessService, FLS.Server.Service.Email.IEmailSendService emailSendService, FLS.Server.Service.TemplateService templateService)
      Resolving FLS.Server.Service.Email.EmailSendService,(none) (mapped from FLS.Server.Service.Email.IEmailSendService, (none))
      Calling constructor FLS.Server.Service.Email.EmailSendService(FLS.Server.Service.DataAccessService dataAccessService)
, Exception: Microsoft.Practices.Unity.ResolutionFailedException: Resolution of the dependency failed, type = "FLS.Server.Service.UserService", name = "(none)".
Exception occurred while: Calling constructor FLS.Server.Service.Email.EmailSendService(FLS.Server.Service.DataAccessService dataAccessService).
Exception is: EntityException - The underlying provider failed on Open.
-----------------------------------------------
At the time of the exception, the container was:

  Resolving FLS.Server.Service.UserService,(none)
  Resolving parameter "passwordEmailService" of constructor FLS.Server.Service.UserService(FLS.Server.Service.DataAccessService dataAccessService, FLS.Server.Data.IIdentityService identityService, FLS.Server.Service.Email.UserAccountEmailBuildService passwordEmailService)
    Resolving FLS.Server.Service.Email.UserAccountEmailBuildService,(none)
    Resolving parameter "emailSendService" of constructor FLS.Server.Service.Email.UserAccountEmailBuildService(FLS.Server.Service.DataAccessService dataAccessService, FLS.Server.Service.Email.IEmailSendService emailSendService, FLS.Server.Service.TemplateService templateService)
      Resolving FLS.Server.Service.Email.EmailSendService,(none) (mapped from FLS.Server.Service.Email.IEmailSendService, (none))
      Calling constructor FLS.Server.Service.Email.EmailSendService(FLS.Server.Service.DataAccessService dataAccessService)
 ---> System.Data.Entity.Core.EntityException: The underlying provider failed on Open. ---> System.InvalidOperationException: Timeout expired.  The timeout period elapsed prior to obtaining a connection from the pool.  This may have occurred because all pooled connections were in use and max pool size was reached.
  at System.Data.ProviderBase.DbConnectionFactory.TryGetConnection (System.Data.Common.DbConnection owningConnection, System.Threading.Tasks.TaskCompletionSource`1[TResult] retry, System.Data.Common.DbConnectionOptions userOptions, System.Data.ProviderBase.DbConnectionInternal oldConnection, System.Data.ProviderBase.DbConnectionInternal& connection) [0x0024d] in <5cacff0b76ce45dfa780aae0bc1e2fd5>:0 
  at System.Data.ProviderBase.DbConnectionInternal.TryOpenConnectionInternal (System.Data.Common.DbConnection outerConnection, System.Data.ProviderBase.DbConnectionFactory connectionFactory, System.Threading.Tasks.TaskCompletionSource`1[TResult] retry, System.Data.Common.DbConnectionOptions userOptions) [0x00036] in <5cacff0b76ce45dfa780aae0bc1e2fd5>:0 
  at System.Data.ProviderBase.DbConnectionClosed.TryOpenConnection (System.Data.Common.DbConnection outerConnection, System.Data.ProviderBase.DbConnectionFactory connectionFactory, System.Threading.Tasks.TaskCompletionSource`1[TResult] retry, System.Data.Common.DbConnectionOptions userOptions) [0x00000] in <5cacff0b76ce45dfa780aae0bc1e2fd5>:0 
  at System.Data.SqlClient.SqlConnection.TryOpen (System.Threading.Tasks.TaskCompletionSource`1[TResult] retry) [0x0005d] in <5cacff0b76ce45dfa780aae0bc1e2fd5>:0 
  at System.Data.SqlClient.SqlConnection.Open () [0x0003b] in <5cacff0b76ce45dfa780aae0bc1e2fd5>:0 
  at System.Data.Entity.Infrastructure.Interception.DbConnectionDispatcher.<Open>b__36 (System.Data.Common.DbConnection t, System.Data.Entity.Infrastructure.Interception.DbConnectionInterceptionContext c) [0x00000] in <b7b192e5a05f4f14a14aa0d5b14aeeeb>:0 
  at System.Data.Entity.Infrastructure.Interception.InternalDispatcher`1[TInterceptor].Dispatch[TTarget,TInterceptionContext] (TTarget target, System.Action`2[T1,T2] operation, TInterceptionContext interceptionContext, System.Action`3[T1,T2,T3] executing, System.Action`3[T1,T2,T3] executed) [0x0000f] in <b7b192e5a05f4f14a14aa0d5b14aeeeb>:0 
  at System.Data.Entity.Infrastructure.Interception.DbConnectionDispatcher.Open (System.Data.Common.DbConnection connection, System.Data.Entity.Infrastructure.Interception.DbInterceptionContext interceptionContext) [0x00042] in <b7b192e5a05f4f14a14aa0d5b14aeeeb>:0 
  at System.Data.Entity.Core.EntityClient.EntityConnection.<Open>b__2 () [0x00016] in <b7b192e5a05f4f14a14aa0d5b14aeeeb>:0 
  at System.Data.Entity.SqlServer.DefaultSqlExecutionStrategy+<>c__DisplayClass1.<Execute>b__0 () [0x00000] in <5c51bb66ce2c412d8224b39ad2626fbe>:0 
  at System.Data.Entity.SqlServer.DefaultSqlExecutionStrategy.Execute[TResult] (System.Func`1[TResult] operation) [0x00036] in <5c51bb66ce2c412d8224b39ad2626fbe>:0 
  at System.Data.Entity.SqlServer.DefaultSqlExecutionStrategy.Execute (System.Action operation) [0x00020] in <5c51bb66ce2c412d8224b39ad2626fbe>:0 
  at System.Data.Entity.Core.EntityClient.EntityConnection.Open () [0x00082] in <b7b192e5a05f4f14a14aa0d5b14aeeeb>:0 
   --- End of inner exception stack trace ---
  at System.Data.Entity.Core.EntityClient.EntityConnection.Open () [0x000b5] in <b7b192e5a05f4f14a14aa0d5b14aeeeb>:0 
  at System.Data.Entity.Core.Objects.ObjectContext.EnsureConnection (System.Boolean shouldMonitorTransactions) [0x00038] in <b7b192e5a05f4f14a14aa0d5b14aeeeb>:0 
  at System.Data.Entity.Core.Objects.ObjectContext.ExecuteInTransaction[T] (System.Func`1[TResult] func, System.Data.Entity.Infrastructure.IDbExecutionStrategy executionStrategy, System.Boolean startLocalTransaction, System.Boolean releaseConnectionOnSuccess) [0x00000] in <b7b192e5a05f4f14a14aa0d5b14aeeeb>:0 
  at System.Data.Entity.Core.Objects.ObjectQuery`1+<>c__DisplayClass7[T].<GetResults>b__5 () [0x00033] in <b7b192e5a05f4f14a14aa0d5b14aeeeb>:0 
  at System.Data.Entity.SqlServer.DefaultSqlExecutionStrategy.Execute[TResult] (System.Func`1[TResult] operation) [0x00036] in <5c51bb66ce2c412d8224b39ad2626fbe>:0 
  at System.Data.Entity.Core.Objects.ObjectQuery`1[T].GetResults (System.Nullable`1[T] forMergeOption) [0x00093] in <b7b192e5a05f4f14a14aa0d5b14aeeeb>:0 
  at System.Data.Entity.Core.Objects.ObjectQuery`1[T].<System.Collections.Generic.IEnumerable<T>.GetEnumerator>b__0 () [0x00000] in <b7b192e5a05f4f14a14aa0d5b14aeeeb>:0 
  at System.Data.Entity.Internal.LazyEnumerator`1[T].MoveNext () [0x00008] in <b7b192e5a05f4f14a14aa0d5b14aeeeb>:0 
  at System.Linq.Enumerable.TryGetFirst[TSource] (System.Collections.Generic.IEnumerable`1[T] source, System.Boolean& found) [0x00045] in <69ada62907b24213a012734531df1db1>:0 
  at System.Linq.Enumerable.FirstOrDefault[TSource] (System.Collections.Generic.IEnumerable`1[T] source) [0x00000] in <69ada62907b24213a012734531df1db1>:0 
  at System.Data.Entity.Core.Objects.ELinq.ObjectQueryProvider.<GetElementFunction>b__1[TResult] (System.Collections.Generic.IEnumerable`1[T] sequence) [0x00000] in <b7b192e5a05f4f14a14aa0d5b14aeeeb>:0 
  at System.Data.Entity.Core.Objects.ELinq.ObjectQueryProvider.ExecuteSingle[TResult] (System.Collections.Generic.IEnumerable`1[T] query, System.Linq.Expressions.Expression queryRoot) [0x00006] in <b7b192e5a05f4f14a14aa0d5b14aeeeb>:0 
  at System.Data.Entity.Core.Objects.ELinq.ObjectQueryProvider.System.Linq.IQueryProvider.Execute[TResult] (System.Linq.Expressions.Expression expression) [0x00014] in <b7b192e5a05f4f14a14aa0d5b14aeeeb>:0 
  at System.Data.Entity.Internal.Linq.DbQueryProvider.Execute[TResult] (System.Linq.Expressions.Expression expression) [0x00022] in <b7b192e5a05f4f14a14aa0d5b14aeeeb>:0 
  at System.Linq.Queryable.FirstOrDefault[TSource] (System.Linq.IQueryable`1[T] source) [0x0002f] in <69ada62907b24213a012734531df1db1>:0 
  at FLS.Server.Service.Email.EmailSendService..ctor (FLS.Server.Service.DataAccessService dataAccessService) [0x00022] in <d94b636029de4450a2328c24a427c308>:0 
  at (wrapper dynamic-method) System.Object.lambda_method(System.Runtime.CompilerServices.Closure,Microsoft.Practices.ObjectBuilder2.IBuilderContext)
  at Microsoft.Practices.ObjectBuilder2.DynamicBuildPlanGenerationContext+<>c__DisplayClass1.<GetBuildMethod>b__0 (Microsoft.Practices.ObjectBuilder2.IBuilderContext context) [0x00000] in <ba86a34b2f2c4964b8c588538e94514f>:0 
  at Microsoft.Practices.ObjectBuilder2.DynamicMethodBuildPlan.BuildUp (Microsoft.Practices.ObjectBuilder2.IBuilderContext context) [0x00000] in <ba86a34b2f2c4964b8c588538e94514f>:0 
  at Microsoft.Practices.ObjectBuilder2.BuildPlanStrategy.PreBuildUp (Microsoft.Practices.ObjectBuilder2.IBuilderContext context) [0x00064] in <ba86a34b2f2c4964b8c588538e94514f>:0 
  at Microsoft.Practices.ObjectBuilder2.StrategyChain.ExecuteBuildUp (Microsoft.Practices.ObjectBuilder2.IBuilderContext context) [0x0007c] in <ba86a34b2f2c4964b8c588538e94514f>:0 
  at Microsoft.Practices.ObjectBuilder2.BuilderContext.NewBuildUp (Microsoft.Practices.ObjectBuilder2.NamedTypeBuildKey newBuildKey) [0x0003b] in <ba86a34b2f2c4964b8c588538e94514f>:0 
  at Microsoft.Practices.Unity.ObjectBuilder.NamedTypeDependencyResolverPolicy.Resolve (Microsoft.Practices.ObjectBuilder2.IBuilderContext context) [0x0001d] in <ba86a34b2f2c4964b8c588538e94514f>:0 
  at (wrapper dynamic-method) System.Object.lambda_method(System.Runtime.CompilerServices.Closure,Microsoft.Practices.ObjectBuilder2.IBuilderContext)
  at Microsoft.Practices.ObjectBuilder2.DynamicBuildPlanGenerationContext+<>c__DisplayClass1.<GetBuildMethod>b__0 (Microsoft.Practices.ObjectBuilder2.IBuilderContext context) [0x00000] in <ba86a34b2f2c4964b8c588538e94514f>:0 
  at Microsoft.Practices.ObjectBuilder2.DynamicMethodBuildPlan.BuildUp (Microsoft.Practices.ObjectBuilder2.IBuilderContext context) [0x00000] in <ba86a34b2f2c4964b8c588538e94514f>:0 
  at Microsoft.Practices.ObjectBuilder2.BuildPlanStrategy.PreBuildUp (Microsoft.Practices.ObjectBuilder2.IBuilderContext context) [0x00064] in <ba86a34b2f2c4964b8c588538e94514f>:0 
  at Microsoft.Practices.ObjectBuilder2.StrategyChain.ExecuteBuildUp (Microsoft.Practices.ObjectBuilder2.IBuilderContext context) [0x0007c] in <ba86a34b2f2c4964b8c588538e94514f>:0 
  at Microsoft.Practices.ObjectBuilder2.BuilderContext.NewBuildUp (Microsoft.Practices.ObjectBuilder2.NamedTypeBuildKey newBuildKey) [0x0003b] in <ba86a34b2f2c4964b8c588538e94514f>:0 
  at Microsoft.Practices.Unity.ObjectBuilder.NamedTypeDependencyResolverPolicy.Resolve (Microsoft.Practices.ObjectBuilder2.IBuilderContext context) [0x0001d] in <ba86a34b2f2c4964b8c588538e94514f>:0 
  at (wrapper dynamic-method) System.Object.lambda_method(System.Runtime.CompilerServices.Closure,Microsoft.Practices.ObjectBuilder2.IBuilderContext)
  at Microsoft.Practices.ObjectBuilder2.DynamicBuildPlanGenerationContext+<>c__DisplayClass1.<GetBuildMethod>b__0 (Microsoft.Practices.ObjectBuilder2.IBuilderContext context) [0x00000] in <ba86a34b2f2c4964b8c588538e94514f>:0 
  at Microsoft.Practices.ObjectBuilder2.DynamicMethodBuildPlan.BuildUp (Microsoft.Practices.ObjectBuilder2.IBuilderContext context) [0x00000] in <ba86a34b2f2c4964b8c588538e94514f>:0 
  at Microsoft.Practices.ObjectBuilder2.BuildPlanStrategy.PreBuildUp (Microsoft.Practices.ObjectBuilder2.IBuilderContext context) [0x00064] in <ba86a34b2f2c4964b8c588538e94514f>:0 
  at Microsoft.Practices.ObjectBuilder2.StrategyChain.ExecuteBuildUp (Microsoft.Practices.ObjectBuilder2.IBuilderContext context) [0x0007c] in <ba86a34b2f2c4964b8c588538e94514f>:0 
  at Microsoft.Practices.Unity.UnityContainer.DoBuildUp (System.Type t, System.Object existing, System.String name, System.Collections.Generic.IEnumerable`1[T] resolverOverrides) [0x00068] in <ba86a34b2f2c4964b8c588538e94514f>:0 
   --- End of inner exception stack trace ---
  at Microsoft.Practices.Unity.UnityContainer.DoBuildUp (System.Type t, System.Object existing, System.String name, System.Collections.Generic.IEnumerable`1[T] resolverOverrides) [0x0007b] in <ba86a34b2f2c4964b8c588538e94514f>:0 
  at Microsoft.Practices.Unity.UnityContainer.DoBuildUp (System.Type t, System.String name, System.Collections.Generic.IEnumerable`1[T] resolverOverrides) [0x00000] in <ba86a34b2f2c4964b8c588538e94514f>:0 
  at Microsoft.Practices.Unity.UnityContainer.Resolve (System.Type t, System.String name, Microsoft.Practices.Unity.ResolverOverride[] resolverOverrides) [0x00000] in <ba86a34b2f2c4964b8c588538e94514f>:0 
  at Microsoft.Practices.Unity.UnityContainerExtensions.Resolve (Microsoft.Practices.Unity.IUnityContainer container, System.Type t, Microsoft.Practices.Unity.ResolverOverride[] overrides) [0x0000b] in <ba86a34b2f2c4964b8c588538e94514f>:0 
  at Microsoft.Practices.Unity.WebApi.UnityDependencyResolver+SharedDependencyScope.GetService (System.Type serviceType) [0x00000] in <62b6cefcf48647ebbd3f66f90f13572b>:0 
  at FLS.Server.WebApi.ActionFilters.UserInitActionFilter.OnActionExecuting (System.Web.Http.Controllers.HttpActionContext actionContext) [0x00023] in <b7f5f327446148d7aa1b4cdb3a6e549c>:0 
  at System.Web.Http.Filters.ActionFilterAttribute.OnActionExecutingAsync (System.Web.Http.Controllers.HttpActionContext actionContext, System.Threading.CancellationToken cancellationToken) [0x00000] in <4f8d88aa02d546f6963914471854cb7c>:0 
--- End of stack trace from previous location where exception was thrown ---

  at System.Web.Http.Filters.ActionFilterAttribute.ExecuteActionFilterAsyncCore (System.Web.Http.Controllers.HttpActionContext actionContext, System.Threading.CancellationToken cancellationToken, System.Func`1[TResult] continuation) [0x00078] in <4f8d88aa02d546f6963914471854cb7c>:0 
  at System.Web.Http.Controllers.ActionFilterResult.ExecuteAsync (System.Threading.CancellationToken cancellationToken) [0x001a4] in <4f8d88aa02d546f6963914471854cb7c>:0 
  at System.Web.Http.Filters.AuthorizationFilterAttribute.ExecuteAuthorizationFilterAsyncCore (System.Web.Http.Controllers.HttpActionContext actionContext, System.Threading.CancellationToken cancellationToken, System.Func`1[TResult] continuation) [0x000f3] in <4f8d88aa02d546f6963914471854cb7c>:0 
  at System.Web.Http.Controllers.AuthenticationFilterResult.ExecuteAsync (System.Threading.CancellationToken cancellationToken) [0x00265] in <4f8d88aa02d546f6963914471854cb7c>:0 
  at System.Web.Http.Controllers.ExceptionFilterResult.ExecuteAsync (System.Threading.CancellationToken cancellationToken) [0x00087] in <4f8d88aa02d546f6963914471854cb7c>:0 , InnerException: System.Data.Entity.Core.EntityException: The underlying provider failed on Open. ---> System.InvalidOperationException: Timeout expired.  The timeout period elapsed prior to obtaining a connection from the pool.  This may have occurred because all pooled connections were in use and max pool size was reached.
  at System.Data.ProviderBase.DbConnectionFactory.TryGetConnection (System.Data.Common.DbConnection owningConnection, System.Threading.Tasks.TaskCompletionSource`1[TResult] retry, System.Data.Common.DbConnectionOptions userOptions, System.Data.ProviderBase.DbConnectionInternal oldConnection, System.Data.ProviderBase.DbConnectionInternal& connection) [0x0024d] in <5cacff0b76ce45dfa780aae0bc1e2fd5>:0 
  at System.Data.ProviderBase.DbConnectionInternal.TryOpenConnectionInternal (System.Data.Common.DbConnection outerConnection, System.Data.ProviderBase.DbConnectionFactory connectionFactory, System.Threading.Tasks.TaskCompletionSource`1[TResult] retry, System.Data.Common.DbConnectionOptions userOptions) [0x00036] in <5cacff0b76ce45dfa780aae0bc1e2fd5>:0 
  at System.Data.ProviderBase.DbConnectionClosed.TryOpenConnection (System.Data.Common.DbConnection outerConnection, System.Data.ProviderBase.DbConnectionFactory connectionFactory, System.Threading.Tasks.TaskCompletionSource`1[TResult] retry, System.Data.Common.DbConnectionOptions userOptions) [0x00000] in <5cacff0b76ce45dfa780aae0bc1e2fd5>:0 
  at System.Data.SqlClient.SqlConnection.TryOpen (System.Threading.Tasks.TaskCompletionSource`1[TResult] retry) [0x0005d] in <5cacff0b76ce45dfa780aae0bc1e2fd5>:0 
  at System.Data.SqlClient.SqlConnection.Open () [0x0003b] in <5cacff0b76ce45dfa780aae0bc1e2fd5>:0 
  at System.Data.Entity.Infrastructure.Interception.DbConnectionDispatcher.<Open>b__36 (System.Data.Common.DbConnection t, System.Data.Entity.Infrastructure.Interception.DbConnectionInterceptionContext c) [0x00000] in <b7b192e5a05f4f14a14aa0d5b14aeeeb>:0 
  at System.Data.Entity.Infrastructure.Interception.InternalDispatcher`1[TInterceptor].Dispatch[TTarget,TInterceptionContext] (TTarget target, System.Action`2[T1,T2] operation, TInterceptionContext interceptionContext, System.Action`3[T1,T2,T3] executing, System.Action`3[T1,T2,T3] executed) [0x0000f] in <b7b192e5a05f4f14a14aa0d5b14aeeeb>:0 
  at System.Data.Entity.Infrastructure.Interception.DbConnectionDispatcher.Open (System.Data.Common.DbConnection connection, System.Data.Entity.Infrastructure.Interception.DbInterceptionContext interceptionContext) [0x00042] in <b7b192e5a05f4f14a14aa0d5b14aeeeb>:0 
  at System.Data.Entity.Core.EntityClient.EntityConnection.<Open>b__2 () [0x00016] in <b7b192e5a05f4f14a14aa0d5b14aeeeb>:0 
  at System.Data.Entity.SqlServer.DefaultSqlExecutionStrategy+<>c__DisplayClass1.<Execute>b__0 () [0x00000] in <5c51bb66ce2c412d8224b39ad2626fbe>:0 
  at System.Data.Entity.SqlServer.DefaultSqlExecutionStrategy.Execute[TResult] (System.Func`1[TResult] operation) [0x00036] in <5c51bb66ce2c412d8224b39ad2626fbe>:0 
  at System.Data.Entity.SqlServer.DefaultSqlExecutionStrategy.Execute (System.Action operation) [0x00020] in <5c51bb66ce2c412d8224b39ad2626fbe>:0 
  at System.Data.Entity.Core.EntityClient.EntityConnection.Open () [0x00082] in <b7b192e5a05f4f14a14aa0d5b14aeeeb>:0 
   --- End of inner exception stack trace ---
  at System.Data.Entity.Core.EntityClient.EntityConnection.Open () [0x000b5] in <b7b192e5a05f4f14a14aa0d5b14aeeeb>:0 
  at System.Data.Entity.Core.Objects.ObjectContext.EnsureConnection (System.Boolean shouldMonitorTransactions) [0x00038] in <b7b192e5a05f4f14a14aa0d5b14aeeeb>:0 
  at System.Data.Entity.Core.Objects.ObjectContext.ExecuteInTransaction[T] (System.Func`1[TResult] func, System.Data.Entity.Infrastructure.IDbExecutionStrategy executionStrategy, System.Boolean startLocalTransaction, System.Boolean releaseConnectionOnSuccess) [0x00000] in <b7b192e5a05f4f14a14aa0d5b14aeeeb>:0 
  at System.Data.Entity.Core.Objects.ObjectQuery`1+<>c__DisplayClass7[T].<GetResults>b__5 () [0x00033] in <b7b192e5a05f4f14a14aa0d5b14aeeeb>:0 
  at System.Data.Entity.SqlServer.DefaultSqlExecutionStrategy.Execute[TResult] (System.Func`1[TResult] operation) [0x00036] in <5c51bb66ce2c412d8224b39ad2626fbe>:0 
  at System.Data.Entity.Core.Objects.ObjectQuery`1[T].GetResults (System.Nullable`1[T] forMergeOption) [0x00093] in <b7b192e5a05f4f14a14aa0d5b14aeeeb>:0 
  at System.Data.Entity.Core.Objects.ObjectQuery`1[T].<System.Collections.Generic.IEnumerable<T>.GetEnumerator>b__0 () [0x00000] in <b7b192e5a05f4f14a14aa0d5b14aeeeb>:0 
  at System.Data.Entity.Internal.LazyEnumerator`1[T].MoveNext () [0x00008] in <b7b192e5a05f4f14a14aa0d5b14aeeeb>:0 
  at System.Linq.Enumerable.TryGetFirst[TSource] (System.Collections.Generic.IEnumerable`1[T] source, System.Boolean& found) [0x00045] in <69ada62907b24213a012734531df1db1>:0 
  at System.Linq.Enumerable.FirstOrDefault[TSource] (System.Collections.Generic.IEnumerable`1[T] source) [0x00000] in <69ada62907b24213a012734531df1db1>:0 
  at System.Data.Entity.Core.Objects.ELinq.ObjectQueryProvider.<GetElementFunction>b__1[TResult] (System.Collections.Generic.IEnumerable`1[T] sequence) [0x00000] in <b7b192e5a05f4f14a14aa0d5b14aeeeb>:0 
  at System.Data.Entity.Core.Objects.ELinq.ObjectQueryProvider.ExecuteSingle[TResult] (System.Collections.Generic.IEnumerable`1[T] query, System.Linq.Expressions.Expression queryRoot) [0x00006] in <b7b192e5a05f4f14a14aa0d5b14aeeeb>:0 
  at System.Data.Entity.Core.Objects.ELinq.ObjectQueryProvider.System.Linq.IQueryProvider.Execute[TResult] (System.Linq.Expressions.Expression expression) [0x00014] in <b7b192e5a05f4f14a14aa0d5b14aeeeb>:0 
  at System.Data.Entity.Internal.Linq.DbQueryProvider.Execute[TResult] (System.Linq.Expressions.Expression expression) [0x00022] in <b7b192e5a05f4f14a14aa0d5b14aeeeb>:0 
  at System.Linq.Queryable.FirstOrDefault[TSource] (System.Linq.IQueryable`1[T] source) [0x0002f] in <69ada62907b24213a012734531df1db1>:0 
  at FLS.Server.Service.Email.EmailSendService..ctor (FLS.Server.Service.DataAccessService dataAccessService) [0x00022] in <d94b636029de4450a2328c24a427c308>:0 
  at (wrapper dynamic-method) System.Object.lambda_method(System.Runtime.CompilerServices.Closure,Microsoft.Practices.ObjectBuilder2.IBuilderContext)
  at Microsoft.Practices.ObjectBuilder2.DynamicBuildPlanGenerationContext+<>c__DisplayClass1.<GetBuildMethod>b__0 (Microsoft.Practices.ObjectBuilder2.IBuilderContext context) [0x00000] in <ba86a34b2f2c4964b8c588538e94514f>:0 
  at Microsoft.Practices.ObjectBuilder2.DynamicMethodBuildPlan.BuildUp (Microsoft.Practices.ObjectBuilder2.IBuilderContext context) [0x00000] in <ba86a34b2f2c4964b8c588538e94514f>:0 
  at Microsoft.Practices.ObjectBuilder2.BuildPlanStrategy.PreBuildUp (Microsoft.Practices.ObjectBuilder2.IBuilderContext context) [0x00064] in <ba86a34b2f2c4964b8c588538e94514f>:0 
  at Microsoft.Practices.ObjectBuilder2.StrategyChain.ExecuteBuildUp (Microsoft.Practices.ObjectBuilder2.IBuilderContext context) [0x0007c] in <ba86a34b2f2c4964b8c588538e94514f>:0 
  at Microsoft.Practices.ObjectBuilder2.BuilderContext.NewBuildUp (Microsoft.Practices.ObjectBuilder2.NamedTypeBuildKey newBuildKey) [0x0003b] in <ba86a34b2f2c4964b8c588538e94514f>:0 
  at Microsoft.Practices.Unity.ObjectBuilder.NamedTypeDependencyResolverPolicy.Resolve (Microsoft.Practices.ObjectBuilder2.IBuilderContext context) [0x0001d] in <ba86a34b2f2c4964b8c588538e94514f>:0 
  at (wrapper dynamic-method) System.Object.lambda_method(System.Runtime.CompilerServices.Closure,Microsoft.Practices.ObjectBuilder2.IBuilderContext)
  at Microsoft.Practices.ObjectBuilder2.DynamicBuildPlanGenerationContext+<>c__DisplayClass1.<GetBuildMethod>b__0 (Microsoft.Practices.ObjectBuilder2.IBuilderContext context) [0x00000] in <ba86a34b2f2c4964b8c588538e94514f>:0 
  at Microsoft.Practices.ObjectBuilder2.DynamicMethodBuildPlan.BuildUp (Microsoft.Practices.ObjectBuilder2.IBuilderContext context) [0x00000] in <ba86a34b2f2c4964b8c588538e94514f>:0 
  at Microsoft.Practices.ObjectBuilder2.BuildPlanStrategy.PreBuildUp (Microsoft.Practices.ObjectBuilder2.IBuilderContext context) [0x00064] in <ba86a34b2f2c4964b8c588538e94514f>:0 
  at Microsoft.Practices.ObjectBuilder2.StrategyChain.ExecuteBuildUp (Microsoft.Practices.ObjectBuilder2.IBuilderContext context) [0x0007c] in <ba86a34b2f2c4964b8c588538e94514f>:0 
  at Microsoft.Practices.ObjectBuilder2.BuilderContext.NewBuildUp (Microsoft.Practices.ObjectBuilder2.NamedTypeBuildKey newBuildKey) [0x0003b] in <ba86a34b2f2c4964b8c588538e94514f>:0 
  at Microsoft.Practices.Unity.ObjectBuilder.NamedTypeDependencyResolverPolicy.Resolve (Microsoft.Practices.ObjectBuilder2.IBuilderContext context) [0x0001d] in <ba86a34b2f2c4964b8c588538e94514f>:0 
  at (wrapper dynamic-method) System.Object.lambda_method(System.Runtime.CompilerServices.Closure,Microsoft.Practices.ObjectBuilder2.IBuilderContext)
  at Microsoft.Practices.ObjectBuilder2.DynamicBuildPlanGenerationContext+<>c__DisplayClass1.<GetBuildMethod>b__0 (Microsoft.Practices.ObjectBuilder2.IBuilderContext context) [0x00000] in <ba86a34b2f2c4964b8c588538e94514f>:0 
  at Microsoft.Practices.ObjectBuilder2.DynamicMethodBuildPlan.BuildUp (Microsoft.Practices.ObjectBuilder2.IBuilderContext context) [0x00000] in <ba86a34b2f2c4964b8c588538e94514f>:0 
  at Microsoft.Practices.ObjectBuilder2.BuildPlanStrategy.PreBuildUp (Microsoft.Practices.ObjectBuilder2.IBuilderContext context) [0x00064] in <ba86a34b2f2c4964b8c588538e94514f>:0 
  at Microsoft.Practices.ObjectBuilder2.StrategyChain.ExecuteBuildUp (Microsoft.Practices.ObjectBuilder2.IBuilderContext context) [0x0007c] in <ba86a34b2f2c4964b8c588538e94514f>:0 
  at Microsoft.Practices.Unity.UnityContainer.DoBuildUp (System.Type t, System.Object existing, System.String name, System.Collections.Generic.IEnumerable`1[T] resolverOverrides) [0x00068] in <ba86a34b2f2c4964b8c588538e94514f>:0 
2026-05-25 05:40:39.4416 FLS.Server.Service.RegistrationService New trial flight registration with following data (JSON): {"ClubKey":"TestClub","Firstname":"Trial634093","Lastname":"E2EUser","AddressLine1":"Teststrasse 1","ZipCode":"1234","City":"Teststadt","CountryId":null,"PrivateEmail":"trial-1779687634093-49031@e2e.fls.local","MobilePhoneNumber":null,"PrivatePhoneNumber":null,"BusinessPhoneNumber":null,"InvoiceAddressIsSame":true,"InvoiceToFirstname":null,"InvoiceToLastname":null,"InvoiceToAddressLine1":null,"InvoiceToZipCode":null,"InvoiceToCity":null,"InvoiceToCountryId":null,"NotificationEmail":null,"SelectedDay":"2099-07-01T00:00:00","SendCouponToInvoiceAddress":true,"Remarks":null}
2026-05-25 05:40:40.0013 FLS.Server.Data.FLSDataEntities Insert Person with data: [Person -> PersonId: eb027f95-193c-4a58-833b-cbcb9259426b, Lastname: E2EUser, Firstname: Trial634093, Midname: , CompanyName: , AddressLine1: Teststrasse 1, AddressLine2: , Zip: 1234, City: Teststadt, Region: , CountryId: , PrivatePhone: , MobilePhone: , BusinessPhone: , FaxNumber: , EmailPrivate: trial-1779687634093-49031@e2e.fls.local, EmailBusiness: , PreferMailToBusinessMail: False, Birthday: , HasMotorPilotLicence: False, HasTowPilotLicence: False, HasGliderInstructorLicence: False, HasGliderPilotLicence: False, HasGliderTraineeLicence: True, HasGliderPAXLicence: False, HasTMGLicence: False, HasWinchOperatorLicence: False, HasMotorInstructorLicence: False, HasPartMLicence: False, LicenceNumber: , MedicalClass1ExpireDate: , MedicalClass2ExpireDate: , MedicalLaplExpireDate: , GliderInstructorLicenceExpireDate: , MotorInstructorLicenceExpireDate: , PartMLicenceExpireDate: , HasGliderTowingStartPermission: False, HasGliderSelfStartPermission: False, HasGliderWinchStartPermission: False, SpotLink: , ReceiveOwnedAircraftStatisticReports: False, EnableAddress: False, IsFastEntryRecord: False, CreatedOn: 05/25/2026 05:40:39, CreatedByUserId: 36073196-1ee3-4a97-a3fa-f5f60039f041, ModifiedOn: , ModifiedByUserId: , DeletedOn: , DeletedByUserId: , RecordState: 1, OwnerId: 0fa7b76f-47ba-4138-8f96-671400fd7c83, OwnershipType: 2, IsDeleted: False, DisplayName: E2EUser Trial634093, EmailAddressForCommunication: trial-1779687634093-49031@e2e.fls.local, Id: eb027f95-193c-4a58-833b-cbcb9259426b, DoNotUpdateTimeStampsInMetaData: False,  <- Person]

2026-05-25 05:40:40.1048 FLS.Server.Data.FLSDataEntities Insert PersonClub with data: [PersonClub -> PersonId: 00000000-0000-0000-0000-000000000000, ClubId: 0fa7b76f-47ba-4138-8f96-671400fd7c83, MemberNumber: , MemberStateId: , IsMotorPilot: False, IsTowPilot: False, IsGliderInstructor: False, IsGliderPilot: False, IsGliderTrainee: True, IsPassenger: False, IsWinchOperator: False, IsMotorInstructor: False, ReceiveFlightReports: False, ReceiveAircraftReservationNotifications: False, ReceivePlanningDayRoleReminder: False, IsActive: False, CreatedOn: 05/25/2026 05:40:40, CreatedByUserId: 36073196-1ee3-4a97-a3fa-f5f60039f041, ModifiedOn: , ModifiedByUserId: , DeletedOn: , DeletedByUserId: , RecordState: 1, OwnerId: 0fa7b76f-47ba-4138-8f96-671400fd7c83, OwnershipType: 2, IsDeleted: False, Id: 00000000-0000-0000-0000-000000000000, DoNotUpdateTimeStampsInMetaData: False,  <- PersonClub]

2026-05-25 05:40:40.1391 FLS.Server.Data.FLSDataEntities Insert AircraftReservation with data: [AircraftReservation -> AircraftReservationId: fe11328a-4976-4392-8d14-08f57d90e5af, Start: 07/01/2099 00:00:00, End: 07/01/2099 23:59:59, IsAllDayReservation: True, AircraftId: 34896816-6341-43b1-ad93-16a600866ae6, PilotPersonId: 00000000-0000-0000-0000-000000000000, LocationId: 5bfd35f5-1183-4f7a-84b5-8c0c19288ed3, SecondCrewPersonId: , AircraftReservationTypeId: , FlightTypeId: , Remarks: Schnupperflug-Kandidat, ClubId: 0fa7b76f-47ba-4138-8f96-671400fd7c83, CreatedOn: 05/25/2026 05:40:40, CreatedByUserId: 36073196-1ee3-4a97-a3fa-f5f60039f041, ModifiedOn: , ModifiedByUserId: , Id: fe11328a-4976-4392-8d14-08f57d90e5af, DeletedOn: , DeletedByUserId: , RecordState: 1, OwnerId: 0fa7b76f-47ba-4138-8f96-671400fd7c83, OwnershipType: 2, IsDeleted: False,  <- AircraftReservation]

2026-05-25 05:40:42.2373 FLS.Server.Service.RegistrationService New passenger flight registration with following data (JSON): {"ClubKey":"TestClub","Firstname":"Pax636947","Lastname":"E2EUser","AddressLine1":"Teststrasse 2","ZipCode":"5678","City":"Teststadt","CountryId":null,"PrivateEmail":"passenger-1779687636947-538513@e2e.fls.local","MobilePhoneNumber":null,"PrivatePhoneNumber":null,"BusinessPhoneNumber":null,"InvoiceAddressIsSame":true,"InvoiceToFirstname":null,"InvoiceToLastname":null,"InvoiceToAddressLine1":null,"InvoiceToZipCode":null,"InvoiceToCity":null,"InvoiceToCountryId":null,"NotificationEmail":null,"SendCouponToInvoiceAddress":true,"Remarks":null}
2026-05-25 05:40:42.3058 FLS.Server.Data.FLSDataEntities Insert Person with data: [Person -> PersonId: 97b89b12-4e66-4355-80c8-623509bc8659, Lastname: E2EUser, Firstname: Pax636947, Midname: , CompanyName: , AddressLine1: Teststrasse 2, AddressLine2: , Zip: 5678, City: Teststadt, Region: , CountryId: , PrivatePhone: , MobilePhone: , BusinessPhone: , FaxNumber: , EmailPrivate: passenger-1779687636947-538513@e2e.fls.local, EmailBusiness: , PreferMailToBusinessMail: False, Birthday: , HasMotorPilotLicence: False, HasTowPilotLicence: False, HasGliderInstructorLicence: False, HasGliderPilotLicence: False, HasGliderTraineeLicence: False, HasGliderPAXLicence: False, HasTMGLicence: False, HasWinchOperatorLicence: False, HasMotorInstructorLicence: False, HasPartMLicence: False, LicenceNumber: , MedicalClass1ExpireDate: , MedicalClass2ExpireDate: , MedicalLaplExpireDate: , GliderInstructorLicenceExpireDate: , MotorInstructorLicenceExpireDate: , PartMLicenceExpireDate: , HasGliderTowingStartPermission: False, HasGliderSelfStartPermission: False, HasGliderWinchStartPermission: False, SpotLink: , ReceiveOwnedAircraftStatisticReports: False, EnableAddress: False, IsFastEntryRecord: False, CreatedOn: 05/25/2026 05:40:42, CreatedByUserId: 36073196-1ee3-4a97-a3fa-f5f60039f041, ModifiedOn: , ModifiedByUserId: , DeletedOn: , DeletedByUserId: , RecordState: 1, OwnerId: 0fa7b76f-47ba-4138-8f96-671400fd7c83, OwnershipType: 2, IsDeleted: False, DisplayName: E2EUser Pax636947, EmailAddressForCommunication: passenger-1779687636947-538513@e2e.fls.local, Id: 97b89b12-4e66-4355-80c8-623509bc8659, DoNotUpdateTimeStampsInMetaData: False,  <- Person]

2026-05-25 05:40:42.3338 FLS.Server.Data.FLSDataEntities Insert PersonClub with data: [PersonClub -> PersonId: 00000000-0000-0000-0000-000000000000, ClubId: 0fa7b76f-47ba-4138-8f96-671400fd7c83, MemberNumber: , MemberStateId: , IsMotorPilot: False, IsTowPilot: False, IsGliderInstructor: False, IsGliderPilot: False, IsGliderTrainee: False, IsPassenger: False, IsWinchOperator: False, IsMotorInstructor: False, ReceiveFlightReports: False, ReceiveAircraftReservationNotifications: False, ReceivePlanningDayRoleReminder: False, IsActive: False, CreatedOn: 05/25/2026 05:40:42, CreatedByUserId: 36073196-1ee3-4a97-a3fa-f5f60039f041, ModifiedOn: , ModifiedByUserId: , DeletedOn: , DeletedByUserId: , RecordState: 1, OwnerId: 0fa7b76f-47ba-4138-8f96-671400fd7c83, OwnershipType: 2, IsDeleted: False, Id: 00000000-0000-0000-0000-000000000000, DoNotUpdateTimeStampsInMetaData: False,  <- PersonClub]

2026-05-25 05:40:42.6375 FLS.Server.Service.Email.EmailSendService Sent email to recipient: passenger-1779687636947-538513@e2e.fls.local with subject: Bestätigung für Passagierflug-Registrierung, and Body: <html><body>Hallo Pax636947 E2EUser</body></html>
2026-05-25 05:40:42.6298 FLS.Server.Service.Email.EmailSendService Sent email to recipient: trial-1779687634093-49031@e2e.fls.local with subject: Bestätigung für Schnupperflug-Registrierung, and Body: <!DOCTYPE html PUBLIC "-//W3C//DTD XHTML 1.0 Transitional//EN" "http://www.w3.org/TR/xhtml1/DTD/xhtml1-transitional.dtd">
<html xmlns="http://www.w3.org/1999/xhtml">

<head>
<meta content="en-gb" http-equiv="Content-Language" />
<meta content="text/html; charset=utf-8" http-equiv="Content-Type" />
<title>Bestätigung für Schnupperflug-Registrierung</title>
<style type="text/css">

body {
    font-family: Arial, Helvetica, Sans-Serif;
    font-size: 14px;
}
</style>
</head>

<body>
<p>
Hallo Trial634093 E2EUser
</p>
<p>
Danke für Ihre Anmeldung zu einem Schnupperflug.
</p>
<p>
Dies ist eine Bestätigung für die Registrierung zu einem Schnupperflug am <b>07/01/2099</b> in Speck Fehraltorf.</p>
<p>
Schnupperflug-Kandidat:<br>
E2EUser Trial634093<br>
Teststrasse 1<br>
1234 Teststadt<br>
trial-1779687634093-49031@e2e.fls.local<br>
Tel. Mobil: <br>
Tel. Privat: <br>
Tel. Geschäft: <br>
</p>
<p>
Bemerkungen: keine
</p>
<p>
Wir werden den Schnupperflug-Kandidaten am 06/29/2099 über die Durchführung des Schnupperflugtages informieren. Je nach Wetter kann der Schnupperflugtag nicht durchgeführt werden und muss verschoben werden.</p>

<p>
Die Rechnung wird an folgende Adresse gesendet:<br>
E2EUser Trial634093<br>
Teststrasse 1<br>
1234 Teststadt<br>
</p>

<p>
Der Gutschein wird gesendet an: Schnupperflug-Kandidat
</p>

<p>Herzliche Grüsse<br>
Flugsportgruppe Zürcher Oberland</p>

</body>

</html>

2026-05-25 05:40:42.7507 FLS.Server.Service.Email.EmailSendService Sent email to recipient: trial-organizer@e2e.fls.local with subject: Neue Schnupperflug-Registrierung, and Body: <!DOCTYPE html PUBLIC "-//W3C//DTD XHTML 1.0 Transitional//EN" "http://www.w3.org/TR/xhtml1/DTD/xhtml1-transitional.dtd">
<html xmlns="http://www.w3.org/1999/xhtml">

<head>
<meta content="en-gb" http-equiv="Content-Language" />
<meta content="text/html; charset=utf-8" http-equiv="Content-Type" />
<title>Neue Schnupperflug-Registrierung</title>
<style type="text/css">

body {
    font-family: Arial, Helvetica, Sans-Serif;
    font-size: 14px;
}
</style>
</head>

<body>
<p>
Hallo
</p>
<p>
Es hat eine neue Registrierung zu einem Schnupperflug am <b>07/01/2099</b> in Speck Fehraltorf gegeben.</p>

<p>
Schnupperflug-Kandidat:<br>
E2EUser Trial634093<br>
Teststrasse 1<br>
1234 Teststadt<br>
trial-1779687634093-49031@e2e.fls.local<br>
Tel. Mobil: <br>
Tel. Privat: <br>
Tel. Geschäft: <br>
</p>

<p>
Rechnung an:<br>
E2EUser Trial634093<br>
Teststrasse 1<br>
1234 Teststadt<br>
</p>

<p>
Gutschein an:<br>
Schnupperflug-Kandidat
</p>

<p>
Bemerkungen: keine
</p>

<p>
Flugzeug-Reservation: Reservation wurde erstellt.
</p>

<p>
Bitte Schnupperflug-Gutschein und Rechnung entsprechend ausstellen.
</p>

<p>
Der Schnupperflug-Kandidat soll durch den Organisator am 06/29/2099 über die Durchführung des Schnupperflugtages informiert werden. 
</p>

<p>Herzliche Grüsse</p>
<p>Flight Logging System</p>

</body>

</html>

2026-05-25 05:40:42.7542 FLS.Server.Service.Email.EmailSendService Sent email to recipient: passenger-organizer@e2e.fls.local with subject: Neue Passagierflug-Registrierung, and Body: <html><body>Neue Passagier-Registrierung: E2EUser Pax636947</body></html>
2026-05-25 05:40:46.4012 FLS.Server.WebApi.Controllers.UsersController Password reset token: Code: U8DMhpOmdvlZ5uBOaAhyaOTx871njKAFfYrbPODjEbY7isOz5Wlg7YzTrHfeYK3UKT9LK9GjKGrGLfRjYSeWAZ9sHFWOZfOuFoDEl03icrk2NDLXWHOJZe89Yu2O0rUiVOTjDJGqu/IIJMIZDp3zdGjoBM+v1KWCTCDEWdEVTdQ=, Base64: VThETWhwT21kdmxaNXVCT2FBaHlhT1R4ODcxbmpLQUZmWXJiUE9EakViWTdpc096NVdsZzdZelRySGZlWUszVUtUOUxLOUdqS0dyR0xmUmpZU2VXQVo5c0hGV09aZk91Rm9ERWwwM2ljcmsyTkRMWFdIT0paZTg5WXUyTzByVWlWT1RqREpHcXUvSUlKTUlaRHAzemRHam9CTSt2MUtXQ1RDREVXZEVWVGRRPQ==
2026-05-25 05:40:46.5960 FLS.Server.Service.Email.EmailSendService Sent email to recipient: schuele@galaxy-net.ch with subject: Passwort-Reset für Flight Logging System Zugang, and Body: 
2026-05-25 05:40:47.8651 FLS.Server.WebApi.Controllers.UsersController Password reset token: Code: lifNmuBH67SlfFF0m5Oi1pvTmXEYndxUPLKKiQSUTVTTeWClUcdn4O3edKkfP2zDYz511J7eac/CqZVpJUIQoqimR45SwRVf4AJjmk/1Kn1m73ihHa8lrxXcqqOKQKcZMR2aa3DPiy16L20xxR8flYdATlzqg5p3zODu/lSjUnc=, Base64: bGlmTm11Qkg2N1NsZkZGMG01T2kxcHZUbVhFWW5keFVQTEtLaVFTVVRWVFRlV0NsVWNkbjRPM2VkS2tmUDJ6RFl6NTExSjdlYWMvQ3FaVnBKVUlRb3FpbVI0NVN3UlZmNEFKam1rLzFLbjFtNzNpaEhhOGxyeFhjcXFPS1FLY1pNUjJhYTNEUGl5MTZMMjB4eFI4ZmxZZEFUbHpxZzVwM3pPRHUvbFNqVW5jPQ==
2026-05-25 05:40:48.0211 FLS.Server.Service.Email.EmailSendService Sent email to recipient: schuele@galaxy-net.ch with subject: Passwort-Reset für Flight Logging System Zugang, and Body: 
2026-05-25 05:41:00.5200 FLS.Server.Data.FLSDataEntities Insert Flight with data: Motor-Flight: , Pilot: , Flight-Date: 05/25/2026, Starttime: 10:00, LdgTime: 10:30, Nr of Ldgs: 1/0, Flight-Air-State: 20, Flight-Process-State: 0
2026-05-25 05:41:00.5839 FLS.Server.Data.FLSDataEntities Insert FlightCrew with data: [FlightCrew -> FlightCrewId: d253626c-8276-4ffb-a826-aeb4bc4c4cca, FlightId: 00000000-0000-0000-0000-000000000000, PersonId: 5b260ce4-c287-4d5e-85c3-afdf56b39494, FlightCrewTypeId: 1, BeginFlightDateTime: 05/25/2026 10:00:00, EndFlightDateTime: 05/25/2026 10:30:00, BeginInstructionDateTime: , EndInstructionDateTime: , NrOfLdgs: 1, NrOfStarts: , CreatedOn: 05/25/2026 05:41:00, CreatedByUserId: 36073196-1ee3-4a97-a3fa-f5f60039f041, ModifiedOn: , ModifiedByUserId: , DeletedOn: , DeletedByUserId: , RecordState: 1, OwnerId: 0fa7b76f-47ba-4138-8f96-671400fd7c83, OwnershipType: 2, IsDeleted: False, Id: d253626c-8276-4ffb-a826-aeb4bc4c4cca, HasPerson: True,  <- FlightCrew]

2026-05-25 05:41:03.1987 FLS.Server.Data.FLSDataEntities Insert Flight with data: Glider-Flight: , Pilot: , Flight-Date: 05/25/2026, Starttime: 10:00, LdgTime: 10:30, Nr of Ldgs: 1/0, Flight-Air-State: 20, Flight-Process-State: 0
2026-05-25 05:41:03.2762 FLS.Server.Data.FLSDataEntities Insert FlightCrew with data: [FlightCrew -> FlightCrewId: 1f2b1b16-9f26-404d-8b45-646ebb43d869, FlightId: 00000000-0000-0000-0000-000000000000, PersonId: 23004dec-9300-484d-bc2e-966f89edcb59, FlightCrewTypeId: 1, BeginFlightDateTime: 05/25/2026 10:00:00, EndFlightDateTime: 05/25/2026 10:30:00, BeginInstructionDateTime: , EndInstructionDateTime: , NrOfLdgs: 1, NrOfStarts: , CreatedOn: 05/25/2026 05:41:03, CreatedByUserId: 36073196-1ee3-4a97-a3fa-f5f60039f041, ModifiedOn: , ModifiedByUserId: , DeletedOn: , DeletedByUserId: , RecordState: 1, OwnerId: 0fa7b76f-47ba-4138-8f96-671400fd7c83, OwnershipType: 2, IsDeleted: False, Id: 1f2b1b16-9f26-404d-8b45-646ebb43d869, HasPerson: True,  <- FlightCrew]

2026-05-25 05:41:03.4130 FLS.Server.Data.FLSDataEntities Insert Flight with data: Glider-Flight: , Pilot: , Flight-Date: 05/25/2026, Starttime: 10:00, LdgTime: 10:30, Nr of Ldgs: 1/0, Flight-Air-State: 20, Flight-Process-State: 0
2026-05-25 05:41:03.4421 FLS.Server.Data.FLSDataEntities Insert FlightCrew with data: [FlightCrew -> FlightCrewId: 6c44f2fc-4435-47a8-a9f3-0f4eea9d7128, FlightId: 00000000-0000-0000-0000-000000000000, PersonId: 23004dec-9300-484d-bc2e-966f89edcb59, FlightCrewTypeId: 1, BeginFlightDateTime: 05/25/2026 10:00:00, EndFlightDateTime: 05/25/2026 10:30:00, BeginInstructionDateTime: , EndInstructionDateTime: , NrOfLdgs: 1, NrOfStarts: , CreatedOn: 05/25/2026 05:41:03, CreatedByUserId: 36073196-1ee3-4a97-a3fa-f5f60039f041, ModifiedOn: , ModifiedByUserId: , DeletedOn: , DeletedByUserId: , RecordState: 1, OwnerId: 0fa7b76f-47ba-4138-8f96-671400fd7c83, OwnershipType: 2, IsDeleted: False, Id: 6c44f2fc-4435-47a8-a9f3-0f4eea9d7128, HasPerson: True,  <- FlightCrew]

2026-05-25 05:41:05.2854 FLS.Server.Data.FLSDataEntities Insert Flight with data: Glider-Flight: , Pilot: , Flight-Date: 05/25/2026, Starttime: 10:00, LdgTime: 10:30, Nr of Ldgs: 1/0, Flight-Air-State: 20, Flight-Process-State: 0
2026-05-25 05:41:05.3146 FLS.Server.Data.FLSDataEntities Insert FlightCrew with data: [FlightCrew -> FlightCrewId: fe80596d-6d69-4bf3-a7b2-242920c11ec0, FlightId: 00000000-0000-0000-0000-000000000000, PersonId: 23004dec-9300-484d-bc2e-966f89edcb59, FlightCrewTypeId: 1, BeginFlightDateTime: 05/25/2026 10:00:00, EndFlightDateTime: 05/25/2026 10:30:00, BeginInstructionDateTime: , EndInstructionDateTime: , NrOfLdgs: 1, NrOfStarts: , CreatedOn: 05/25/2026 05:41:05, CreatedByUserId: 36073196-1ee3-4a97-a3fa-f5f60039f041, ModifiedOn: , ModifiedByUserId: , DeletedOn: , DeletedByUserId: , RecordState: 1, OwnerId: 0fa7b76f-47ba-4138-8f96-671400fd7c83, OwnershipType: 2, IsDeleted: False, Id: fe80596d-6d69-4bf3-a7b2-242920c11ec0, HasPerson: True,  <- FlightCrew]

2026-05-25 05:41:05.9269 FLS.Server.Data.FLSDataEntities Insert Flight with data: Glider-Flight: , Pilot: , Flight-Date: 05/25/2026, Starttime: 10:00, LdgTime: 10:30, Nr of Ldgs: 1/0, Flight-Air-State: 20, Flight-Process-State: 0
2026-05-25 05:41:05.9408 FLS.Server.Data.FLSDataEntities Insert FlightCrew with data: [FlightCrew -> FlightCrewId: ea7553bf-3bc1-4ea9-abd1-cba9a42f205b, FlightId: 00000000-0000-0000-0000-000000000000, PersonId: 23004dec-9300-484d-bc2e-966f89edcb59, FlightCrewTypeId: 1, BeginFlightDateTime: 05/25/2026 10:00:00, EndFlightDateTime: 05/25/2026 10:30:00, BeginInstructionDateTime: , EndInstructionDateTime: , NrOfLdgs: 1, NrOfStarts: , CreatedOn: 05/25/2026 05:41:05, CreatedByUserId: 36073196-1ee3-4a97-a3fa-f5f60039f041, ModifiedOn: , ModifiedByUserId: , DeletedOn: , DeletedByUserId: , RecordState: 1, OwnerId: 0fa7b76f-47ba-4138-8f96-671400fd7c83, OwnershipType: 2, IsDeleted: False, Id: ea7553bf-3bc1-4ea9-abd1-cba9a42f205b, HasPerson: True,  <- FlightCrew]

2026-05-25 05:41:07.2699 FLS.Server.Service.WorkflowService Execute daily flight validation job.
2026-05-25 05:41:07.2831 FLS.Server.Service.Jobs.DailyFlightValidationJob Executing daily flight validation job
2026-05-25 05:41:07.4009 FLS.Server.Service.FlightService Saved the validated flights of today to database.
2026-05-25 05:41:10.1314 FLS.Server.Data.FLSDataEntities Insert Flight with data: Glider-Flight: , Pilot: , Flight-Date: 05/25/2026, Starttime: 10:00, LdgTime: 10:30, Nr of Ldgs: 1/0, Flight-Air-State: 20, Flight-Process-State: 0
2026-05-25 05:41:10.1461 FLS.Server.Data.FLSDataEntities Insert FlightCrew with data: [FlightCrew -> FlightCrewId: 50e43164-3aa2-4c53-8035-169696922f07, FlightId: 00000000-0000-0000-0000-000000000000, PersonId: 23004dec-9300-484d-bc2e-966f89edcb59, FlightCrewTypeId: 1, BeginFlightDateTime: 05/25/2026 10:00:00, EndFlightDateTime: 05/25/2026 10:30:00, BeginInstructionDateTime: , EndInstructionDateTime: , NrOfLdgs: 1, NrOfStarts: , CreatedOn: 05/25/2026 05:41:10, CreatedByUserId: 36073196-1ee3-4a97-a3fa-f5f60039f041, ModifiedOn: , ModifiedByUserId: , DeletedOn: , DeletedByUserId: , RecordState: 1, OwnerId: 0fa7b76f-47ba-4138-8f96-671400fd7c83, OwnershipType: 2, IsDeleted: False, Id: 50e43164-3aa2-4c53-8035-169696922f07, HasPerson: True,  <- FlightCrew]

2026-05-25 05:41:10.4337 FLS.Server.Data.FLSDataEntities Update Flight with data: Glider-Flight: HB-3407, Pilot: Bonzli Lenni, Flight-Date: 05/25/2026, Starttime: 10:00, LdgTime: 10:30, Flightcode: 60, Nr of Ldgs: 1/0, Flight-Air-State: 20, Flight-Process-State: 0
2026-05-25 05:41:10.8614 FLS.Server.Data.FLSDataEntities Update Flight with data: Glider-Flight: , Pilot: , Flight-Date: 05/25/2026, Starttime: 10:00, LdgTime: 10:30, Nr of Ldgs: 1/0, Flight-Air-State: 20, Flight-Process-State: 99
2026-05-25 05:41:11.6730 FLS.Server.Data.FLSDataEntities Update Flight with data: Glider-Flight: , Pilot: , Flight-Date: 05/25/2026, Starttime: 10:00, LdgTime: 10:30, Nr of Ldgs: 1/0, Flight-Air-State: 20, Flight-Process-State: 30
2026-05-25 05:41:12.3269 FLS.Server.Data.FLSDataEntities Update Flight with data: Glider-Flight: HB-3407, Pilot: Bonzli Lenni, Flight-Date: 05/25/2026, Starttime: 10:00, LdgTime: 10:30, Flightcode: 60, Nr of Ldgs: 1/0, Flight-Air-State: 20, Flight-Process-State: 0
2026-05-25 05:41:12.6547 FLS.Server.Data.FLSDataEntities Update Flight with data: Motor-Flight: HB-DCU, Pilot: Rieterman Conny, Flight-Date: 05/25/2026, Starttime: 10:00, LdgTime: 10:30, Flightcode: 60, Nr of Ldgs: 1/0, Flight-Air-State: 20, Flight-Process-State: 0
2026-05-25 05:41:14.5062 FLS.Server.Service.FlightService Saved the validated flights of today to database.
2026-05-25 05:41:18.3456 FLS.Server.Data.FLSDataEntities Insert Flight with data: Glider-Flight: , Pilot: , Flight-Date: 05/25/2026, Starttime: 10:00, LdgTime: 10:30, Nr of Ldgs: 1/0, Flight-Air-State: 20, Flight-Process-State: 0
2026-05-25 05:41:18.3701 FLS.Server.Data.FLSDataEntities Insert FlightCrew with data: [FlightCrew -> FlightCrewId: a14d7cf2-ea44-46ea-870a-62b6f70f7493, FlightId: 00000000-0000-0000-0000-000000000000, PersonId: 23004dec-9300-484d-bc2e-966f89edcb59, FlightCrewTypeId: 1, BeginFlightDateTime: 05/25/2026 10:00:00, EndFlightDateTime: 05/25/2026 10:30:00, BeginInstructionDateTime: , EndInstructionDateTime: , NrOfLdgs: 1, NrOfStarts: , CreatedOn: 05/25/2026 05:41:18, CreatedByUserId: 36073196-1ee3-4a97-a3fa-f5f60039f041, ModifiedOn: , ModifiedByUserId: , DeletedOn: , DeletedByUserId: , RecordState: 1, OwnerId: 0fa7b76f-47ba-4138-8f96-671400fd7c83, OwnershipType: 2, IsDeleted: False, Id: a14d7cf2-ea44-46ea-870a-62b6f70f7493, HasPerson: True,  <- FlightCrew]

2026-05-25 05:41:23.4575 FLS.Server.Data.FLSDataEntities Insert AircraftReservation with data: [AircraftReservation -> AircraftReservationId: 0a3f57db-cbc8-40a7-9619-563a2820a795, Start: 05/26/2026 00:00:00, End: 05/26/2026 00:00:00, IsAllDayReservation: True, AircraftId: 34896816-6341-43b1-ad93-16a600866ae6, PilotPersonId: 23004dec-9300-484d-bc2e-966f89edcb59, LocationId: a75e2185-1fb5-4418-a9d0-c320b877f2bd, SecondCrewPersonId: , AircraftReservationTypeId: e2e10000-0000-0000-0000-000000000001, FlightTypeId: , Remarks: e2e-create-1779687683355, ClubId: 0fa7b76f-47ba-4138-8f96-671400fd7c83, CreatedOn: 05/25/2026 05:41:23, CreatedByUserId: 36073196-1ee3-4a97-a3fa-f5f60039f041, ModifiedOn: , ModifiedByUserId: , Id: 0a3f57db-cbc8-40a7-9619-563a2820a795, DeletedOn: , DeletedByUserId: , RecordState: 1, OwnerId: 0fa7b76f-47ba-4138-8f96-671400fd7c83, OwnershipType: 2, IsDeleted: False,  <- AircraftReservation]

2026-05-25 05:41:23.8906 FLS.Server.Data.FLSDataEntities Insert PlanningDay with data: [PlanningDay -> PlanningDayId: 2d1c39b9-7ce2-4c78-a5b9-e81f8d38a4fa, ClubId: 0fa7b76f-47ba-4138-8f96-671400fd7c83, Day: 05/25/2026 05:41:23, LocationId: 5bfd35f5-1183-4f7a-84b5-8c0c19288ed3, Remarks: e2e-planning-1779687683398, CreatedOn: 05/25/2026 05:41:23, CreatedByUserId: 36073196-1ee3-4a97-a3fa-f5f60039f041, ModifiedOn: , ModifiedByUserId: , Id: 2d1c39b9-7ce2-4c78-a5b9-e81f8d38a4fa, DeletedOn: , DeletedByUserId: , RecordState: 1, OwnerId: 0fa7b76f-47ba-4138-8f96-671400fd7c83, OwnershipType: 2, IsDeleted: False,  <- PlanningDay]

2026-05-25 05:41:23.9346 FLS.Server.Data.FLSDataEntities Insert PlanningDayAssignment with data: [PlanningDayAssignment -> PlanningDayAssignmentId: 7ec36823-5098-446d-a189-52f395843e67, AssignedPlanningDayId: 00000000-0000-0000-0000-000000000000, AssignedPersonId: 23004dec-9300-484d-bc2e-966f89edcb59, AssignmentTypeId: 7f0fbac5-b035-4df4-b278-cd121f665f9a, Remarks: , CreatedOn: 05/25/2026 05:41:23, CreatedByUserId: 36073196-1ee3-4a97-a3fa-f5f60039f041, ModifiedOn: , ModifiedByUserId: , Id: 7ec36823-5098-446d-a189-52f395843e67, DeletedOn: , DeletedByUserId: , RecordState: 1, OwnerId: 0fa7b76f-47ba-4138-8f96-671400fd7c83, OwnershipType: 2, IsDeleted: False,  <- PlanningDayAssignment]

2026-05-25 05:41:23.9660 FLS.Server.Data.FLSDataEntities Insert PlanningDayAssignment with data: [PlanningDayAssignment -> PlanningDayAssignmentId: 9a7cc72c-fef6-469a-9f27-c7020e01c291, AssignedPlanningDayId: 00000000-0000-0000-0000-000000000000, AssignedPersonId: 5b260ce4-c287-4d5e-85c3-afdf56b39494, AssignmentTypeId: 3604ccc0-b5a3-4439-9009-1276156b3e9d, Remarks: , CreatedOn: 05/25/2026 05:41:23, CreatedByUserId: 36073196-1ee3-4a97-a3fa-f5f60039f041, ModifiedOn: , ModifiedByUserId: , Id: 9a7cc72c-fef6-469a-9f27-c7020e01c291, DeletedOn: , DeletedByUserId: , RecordState: 1, OwnerId: 0fa7b76f-47ba-4138-8f96-671400fd7c83, OwnershipType: 2, IsDeleted: False,  <- PlanningDayAssignment]

2026-05-25 05:41:23.9858 FLS.Server.Data.FLSDataEntities Insert PlanningDayAssignment with data: [PlanningDayAssignment -> PlanningDayAssignmentId: 6a8e3ebd-66df-44d6-9222-43987837d781, AssignedPlanningDayId: 00000000-0000-0000-0000-000000000000, AssignedPersonId: f1901041-981c-4f9c-8abc-74f2cc8e358c, AssignmentTypeId: 4b528fc5-1714-42da-ac13-c084e4e9901d, Remarks: , CreatedOn: 05/25/2026 05:41:23, CreatedByUserId: 36073196-1ee3-4a97-a3fa-f5f60039f041, ModifiedOn: , ModifiedByUserId: , Id: 6a8e3ebd-66df-44d6-9222-43987837d781, DeletedOn: , DeletedByUserId: , RecordState: 1, OwnerId: 0fa7b76f-47ba-4138-8f96-671400fd7c83, OwnershipType: 2, IsDeleted: False,  <- PlanningDayAssignment]

2026-05-25 05:41:25.0622 FLS.Server.Data.FLSDataEntities Insert PlanningDay with data: [PlanningDay -> PlanningDayId: c96cf1a6-8e83-467b-bed9-3ccb5d3d8367, ClubId: 0fa7b76f-47ba-4138-8f96-671400fd7c83, Day: 05/16/2026 00:00:00, LocationId: 5bfd35f5-1183-4f7a-84b5-8c0c19288ed3, Remarks: , CreatedOn: 05/25/2026 05:41:25, CreatedByUserId: 36073196-1ee3-4a97-a3fa-f5f60039f041, ModifiedOn: , ModifiedByUserId: , Id: c96cf1a6-8e83-467b-bed9-3ccb5d3d8367, DeletedOn: , DeletedByUserId: , RecordState: 1, OwnerId: 0fa7b76f-47ba-4138-8f96-671400fd7c83, OwnershipType: 2, IsDeleted: False,  <- PlanningDay]

2026-05-25 05:41:25.0852 FLS.Server.Data.FLSDataEntities Insert PlanningDay with data: [PlanningDay -> PlanningDayId: 9324a45e-3f0a-470f-8d5a-838ac7f03dfa, ClubId: 0fa7b76f-47ba-4138-8f96-671400fd7c83, Day: 05/17/2026 00:00:00, LocationId: 5bfd35f5-1183-4f7a-84b5-8c0c19288ed3, Remarks: , CreatedOn: 05/25/2026 05:41:25, CreatedByUserId: 36073196-1ee3-4a97-a3fa-f5f60039f041, ModifiedOn: , ModifiedByUserId: , Id: 9324a45e-3f0a-470f-8d5a-838ac7f03dfa, DeletedOn: , DeletedByUserId: , RecordState: 1, OwnerId: 0fa7b76f-47ba-4138-8f96-671400fd7c83, OwnershipType: 2, IsDeleted: False,  <- PlanningDay]

2026-05-25 05:41:25.1109 FLS.Server.Data.FLSDataEntities Insert PlanningDay with data: [PlanningDay -> PlanningDayId: 0273d4c1-6faf-4f00-a1a7-5a9db51b7167, ClubId: 0fa7b76f-47ba-4138-8f96-671400fd7c83, Day: 05/23/2026 00:00:00, LocationId: 5bfd35f5-1183-4f7a-84b5-8c0c19288ed3, Remarks: , CreatedOn: 05/25/2026 05:41:25, CreatedByUserId: 36073196-1ee3-4a97-a3fa-f5f60039f041, ModifiedOn: , ModifiedByUserId: , Id: 0273d4c1-6faf-4f00-a1a7-5a9db51b7167, DeletedOn: , DeletedByUserId: , RecordState: 1, OwnerId: 0fa7b76f-47ba-4138-8f96-671400fd7c83, OwnershipType: 2, IsDeleted: False,  <- PlanningDay]

2026-05-25 05:41:25.1438 FLS.Server.Data.FLSDataEntities Insert PlanningDay with data: [PlanningDay -> PlanningDayId: 4b1229ae-46f0-411d-9928-eb77c47605c5, ClubId: 0fa7b76f-47ba-4138-8f96-671400fd7c83, Day: 05/24/2026 00:00:00, LocationId: 5bfd35f5-1183-4f7a-84b5-8c0c19288ed3, Remarks: , CreatedOn: 05/25/2026 05:41:25, CreatedByUserId: 36073196-1ee3-4a97-a3fa-f5f60039f041, ModifiedOn: , ModifiedByUserId: , Id: 4b1229ae-46f0-411d-9928-eb77c47605c5, DeletedOn: , DeletedByUserId: , RecordState: 1, OwnerId: 0fa7b76f-47ba-4138-8f96-671400fd7c83, OwnershipType: 2, IsDeleted: False,  <- PlanningDay]

2026-05-25 05:41:25.2254 FLS.Server.Data.FLSDataEntities Insert PlanningDay with data: [PlanningDay -> PlanningDayId: 2253e88d-a7a4-4d77-b039-9888461fdf2b, ClubId: 0fa7b76f-47ba-4138-8f96-671400fd7c83, Day: 05/30/2026 00:00:00, LocationId: 5bfd35f5-1183-4f7a-84b5-8c0c19288ed3, Remarks: , CreatedOn: 05/25/2026 05:41:25, CreatedByUserId: 36073196-1ee3-4a97-a3fa-f5f60039f041, ModifiedOn: , ModifiedByUserId: , Id: 2253e88d-a7a4-4d77-b039-9888461fdf2b, DeletedOn: , DeletedByUserId: , RecordState: 1, OwnerId: 0fa7b76f-47ba-4138-8f96-671400fd7c83, OwnershipType: 2, IsDeleted: False,  <- PlanningDay]

2026-05-25 05:41:25.2446 FLS.Server.Data.FLSDataEntities Insert PlanningDay with data: [PlanningDay -> PlanningDayId: 38a14183-6856-443b-b61b-96a48c5677f9, ClubId: 0fa7b76f-47ba-4138-8f96-671400fd7c83, Day: 05/31/2026 00:00:00, LocationId: 5bfd35f5-1183-4f7a-84b5-8c0c19288ed3, Remarks: , CreatedOn: 05/25/2026 05:41:25, CreatedByUserId: 36073196-1ee3-4a97-a3fa-f5f60039f041, ModifiedOn: , ModifiedByUserId: , Id: 38a14183-6856-443b-b61b-96a48c5677f9, DeletedOn: , DeletedByUserId: , RecordState: 1, OwnerId: 0fa7b76f-47ba-4138-8f96-671400fd7c83, OwnershipType: 2, IsDeleted: False,  <- PlanningDay]

2026-05-25 05:41:26.4438 FLS.Server.Data.FLSDataEntities Update AircraftReservation with data: [AircraftReservation -> AircraftReservationId: 0a3f57db-cbc8-40a7-9619-563a2820a795, Start: 05/26/2026 00:00:00, End: 05/26/2026 00:00:00, IsAllDayReservation: True, AircraftId: 34896816-6341-43b1-ad93-16a600866ae6, PilotPersonId: 23004dec-9300-484d-bc2e-966f89edcb59, LocationId: a75e2185-1fb5-4418-a9d0-c320b877f2bd, SecondCrewPersonId: , AircraftReservationTypeId: e2e10000-0000-0000-0000-000000000001, FlightTypeId: , Remarks: e2e-edit-1779687684820, ClubId: 0fa7b76f-47ba-4138-8f96-671400fd7c83, CreatedOn: 05/25/2026 05:41:23, CreatedByUserId: 36073196-1ee3-4a97-a3fa-f5f60039f041, ModifiedOn: 05/25/2026 05:41:26, ModifiedByUserId: 36073196-1ee3-4a97-a3fa-f5f60039f041, Id: 0a3f57db-cbc8-40a7-9619-563a2820a795, DeletedOn: , DeletedByUserId: , RecordState: 1, OwnerId: 0fa7b76f-47ba-4138-8f96-671400fd7c83, OwnershipType: 2, IsDeleted: False,  <- AircraftReservation]

2026-05-25 05:41:26.7479 FLS.Server.Data.FLSDataEntities Insert Aircraft with data: [Aircraft -> AircraftId: 24cb81db-5ea0-4a85-8a5f-73359e825b8a, ManufacturerName: E2EManufacturer, AircraftModel: E2E-26-Model, Immatriculation: T-0PRAIG, CompetitionSign: , NrOfSeats: 1, DaecIndex: , Comment: created by e2e #26, AircraftTypeId: 1, IsTowingOrWinchRequired: False, IsTowingstartAllowed: False, IsWinchstartAllowed: False, IsTowingAircraft: False, AircraftOwnerClubId: , AircraftOwnerPersonId: , FLARMId: , AircraftSerialNumber: , YearOfManufacture: , NoiseClass: , NoiseLevel: , MTOM: , FlightOperatingCounterUnitTypeId: , EngineOperatingCounterUnitTypeId: , SpotLink: , IsFastEntryRecord: False, HomebaseId: , CreatedOn: 05/25/2026 05:41:26, CreatedByUserId: 36073196-1ee3-4a97-a3fa-f5f60039f041, ModifiedOn: , ModifiedByUserId: , DeletedOn: , DeletedByUserId: , RecordState: 1, OwnerId: 0fa7b76f-47ba-4138-8f96-671400fd7c83, OwnershipType: 2, IsDeleted: False, Id: 24cb81db-5ea0-4a85-8a5f-73359e825b8a, HasEngine: False,  <- Aircraft]

2026-05-25 05:41:27.6190 FLS.Server.Data.FLSDataEntities Delete AircraftReservation with Data: [AircraftReservation -> AircraftReservationId: 0a3f57db-cbc8-40a7-9619-563a2820a795, Start: 05/26/2026 00:00:00, End: 05/26/2026 00:00:00, IsAllDayReservation: True, AircraftId: 34896816-6341-43b1-ad93-16a600866ae6, PilotPersonId: 23004dec-9300-484d-bc2e-966f89edcb59, LocationId: a75e2185-1fb5-4418-a9d0-c320b877f2bd, SecondCrewPersonId: , AircraftReservationTypeId: , FlightTypeId: , Remarks: e2e-edit-1779687684820, ClubId: 0fa7b76f-47ba-4138-8f96-671400fd7c83, CreatedOn: 05/25/2026 05:41:23, CreatedByUserId: 36073196-1ee3-4a97-a3fa-f5f60039f041, ModifiedOn: 05/25/2026 05:41:26, ModifiedByUserId: 36073196-1ee3-4a97-a3fa-f5f60039f041, Id: 0a3f57db-cbc8-40a7-9619-563a2820a795, DeletedOn: 05/25/2026 05:41:27, DeletedByUserId: 36073196-1ee3-4a97-a3fa-f5f60039f041, RecordState: 99, OwnerId: 0fa7b76f-47ba-4138-8f96-671400fd7c83, OwnershipType: 2, IsDeleted: False,  <- AircraftReservation]

2026-05-25 05:41:27.8335 FLS.Server.WebApi.ActionFilters.UnhandledExceptionFilterAttribute HttpStatusCode: InternalServerError with error message: Value cannot be null.
Parameter name: entity, Exception: System.ArgumentNullException: Value cannot be null.
Parameter name: entity
  at FLS.Common.Validators.Guard.ArgumentNotNull[T] (T argument, System.String argumentName) [0x0000f] in <bd51e051140a4662bd168c8131a941db>:0 
  at FLS.Server.Data.Mapping.MappingExtensions.ToAircraftReservationDetails (FLS.Server.Data.DbEntities.AircraftReservation entity, FLS.Data.WebApi.AircraftReservation.AircraftReservationDetails details) [0x00001] in <af52cc66968a417ebdf6064a00a70b42>:0 
  at FLS.Server.Service.AircraftReservationService.GetAircraftReservationDetails (System.Guid aircraftReservationId) [0x00009] in <d94b636029de4450a2328c24a427c308>:0 
  at FLS.Server.WebApi.Controllers.AircraftReservationsController.GetAircraftReservationDetails (System.Guid aircraftReservationId) [0x00001] in <b7f5f327446148d7aa1b4cdb3a6e549c>:0 
  at (wrapper dynamic-method) System.Object.lambda_method(System.Runtime.CompilerServices.Closure,object,object[])
  at System.Web.Http.Controllers.ReflectedHttpActionDescriptor+ActionExecutor+<>c__DisplayClass6_2.<GetExecutor>b__2 (System.Object instance, System.Object[] methodParameters) [0x00000] in <4f8d88aa02d546f6963914471854cb7c>:0 
  at System.Web.Http.Controllers.ReflectedHttpActionDescriptor+ActionExecutor.Execute (System.Object instance, System.Object[] arguments) [0x00000] in <4f8d88aa02d546f6963914471854cb7c>:0 
  at System.Web.Http.Controllers.ReflectedHttpActionDescriptor.ExecuteAsync (System.Web.Http.Controllers.HttpControllerContext controllerContext, System.Collections.Generic.IDictionary`2[TKey,TValue] arguments, System.Threading.CancellationToken cancellationToken) [0x00046] in <4f8d88aa02d546f6963914471854cb7c>:0 
--- End of stack trace from previous location where exception was thrown ---

  at System.Web.Http.Controllers.ApiControllerActionInvoker.InvokeActionAsyncCore (System.Web.Http.Controllers.HttpActionContext actionContext, System.Threading.CancellationToken cancellationToken) [0x000ab] in <4f8d88aa02d546f6963914471854cb7c>:0 
  at System.Web.Http.Filters.ActionFilterAttribute.CallOnActionExecutedAsync (System.Web.Http.Controllers.HttpActionContext actionContext, System.Threading.CancellationToken cancellationToken, System.Func`1[TResult] continuation) [0x00091] in <4f8d88aa02d546f6963914471854cb7c>:0 
  at System.Web.Http.Filters.ActionFilterAttribute.CallOnActionExecutedAsync (System.Web.Http.Controllers.HttpActionContext actionContext, System.Threading.CancellationToken cancellationToken, System.Func`1[TResult] continuation) [0x001ad] in <4f8d88aa02d546f6963914471854cb7c>:0 
  at System.Web.Http.Filters.ActionFilterAttribute.ExecuteActionFilterAsyncCore (System.Web.Http.Controllers.HttpActionContext actionContext, System.Threading.CancellationToken cancellationToken, System.Func`1[TResult] continuation) [0x00103] in <4f8d88aa02d546f6963914471854cb7c>:0 
  at System.Web.Http.Filters.ActionFilterAttribute.CallOnActionExecutedAsync (System.Web.Http.Controllers.HttpActionContext actionContext, System.Threading.CancellationToken cancellationToken, System.Func`1[TResult] continuation) [0x00091] in <4f8d88aa02d546f6963914471854cb7c>:0 
  at System.Web.Http.Filters.ActionFilterAttribute.CallOnActionExecutedAsync (System.Web.Http.Controllers.HttpActionContext actionContext, System.Threading.CancellationToken cancellationToken, System.Func`1[TResult] continuation) [0x001ad] in <4f8d88aa02d546f6963914471854cb7c>:0 
  at System.Web.Http.Filters.ActionFilterAttribute.ExecuteActionFilterAsyncCore (System.Web.Http.Controllers.HttpActionContext actionContext, System.Threading.CancellationToken cancellationToken, System.Func`1[TResult] continuation) [0x00103] in <4f8d88aa02d546f6963914471854cb7c>:0 
  at System.Web.Http.Filters.ActionFilterAttribute.CallOnActionExecutedAsync (System.Web.Http.Controllers.HttpActionContext actionContext, System.Threading.CancellationToken cancellationToken, System.Func`1[TResult] continuation) [0x00091] in <4f8d88aa02d546f6963914471854cb7c>:0 
  at System.Web.Http.Filters.ActionFilterAttribute.CallOnActionExecutedAsync (System.Web.Http.Controllers.HttpActionContext actionContext, System.Threading.CancellationToken cancellationToken, System.Func`1[TResult] continuation) [0x001ad] in <4f8d88aa02d546f6963914471854cb7c>:0 
  at System.Web.Http.Filters.ActionFilterAttribute.ExecuteActionFilterAsyncCore (System.Web.Http.Controllers.HttpActionContext actionContext, System.Threading.CancellationToken cancellationToken, System.Func`1[TResult] continuation) [0x00103] in <4f8d88aa02d546f6963914471854cb7c>:0 
  at System.Web.Http.Filters.ActionFilterAttribute.CallOnActionExecutedAsync (System.Web.Http.Controllers.HttpActionContext actionContext, System.Threading.CancellationToken cancellationToken, System.Func`1[TResult] continuation) [0x00091] in <4f8d88aa02d546f6963914471854cb7c>:0 
  at System.Web.Http.Filters.ActionFilterAttribute.CallOnActionExecutedAsync (System.Web.Http.Controllers.HttpActionContext actionContext, System.Threading.CancellationToken cancellationToken, System.Func`1[TResult] continuation) [0x001ad] in <4f8d88aa02d546f6963914471854cb7c>:0 
  at System.Web.Http.Filters.ActionFilterAttribute.ExecuteActionFilterAsyncCore (System.Web.Http.Controllers.HttpActionContext actionContext, System.Threading.CancellationToken cancellationToken, System.Func`1[TResult] continuation) [0x00103] in <4f8d88aa02d546f6963914471854cb7c>:0 
  at System.Web.Http.Controllers.ActionFilterResult.ExecuteAsync (System.Threading.CancellationToken cancellationToken) [0x001a4] in <4f8d88aa02d546f6963914471854cb7c>:0 
  at System.Web.Http.Filters.AuthorizationFilterAttribute.ExecuteAuthorizationFilterAsyncCore (System.Web.Http.Controllers.HttpActionContext actionContext, System.Threading.CancellationToken cancellationToken, System.Func`1[TResult] continuation) [0x000f3] in <4f8d88aa02d546f6963914471854cb7c>:0 
  at System.Web.Http.Controllers.AuthenticationFilterResult.ExecuteAsync (System.Threading.CancellationToken cancellationToken) [0x00265] in <4f8d88aa02d546f6963914471854cb7c>:0 
  at System.Web.Http.Controllers.ExceptionFilterResult.ExecuteAsync (System.Threading.CancellationToken cancellationToken) [0x00087] in <4f8d88aa02d546f6963914471854cb7c>:0 , InnerException: 
2026-05-25 05:41:28.2369 FLS.Server.Data.FLSDataEntities Update Aircraft with data: [Aircraft -> AircraftId: 24cb81db-5ea0-4a85-8a5f-73359e825b8a, ManufacturerName: E2EManufacturer, AircraftModel: E2E-26-Model, Immatriculation: T-0PRAIG, CompetitionSign: , NrOfSeats: 1, DaecIndex: , Comment: E2E masterdata-aircrafts-crud-aircraft-crud-create-via-api-edit- edited, AircraftTypeId: 1, IsTowingOrWinchRequired: False, IsTowingstartAllowed: False, IsWinchstartAllowed: False, IsTowingAircraft: False, AircraftOwnerClubId: , AircraftOwnerPersonId: , FLARMId: , AircraftSerialNumber: , YearOfManufacture: 01/01/2026 00:00:00, NoiseClass: , NoiseLevel: , MTOM: , FlightOperatingCounterUnitTypeId: , EngineOperatingCounterUnitTypeId: , SpotLink: , IsFastEntryRecord: False, HomebaseId: , CreatedOn: 05/25/2026 05:41:26, CreatedByUserId: 36073196-1ee3-4a97-a3fa-f5f60039f041, ModifiedOn: 05/25/2026 05:41:28, ModifiedByUserId: 36073196-1ee3-4a97-a3fa-f5f60039f041, DeletedOn: , DeletedByUserId: , RecordState: 1, OwnerId: 0fa7b76f-47ba-4138-8f96-671400fd7c83, OwnershipType: 2, IsDeleted: False, Id: 24cb81db-5ea0-4a85-8a5f-73359e825b8a, HasEngine: False,  <- Aircraft]

2026-05-25 05:41:28.4849 FLS.Server.Data.FLSDataEntities Delete Aircraft with Data: [Aircraft -> AircraftId: 24cb81db-5ea0-4a85-8a5f-73359e825b8a, ManufacturerName: E2EManufacturer, AircraftModel: E2E-26-Model, Immatriculation: T-0PRAIG, CompetitionSign: , NrOfSeats: 1, DaecIndex: , Comment: E2E masterdata-aircrafts-crud-aircraft-crud-create-via-api-edit- edited, AircraftTypeId: 1, IsTowingOrWinchRequired: False, IsTowingstartAllowed: False, IsWinchstartAllowed: False, IsTowingAircraft: False, AircraftOwnerClubId: , AircraftOwnerPersonId: , FLARMId: , AircraftSerialNumber: , YearOfManufacture: 01/01/2026 00:00:00, NoiseClass: , NoiseLevel: , MTOM: , FlightOperatingCounterUnitTypeId: , EngineOperatingCounterUnitTypeId: , SpotLink: , IsFastEntryRecord: False, HomebaseId: , CreatedOn: 05/25/2026 05:41:26, CreatedByUserId: 36073196-1ee3-4a97-a3fa-f5f60039f041, ModifiedOn: 05/25/2026 05:41:28, ModifiedByUserId: 36073196-1ee3-4a97-a3fa-f5f60039f041, DeletedOn: 05/25/2026 05:41:28, DeletedByUserId: 36073196-1ee3-4a97-a3fa-f5f60039f041, RecordState: 99, OwnerId: 0fa7b76f-47ba-4138-8f96-671400fd7c83, OwnershipType: 2, IsDeleted: False, Id: 24cb81db-5ea0-4a85-8a5f-73359e825b8a, HasEngine: False,  <- Aircraft]

2026-05-25 05:41:34.5517 FLS.Server.Service.FlightService The currently validated flight Glider-Flight: HB-3407, Pilot: Bonzli Lenni, Flight-Date: 05/25/2026, Starttime: 10:00, LdgTime: 10:30, Flightcode: 60, Nr of Ldgs: 1/0, Flight-Air-State: 20, Flight-Process-State: 30 has now the following Process-State: 30 (Gültig)
2026-05-25 05:41:34.5924 FLS.Server.Data.FLSDataEntities Update Flight with data: Glider-Flight: HB-3407, Pilot: Bonzli Lenni, Flight-Date: 05/25/2026, Starttime: 10:00, LdgTime: 10:30, Flightcode: 60, Nr of Ldgs: 1/0, Flight-Air-State: 20, Flight-Process-State: 30
2026-05-25 05:41:34.6314 FLS.Server.Service.FlightService Saved the validated flights of today to database.
2026-05-25 05:41:34.6981 FLS.Server.Service.FlightService The currently validated flight Glider-Flight: HB-3407, Pilot: Bonzli Lenni, Flight-Date: 05/25/2026, Starttime: 10:00, LdgTime: 10:30, Flightcode: 60, Nr of Ldgs: 1/0, Flight-Air-State: 20, Flight-Process-State: 30 has now the following Process-State: 30 (Gültig)
2026-05-25 05:41:34.7173 FLS.Server.Data.FLSDataEntities Insert MemberState with data: [MemberState -> MemberStateId: ae745131-cbef-4f75-9013-2bf5ad88c6d5, ClubId: 0fa7b76f-47ba-4138-8f96-671400fd7c83, MemberStateName: MemberState-1GFDA4-A, Remarks: , CreatedOn: 05/25/2026 05:41:34, CreatedByUserId: 36073196-1ee3-4a97-a3fa-f5f60039f041, ModifiedOn: , ModifiedByUserId: , DeletedOn: , DeletedByUserId: , RecordState: 1, OwnerId: 0fa7b76f-47ba-4138-8f96-671400fd7c83, OwnershipType: 2, IsDeleted: False, Id: ae745131-cbef-4f75-9013-2bf5ad88c6d5,  <- MemberState]

2026-05-25 05:41:34.7203 FLS.Server.Data.FLSDataEntities Update Flight with data: Glider-Flight: HB-3407, Pilot: Bonzli Lenni, Flight-Date: 05/25/2026, Starttime: 10:00, LdgTime: 10:30, Flightcode: 60, Nr of Ldgs: 1/0, Flight-Air-State: 20, Flight-Process-State: 30
2026-05-25 05:41:34.7814 FLS.Server.Service.FlightService Saved the validated flights of today to database.
2026-05-25 05:41:34.8856 FLS.Server.Service.FlightService The currently validated flight Glider-Flight: HB-2464, Pilot: Stahel Morli, Flight-Date: 05/25/2026, Starttime: 10:55, Flightcode: 60, Nr of Ldgs: 0/0, Flight-Air-State: 10, Flight-Process-State: 28 has now the following Process-State: 28 (Ungültig)
2026-05-25 05:41:34.9158 FLS.Server.Data.FLSDataEntities Update Flight with data: Glider-Flight: HB-2464, Pilot: Stahel Morli, Flight-Date: 05/25/2026, Starttime: 10:55, Flightcode: 60, Nr of Ldgs: 0/0, Flight-Air-State: 10, Flight-Process-State: 28
2026-05-25 05:41:34.9976 FLS.Server.Service.FlightService Saved the validated flights of today to database.
2026-05-25 05:41:35.1335 FLS.Server.Service.FlightService The currently validated flight Glider-Flight: HB-3407, Pilot: Bonzli Lenni, Flight-Date: 05/25/2026, Starttime: 10:00, LdgTime: 10:30, Flightcode: 60, Nr of Ldgs: 1/0, Flight-Air-State: 20, Flight-Process-State: 30 has now the following Process-State: 30 (Gültig)
2026-05-25 05:41:35.2285 FLS.Server.Data.FLSDataEntities Update Flight with data: Glider-Flight: HB-3407, Pilot: Bonzli Lenni, Flight-Date: 05/25/2026, Starttime: 10:00, LdgTime: 10:30, Flightcode: 60, Nr of Ldgs: 1/0, Flight-Air-State: 20, Flight-Process-State: 30
2026-05-25 05:41:35.3176 FLS.Server.Service.FlightService Saved the validated flights of today to database.
2026-05-25 05:41:35.4459 FLS.Server.Service.FlightService The currently validated flight Glider-Flight: HB-3256, Pilot: Bonzli Lenni, Flight-Date: 05/25/2026, Starttime: 10:32, LdgTime: 10:54, Flightcode: 70, Nr of Ldgs: 1/0, Flight-Air-State: 20, Flight-Process-State: 30, TowFlight: HB-KCB, TowPilot: Egli Elias, Tow-Flight-Air-State: 20, Tow-Flight-Process-State: 30 has now the following Process-State: 30 (Gültig)
2026-05-25 05:41:35.4858 FLS.Server.Data.FLSDataEntities Update Flight with data: Glider-Flight: HB-3256, Pilot: Bonzli Lenni, Flight-Date: 05/25/2026, Starttime: 10:32, LdgTime: 10:54, Flightcode: 70, Nr of Ldgs: 1/0, Flight-Air-State: 20, Flight-Process-State: 30, TowFlight: HB-KCB, TowPilot: Egli Elias, Tow-Flight-Air-State: 20, Tow-Flight-Process-State: 30
2026-05-25 05:41:35.5098 FLS.Server.Data.FLSDataEntities Update Flight with data: Tow-Flight: HB-KCB, Pilot: Egli Elias, Flight-Date: 05/25/2026, Starttime: 10:32, LdgTime: 10:38, Flightcode: 90, Nr of Ldgs: 1/0, Flight-Air-State: 20, Flight-Process-State: 30
2026-05-25 05:41:35.5357 FLS.Server.Data.FLSDataEntities Update MemberState with data: [MemberState -> MemberStateId: ae745131-cbef-4f75-9013-2bf5ad88c6d5, ClubId: 0fa7b76f-47ba-4138-8f96-671400fd7c83, MemberStateName: MemberState-1GFDA4-B, Remarks: , CreatedOn: 05/25/2026 05:41:34, CreatedByUserId: 36073196-1ee3-4a97-a3fa-f5f60039f041, ModifiedOn: 05/25/2026 05:41:35, ModifiedByUserId: 36073196-1ee3-4a97-a3fa-f5f60039f041, DeletedOn: , DeletedByUserId: , RecordState: 1, OwnerId: 0fa7b76f-47ba-4138-8f96-671400fd7c83, OwnershipType: 2, IsDeleted: False, Id: ae745131-cbef-4f75-9013-2bf5ad88c6d5,  <- MemberState]

2026-05-25 05:41:35.6256 FLS.Server.Service.FlightService The currently validated flight Glider-Flight: HB-3407, Pilot: Bonzli Lenni, Flight-Date: 05/25/2026, Starttime: 10:00, LdgTime: 10:30, Flightcode: 60, Nr of Ldgs: 1/0, Flight-Air-State: 20, Flight-Process-State: 30 has now the following Process-State: 30 (Gültig)
2026-05-25 05:41:35.6345 FLS.Server.Service.FlightService Saved the validated flights of today to database.
2026-05-25 05:41:35.6454 FLS.Server.Data.FLSDataEntities Update Flight with data: Glider-Flight: HB-3407, Pilot: Bonzli Lenni, Flight-Date: 05/25/2026, Starttime: 10:00, LdgTime: 10:30, Flightcode: 60, Nr of Ldgs: 1/0, Flight-Air-State: 20, Flight-Process-State: 30
2026-05-25 05:41:35.7285 FLS.Server.Service.FlightService The currently validated flight Glider-Flight: HB-3407, Pilot: Stahel Morli, Flight-Date: 05/25/2026, Starttime: 10:12, LdgTime: 13:44, Flightcode: 63, Nr of Ldgs: 1/0, Flight-Air-State: 20, Flight-Process-State: 30, TowFlight: HB-KCB, TowPilot: Egli Elias, Tow-Flight-Air-State: 20, Tow-Flight-Process-State: 30 has now the following Process-State: 30 (Gültig)
2026-05-25 05:41:35.7075 FLS.Server.Service.FlightService Saved the validated flights of today to database.
2026-05-25 05:41:35.7416 FLS.Server.Data.FLSDataEntities Update Flight with data: Glider-Flight: HB-3407, Pilot: Stahel Morli, Flight-Date: 05/25/2026, Starttime: 10:12, LdgTime: 13:44, Flightcode: 63, Nr of Ldgs: 1/0, Flight-Air-State: 20, Flight-Process-State: 30, TowFlight: HB-KCB, TowPilot: Egli Elias, Tow-Flight-Air-State: 20, Tow-Flight-Process-State: 30
2026-05-25 05:41:35.7476 FLS.Server.Data.FLSDataEntities Update Flight with data: Tow-Flight: HB-KCB, Pilot: Egli Elias, Flight-Date: 05/25/2026, Starttime: 10:12, LdgTime: 10:26, Flightcode: 90, Nr of Ldgs: 1/0, Flight-Air-State: 20, Flight-Process-State: 30
2026-05-25 05:41:35.7982 FLS.Server.Service.FlightService Saved the validated flights of today to database.
2026-05-25 05:41:35.8213 FLS.Server.Service.FlightService The currently validated flight Glider-Flight: HB-3407, Pilot: Bonzli Lenni, Flight-Date: 05/25/2026, Starttime: 10:00, LdgTime: 10:30, Flightcode: 60, Nr of Ldgs: 1/0, Flight-Air-State: 20, Flight-Process-State: 30 has now the following Process-State: 30 (Gültig)
2026-05-25 05:41:35.8543 FLS.Server.Service.FlightService The currently validated flight Motor-Flight: HB-DCU, Pilot: Rieterman Conny, Flight-Date: 05/25/2026, Starttime: 10:00, LdgTime: 10:30, Flightcode: 60, Nr of Ldgs: 1/0, Flight-Air-State: 20, Flight-Process-State: 30 has now the following Process-State: 30 (Gültig)
2026-05-25 05:41:35.8854 FLS.Server.Data.FLSDataEntities Update Flight with data: Motor-Flight: HB-DCU, Pilot: Rieterman Conny, Flight-Date: 05/25/2026, Starttime: 10:00, LdgTime: 10:30, Flightcode: 60, Nr of Ldgs: 1/0, Flight-Air-State: 20, Flight-Process-State: 30
2026-05-25 05:41:35.8596 FLS.Server.Data.FLSDataEntities Update Flight with data: Glider-Flight: HB-3407, Pilot: Bonzli Lenni, Flight-Date: 05/25/2026, Starttime: 10:00, LdgTime: 10:30, Flightcode: 60, Nr of Ldgs: 1/0, Flight-Air-State: 20, Flight-Process-State: 30
2026-05-25 05:41:35.9166 FLS.Server.Service.FlightService Saved the validated flights of today to database.
2026-05-25 05:41:35.9486 FLS.Server.Service.FlightService Saved the validated flights of today to database.
2026-05-25 05:41:35.9671 FLS.Server.Service.FlightService The currently validated flight Tow-Flight: HB-KCB, Pilot: Egli Elias, Flight-Date: 05/25/2026, Starttime: 10:32, LdgTime: 10:38, Flightcode: 90, Nr of Ldgs: 1/0, Flight-Air-State: 20, Flight-Process-State: 30 has now the following Process-State: 30 (Gültig)
2026-05-25 05:41:35.9867 FLS.Server.Data.FLSDataEntities Update Flight with data: Tow-Flight: HB-KCB, Pilot: Egli Elias, Flight-Date: 05/25/2026, Starttime: 10:32, LdgTime: 10:38, Flightcode: 90, Nr of Ldgs: 1/0, Flight-Air-State: 20, Flight-Process-State: 30
2026-05-25 05:41:36.0499 FLS.Server.Service.FlightService The currently validated flight Glider-Flight: HB-2464, Pilot: Stahel Morli, Flight-Date: 05/25/2026, Starttime: 10:55, Flightcode: 60, Nr of Ldgs: 0/0, Flight-Air-State: 10, Flight-Process-State: 28 has now the following Process-State: 28 (Ungültig)
2026-05-25 05:41:36.0544 FLS.Server.Service.FlightService Saved the validated flights of today to database.
2026-05-25 05:41:36.0700 FLS.Server.Data.FLSDataEntities Delete MemberState with Data: [MemberState -> MemberStateId: ae745131-cbef-4f75-9013-2bf5ad88c6d5, ClubId: 0fa7b76f-47ba-4138-8f96-671400fd7c83, MemberStateName: MemberState-1GFDA4-B, Remarks: , CreatedOn: 05/25/2026 05:41:34, CreatedByUserId: 36073196-1ee3-4a97-a3fa-f5f60039f041, ModifiedOn: 05/25/2026 05:41:35, ModifiedByUserId: 36073196-1ee3-4a97-a3fa-f5f60039f041, DeletedOn: 05/25/2026 05:41:36, DeletedByUserId: 36073196-1ee3-4a97-a3fa-f5f60039f041, RecordState: 99, OwnerId: 0fa7b76f-47ba-4138-8f96-671400fd7c83, OwnershipType: 2, IsDeleted: False, Id: ae745131-cbef-4f75-9013-2bf5ad88c6d5,  <- MemberState]

2026-05-25 05:41:36.0774 FLS.Server.Data.FLSDataEntities Update Flight with data: Glider-Flight: HB-2464, Pilot: Stahel Morli, Flight-Date: 05/25/2026, Starttime: 10:55, Flightcode: 60, Nr of Ldgs: 0/0, Flight-Air-State: 10, Flight-Process-State: 28
2026-05-25 05:41:36.1347 FLS.Server.Service.FlightService Saved the validated flights of today to database.
2026-05-25 05:41:36.1347 FLS.Server.Service.FlightService The currently validated flight Tow-Flight: HB-KCB, Pilot: Egli Elias, Flight-Date: 05/25/2026, Starttime: 10:12, LdgTime: 10:26, Flightcode: 90, Nr of Ldgs: 1/0, Flight-Air-State: 20, Flight-Process-State: 30 has now the following Process-State: 30 (Gültig)
2026-05-25 05:41:36.1609 FLS.Server.Data.FLSDataEntities Update Flight with data: Tow-Flight: HB-KCB, Pilot: Egli Elias, Flight-Date: 05/25/2026, Starttime: 10:12, LdgTime: 10:26, Flightcode: 90, Nr of Ldgs: 1/0, Flight-Air-State: 20, Flight-Process-State: 30
2026-05-25 05:41:36.2478 FLS.Server.Service.FlightService The currently validated flight Glider-Flight: HB-3407, Pilot: Bonzli Lenni, Flight-Date: 05/25/2026, Starttime: 10:00, LdgTime: 10:30, Flightcode: 60, Nr of Ldgs: 1/0, Flight-Air-State: 20, Flight-Process-State: 30 has now the following Process-State: 30 (Gültig)
2026-05-25 05:41:36.2640 FLS.Server.Service.FlightService Saved the validated flights of today to database.
2026-05-25 05:41:36.2864 FLS.Server.Service.FlightService Saved the validated flights of today to database.
2026-05-25 05:41:36.2948 FLS.Server.Data.FLSDataEntities Update Flight with data: Glider-Flight: HB-3407, Pilot: Bonzli Lenni, Flight-Date: 05/25/2026, Starttime: 10:00, LdgTime: 10:30, Flightcode: 60, Nr of Ldgs: 1/0, Flight-Air-State: 20, Flight-Process-State: 30
2026-05-25 05:41:36.3244 FLS.Server.Data.FLSDataEntities Insert FlightType with data: [FlightType -> FlightTypeId: 87313703-163a-4ace-b244-5aae08b27810, ClubId: 0fa7b76f-47ba-4138-8f96-671400fd7c83, FlightTypeName: E2E FT 0GTR9P initial, FlightCode: 0GTR9, InstructorRequired: False, ObserverPilotOrInstructorRequired: False, IsCheckFlight: False, IsPassengerFlight: False, IsSoloFlight: False, IsForGliderFlights: True, IsForTowFlights: False, IsForMotorFlights: False, IsFlightCostBalanceSelectable: False, IsCouponNumberRequired: False, MinNrOfAircraftSeatsRequired: 0, IsForAircraftReservationType: False, CreatedOn: 05/25/2026 05:41:36, CreatedByUserId: 36073196-1ee3-4a97-a3fa-f5f60039f041, ModifiedOn: , ModifiedByUserId: , DeletedOn: , DeletedByUserId: , RecordState: 1, OwnerId: 0fa7b76f-47ba-4138-8f96-671400fd7c83, OwnershipType: 2, IsDeleted: False, Id: 87313703-163a-4ace-b244-5aae08b27810,  <- FlightType]

2026-05-25 05:41:36.3455 FLS.Server.WebApi.ActionFilters.UnhandledExceptionFilterAttribute HttpStatusCode: InternalServerError with error message: Object reference not set to an instance of an object, Exception: System.NullReferenceException: Object reference not set to an instance of an object
  at System.Linq.Expressions.Compiler.LambdaCompiler.EmitMethodCall (System.Linq.Expressions.Expression obj, System.Reflection.MethodInfo method, System.Linq.Expressions.IArgumentProvider methodCallExpr, System.Linq.Expressions.Compiler.LambdaCompiler+CompilationFlags flags) [0x00002] in <69ada62907b24213a012734531df1db1>:0 
  at System.Linq.Expressions.Compiler.LambdaCompiler.EmitInvocationExpression (System.Linq.Expressions.Expression expr, System.Linq.Expressions.Compiler.LambdaCompiler+CompilationFlags flags) [0x0002d] in <69ada62907b24213a012734531df1db1>:0 
  at System.Linq.Expressions.Compiler.LambdaCompiler.EmitExpression (System.Linq.Expressions.Expression node, System.Linq.Expressions.Compiler.LambdaCompiler+CompilationFlags flags) [0x00263] in <69ada62907b24213a012734531df1db1>:0 
  at System.Linq.Expressions.Compiler.LambdaCompiler.EmitExpression (System.Linq.Expressions.Expression node) [0x00000] in <69ada62907b24213a012734531df1db1>:0 
  at System.Linq.Expressions.Compiler.LambdaCompiler.EmitInstance (System.Linq.Expressions.Expression instance, System.Type& type) [0x00035] in <69ada62907b24213a012734531df1db1>:0 
  at System.Linq.Expressions.Compiler.LambdaCompiler.EmitMemberExpression (System.Linq.Expressions.Expression expr) [0x00018] in <69ada62907b24213a012734531df1db1>:0 
  at System.Linq.Expressions.Compiler.LambdaCompiler.EmitExpression (System.Linq.Expressions.Expression node, System.Linq.Expressions.Compiler.LambdaCompiler+CompilationFlags flags) [0x00288] in <69ada62907b24213a012734531df1db1>:0 
  at System.Linq.Expressions.Compiler.LambdaCompiler.EmitLambdaBody (System.Linq.Expressions.Compiler.CompilerScope parent, System.Boolean inlined, System.Linq.Expressions.Compiler.LambdaCompiler+CompilationFlags flags) [0x00085] in <69ada62907b24213a012734531df1db1>:0 
  at System.Linq.Expressions.Compiler.LambdaCompiler.EmitLambdaBody () [0x0001a] in <69ada62907b24213a012734531df1db1>:0 
  at System.Linq.Expressions.Compiler.LambdaCompiler.Compile (System.Linq.Expressions.LambdaExpression lambda) [0x00013] in <69ada62907b24213a012734531df1db1>:0 
  at System.Linq.Expressions.LambdaExpression.Compile (System.Boolean preferInterpretation) [0x00000] in <69ada62907b24213a012734531df1db1>:0 
  at System.Linq.Expressions.LambdaExpression.Compile () [0x00000] in <69ada62907b24213a012734531df1db1>:0 
  at System.Data.Entity.Core.Objects.ELinq.QueryParameterExpression.EvaluateParameter (System.Object[] arguments) [0x0008d] in <b7b192e5a05f4f14a14aa0d5b14aeeeb>:0 
  at System.Data.Entity.Core.Objects.ELinq.ELinqQueryState.GetExecutionPlan (System.Nullable`1[T] forMergeOption) [0x002e5] in <b7b192e5a05f4f14a14aa0d5b14aeeeb>:0 
  at System.Data.Entity.Core.Objects.ObjectQuery`1+<>c__DisplayClass7[T].<GetResults>b__6 () [0x0000b] in <b7b192e5a05f4f14a14aa0d5b14aeeeb>:0 
  at System.Data.Entity.Core.Objects.ObjectContext.ExecuteInTransaction[T] (System.Func`1[TResult] func, System.Data.Entity.Infrastructure.IDbExecutionStrategy executionStrategy, System.Boolean startLocalTransaction, System.Boolean releaseConnectionOnSuccess) [0x0008a] in <b7b192e5a05f4f14a14aa0d5b14aeeeb>:0 
  at System.Data.Entity.Core.Objects.ObjectQuery`1+<>c__DisplayClass7[T].<GetResults>b__5 () [0x00033] in <b7b192e5a05f4f14a14aa0d5b14aeeeb>:0 
  at System.Data.Entity.SqlServer.DefaultSqlExecutionStrategy.Execute[TResult] (System.Func`1[TResult] operation) [0x00036] in <5c51bb66ce2c412d8224b39ad2626fbe>:0 
  at System.Data.Entity.Core.Objects.ObjectQuery`1[T].GetResults (System.Nullable`1[T] forMergeOption) [0x00093] in <b7b192e5a05f4f14a14aa0d5b14aeeeb>:0 
  at System.Data.Entity.Core.Objects.ObjectQuery`1[T].<System.Collections.Generic.IEnumerable<T>.GetEnumerator>b__0 () [0x00000] in <b7b192e5a05f4f14a14aa0d5b14aeeeb>:0 
  at System.Data.Entity.Internal.LazyEnumerator`1[T].MoveNext () [0x00008] in <b7b192e5a05f4f14a14aa0d5b14aeeeb>:0 
  at System.Collections.Generic.List`1[T].AddEnumerable (System.Collections.Generic.IEnumerable`1[T] enumerable) [0x00059] in <d636f104d58046fd9b195699bcb1a744>:0 
  at System.Collections.Generic.List`1[T]..ctor (System.Collections.Generic.IEnumerable`1[T] collection) [0x00062] in <d636f104d58046fd9b195699bcb1a744>:0 
  at System.Linq.Enumerable.ToList[TSource] (System.Collections.Generic.IEnumerable`1[T] source) [0x00018] in <69ada62907b24213a012734531df1db1>:0 
  at FLS.Server.Service.LocationService.GetPagedLocationOverviews (System.Nullable`1[T] pageStart, System.Nullable`1[T] pageSize, FLS.Data.WebApi.PageableSearchFilter`1[T] pageableSearchFilter) [0x008ac] in <d94b636029de4450a2328c24a427c308>:0 
  at FLS.Server.WebApi.Controllers.LocationsController.GetPagedLocationOverviews (FLS.Data.WebApi.PageableSearchFilter`1[T] pageableSearchFilter, System.Nullable`1[T] pageStart, System.Nullable`1[T] pageSize) [0x00001] in <b7f5f327446148d7aa1b4cdb3a6e549c>:0 
  at (wrapper dynamic-method) System.Object.lambda_method(System.Runtime.CompilerServices.Closure,object,object[])
  at System.Web.Http.Controllers.ReflectedHttpActionDescriptor+ActionExecutor+<>c__DisplayClass6_2.<GetExecutor>b__2 (System.Object instance, System.Object[] methodParameters) [0x00000] in <4f8d88aa02d546f6963914471854cb7c>:0 
  at System.Web.Http.Controllers.ReflectedHttpActionDescriptor+ActionExecutor.Execute (System.Object instance, System.Object[] arguments) [0x00000] in <4f8d88aa02d546f6963914471854cb7c>:0 
  at System.Web.Http.Controllers.ReflectedHttpActionDescriptor.ExecuteAsync (System.Web.Http.Controllers.HttpControllerContext controllerContext, System.Collections.Generic.IDictionary`2[TKey,TValue] arguments, System.Threading.CancellationToken cancellationToken) [0x00046] in <4f8d88aa02d546f6963914471854cb7c>:0 
--- End of stack trace from previous location where exception was thrown ---

  at System.Web.Http.Controllers.ApiControllerActionInvoker.InvokeActionAsyncCore (System.Web.Http.Controllers.HttpActionContext actionContext, System.Threading.CancellationToken cancellationToken) [0x000ab] in <4f8d88aa02d546f6963914471854cb7c>:0 
  at System.Web.Http.Filters.ActionFilterAttribute.CallOnActionExecutedAsync (System.Web.Http.Controllers.HttpActionContext actionContext, System.Threading.CancellationToken cancellationToken, System.Func`1[TResult] continuation) [0x00091] in <4f8d88aa02d546f6963914471854cb7c>:0 
  at System.Web.Http.Filters.ActionFilterAttribute.CallOnActionExecutedAsync (System.Web.Http.Controllers.HttpActionContext actionContext, System.Threading.CancellationToken cancellationToken, System.Func`1[TResult] continuation) [0x001ad] in <4f8d88aa02d546f6963914471854cb7c>:0 
  at System.Web.Http.Filters.ActionFilterAttribute.ExecuteActionFilterAsyncCore (System.Web.Http.Controllers.HttpActionContext actionContext, System.Threading.CancellationToken cancellationToken, System.Func`1[TResult] continuation) [0x00103] in <4f8d88aa02d546f6963914471854cb7c>:0 
  at System.Web.Http.Filters.ActionFilterAttribute.CallOnActionExecutedAsync (System.Web.Http.Controllers.HttpActionContext actionContext, System.Threading.CancellationToken cancellationToken, System.Func`1[TResult] continuation) [0x00091] in <4f8d88aa02d546f6963914471854cb7c>:0 
  at System.Web.Http.Filters.ActionFilterAttribute.CallOnActionExecutedAsync (System.Web.Http.Controllers.HttpActionContext actionContext, System.Threading.CancellationToken cancellationToken, System.Func`1[TResult] continuation) [0x001ad] in <4f8d88aa02d546f6963914471854cb7c>:0 
  at System.Web.Http.Filters.ActionFilterAttribute.ExecuteActionFilterAsyncCore (System.Web.Http.Controllers.HttpActionContext actionContext, System.Threading.CancellationToken cancellationToken, System.Func`1[TResult] continuation) [0x00103] in <4f8d88aa02d546f6963914471854cb7c>:0 
  at System.Web.Http.Filters.ActionFilterAttribute.CallOnActionExecutedAsync (System.Web.Http.Controllers.HttpActionContext actionContext, System.Threading.CancellationToken cancellationToken, System.Func`1[TResult] continuation) [0x00091] in <4f8d88aa02d546f6963914471854cb7c>:0 
  at System.Web.Http.Filters.ActionFilterAttribute.CallOnActionExecutedAsync (System.Web.Http.Controllers.HttpActionContext actionContext, System.Threading.CancellationToken cancellationToken, System.Func`1[TResult] continuation) [0x001ad] in <4f8d88aa02d546f6963914471854cb7c>:0 
  at System.Web.Http.Filters.ActionFilterAttribute.ExecuteActionFilterAsyncCore (System.Web.Http.Controllers.HttpActionContext actionContext, System.Threading.CancellationToken cancellationToken, System.Func`1[TResult] continuation) [0x00103] in <4f8d88aa02d546f6963914471854cb7c>:0 
  at System.Web.Http.Filters.ActionFilterAttribute.CallOnActionExecutedAsync (System.Web.Http.Controllers.HttpActionContext actionContext, System.Threading.CancellationToken cancellationToken, System.Func`1[TResult] continuation) [0x00091] in <4f8d88aa02d546f6963914471854cb7c>:0 
  at System.Web.Http.Filters.ActionFilterAttribute.CallOnActionExecutedAsync (System.Web.Http.Controllers.HttpActionContext actionContext, System.Threading.CancellationToken cancellationToken, System.Func`1[TResult] continuation) [0x001ad] in <4f8d88aa02d546f6963914471854cb7c>:0 
  at System.Web.Http.Filters.ActionFilterAttribute.ExecuteActionFilterAsyncCore (System.Web.Http.Controllers.HttpActionContext actionContext, System.Threading.CancellationToken cancellationToken, System.Func`1[TResult] continuation) [0x00103] in <4f8d88aa02d546f6963914471854cb7c>:0 
  at System.Web.Http.Controllers.ActionFilterResult.ExecuteAsync (System.Threading.CancellationToken cancellationToken) [0x001a4] in <4f8d88aa02d546f6963914471854cb7c>:0 
  at System.Web.Http.Filters.AuthorizationFilterAttribute.ExecuteAuthorizationFilterAsyncCore (System.Web.Http.Controllers.HttpActionContext actionContext, System.Threading.CancellationToken cancellationToken, System.Func`1[TResult] continuation) [0x000f3] in <4f8d88aa02d546f6963914471854cb7c>:0 
  at System.Web.Http.Controllers.AuthenticationFilterResult.ExecuteAsync (System.Threading.CancellationToken cancellationToken) [0x00265] in <4f8d88aa02d546f6963914471854cb7c>:0 
  at System.Web.Http.Controllers.ExceptionFilterResult.ExecuteAsync (System.Threading.CancellationToken cancellationToken) [0x00087] in <4f8d88aa02d546f6963914471854cb7c>:0 , InnerException: 
2026-05-25 05:41:36.3403 FLS.Server.Service.FlightService Saved the validated flights of today to database.
2026-05-25 05:41:36.3414 FLS.Server.Service.FlightService The valid flight Glider-Flight: HB-3407, Pilot: Bonzli Lenni, Flight-Date: 05/25/2026, Starttime: 10:00, LdgTime: 10:30, Flightcode: 60, Nr of Ldgs: 1/0, Flight-Air-State: 20, Flight-Process-State: 40 has now been locked.
2026-05-25 05:41:36.3586 FLS.Server.Service.FlightService The valid flight Glider-Flight: HB-3407, Pilot: Stahel Morli, Flight-Date: 12/02/2025, Starttime: 00:00, LdgTime: 00:47, Flightcode: 63, Nr of Ldgs: 1/0, Flight-Air-State: 20, Flight-Process-State: 40 has now been locked.
2026-05-25 05:41:36.3833 FLS.Server.Data.FLSDataEntities Update Flight with data: Glider-Flight: HB-3407, Pilot: Bonzli Lenni, Flight-Date: 05/25/2026, Starttime: 10:00, LdgTime: 10:30, Flightcode: 60, Nr of Ldgs: 1/0, Flight-Air-State: 20, Flight-Process-State: 40
2026-05-25 05:41:36.4016 FLS.Server.Data.FLSDataEntities Update Flight with data: Glider-Flight: HB-3407, Pilot: Stahel Morli, Flight-Date: 12/02/2025, Starttime: 00:00, LdgTime: 00:47, Flightcode: 63, Nr of Ldgs: 1/0, Flight-Air-State: 20, Flight-Process-State: 40
2026-05-25 05:41:36.4186 FLS.Server.Service.FlightService The currently validated flight Glider-Flight: HB-3256, Pilot: Bonzli Lenni, Flight-Date: 05/25/2026, Starttime: 10:32, LdgTime: 10:54, Flightcode: 70, Nr of Ldgs: 1/0, Flight-Air-State: 20, Flight-Process-State: 30, TowFlight: HB-KCB, TowPilot: Egli Elias, Tow-Flight-Air-State: 20, Tow-Flight-Process-State: 30 has now the following Process-State: 30 (Gültig)
2026-05-25 05:41:36.4328 FLS.Server.Data.FLSDataEntities Update Flight with data: Glider-Flight: HB-3256, Pilot: Bonzli Lenni, Flight-Date: 05/25/2026, Starttime: 10:32, LdgTime: 10:54, Flightcode: 70, Nr of Ldgs: 1/0, Flight-Air-State: 20, Flight-Process-State: 30, TowFlight: HB-KCB, TowPilot: Egli Elias, Tow-Flight-Air-State: 20, Tow-Flight-Process-State: 30
2026-05-25 05:41:36.4394 FLS.Server.Data.FLSDataEntities Update Flight with data: Tow-Flight: HB-KCB, Pilot: Egli Elias, Flight-Date: 05/25/2026, Starttime: 10:32, LdgTime: 10:38, Flightcode: 90, Nr of Ldgs: 1/0, Flight-Air-State: 20, Flight-Process-State: 30
2026-05-25 05:41:36.5124 FLS.Server.Service.FlightService Saved the validated flights of today to database.
2026-05-25 05:41:36.6132 FLS.Server.Service.FlightService The currently validated flight Glider-Flight: HB-3407, Pilot: Stahel Morli, Flight-Date: 05/25/2026, Starttime: 10:12, LdgTime: 13:44, Flightcode: 63, Nr of Ldgs: 1/0, Flight-Air-State: 20, Flight-Process-State: 30, TowFlight: HB-KCB, TowPilot: Egli Elias, Tow-Flight-Air-State: 20, Tow-Flight-Process-State: 30 has now the following Process-State: 30 (Gültig)
2026-05-25 05:41:36.6526 FLS.Server.Data.FLSDataEntities Update Flight with data: Glider-Flight: HB-3407, Pilot: Stahel Morli, Flight-Date: 05/25/2026, Starttime: 10:12, LdgTime: 13:44, Flightcode: 63, Nr of Ldgs: 1/0, Flight-Air-State: 20, Flight-Process-State: 30, TowFlight: HB-KCB, TowPilot: Egli Elias, Tow-Flight-Air-State: 20, Tow-Flight-Process-State: 30
2026-05-25 05:41:36.6629 FLS.Server.Data.FLSDataEntities Update Flight with data: Tow-Flight: HB-KCB, Pilot: Egli Elias, Flight-Date: 05/25/2026, Starttime: 10:12, LdgTime: 10:26, Flightcode: 90, Nr of Ldgs: 1/0, Flight-Air-State: 20, Flight-Process-State: 30
2026-05-25 05:41:36.7198 FLS.Server.Service.FlightService Saved the validated flights of today to database.
2026-05-25 05:41:36.7719 FLS.Server.Service.FlightService The currently validated flight Glider-Flight: HB-3407, Pilot: Bonzli Lenni, Flight-Date: 05/25/2026, Starttime: 10:00, LdgTime: 10:30, Flightcode: 60, Nr of Ldgs: 1/0, Flight-Air-State: 20, Flight-Process-State: 30 has now the following Process-State: 30 (Gültig)
2026-05-25 05:41:36.7871 FLS.Server.Data.FLSDataEntities Update Flight with data: Glider-Flight: HB-3407, Pilot: Bonzli Lenni, Flight-Date: 05/25/2026, Starttime: 10:00, LdgTime: 10:30, Flightcode: 60, Nr of Ldgs: 1/0, Flight-Air-State: 20, Flight-Process-State: 30
2026-05-25 05:41:36.8658 FLS.Server.Service.FlightService Saved the validated flights of today to database.
2026-05-25 05:41:36.9383 FLS.Server.Service.FlightService The currently validated flight Motor-Flight: HB-DCU, Pilot: Rieterman Conny, Flight-Date: 05/25/2026, Starttime: 10:00, LdgTime: 10:30, Flightcode: 60, Nr of Ldgs: 1/0, Flight-Air-State: 20, Flight-Process-State: 30 has now the following Process-State: 30 (Gültig)
2026-05-25 05:41:36.9696 FLS.Server.Data.FLSDataEntities Update Flight with data: Motor-Flight: HB-DCU, Pilot: Rieterman Conny, Flight-Date: 05/25/2026, Starttime: 10:00, LdgTime: 10:30, Flightcode: 60, Nr of Ldgs: 1/0, Flight-Air-State: 20, Flight-Process-State: 30
2026-05-25 05:41:37.0328 FLS.Server.Data.FLSDataEntities Update Club with data: [Club -> ClubId: 0fa7b76f-47ba-4138-8f96-671400fd7c83, Clubname: Test-Club, ClubKey: TestClub, Address: E2E Address 1779687696313, Zip: 5556, City: Zürich, CountryId: 77cc3be6-95db-11e0-b104-e7f04724019b, Phone: 044 333 44 55, FaxNumber: 044 666 55 44, Email: info@club.ch, WebPage: www.club.ch, Contact: E2E Contact 1779687696313, HomebaseId: 5bfd35f5-1183-4f7a-84b5-8c0c19288ed3, DefaultStartTypeId: , DefaultGliderFlightTypeId: , DefaultTowFlightTypeId: , DefaultMotorFlightTypeId: , SendAircraftStatisticReportTo: , SendPlanningDayInfoMailTo: test@glider-fls.ch, SendDeliveryMailExportTo: test@glider-fls.ch, SendTrialFlightRegistrationOperatorEmailTo: trial-organizer@e2e.fls.local, SendPassengerFlightRegistrationOperatorEmailTo: passenger-organizer@e2e.fls.local, ReplyToEmailAddress: , RunDeliveryCreationJob: True, RunDeliveryMailExportJob: False, LastPersonSynchronisationOn: , LastDeliverySynchronisationOn: , LastArticleSynchronisationOn: , ClubStateId: 1, IsClubMemberNumberReadonly: True, CreatedOn: 05/25/2026 05:38:57, CreatedByUserId: 13731ee2-c1d8-455c-8ad1-c39399893fff, ModifiedOn: 05/25/2026 05:41:37, ModifiedByUserId: 36073196-1ee3-4a97-a3fa-f5f60039f041, DeletedOn: , DeletedByUserId: , RecordState: 1, OwnerId: a1dde2cb-6326-4bb2-897d-7cfc118e842b, OwnershipType: 2, IsDeleted: False, DoNotUpdateMetaData: False, Id: 0fa7b76f-47ba-4138-8f96-671400fd7c83, HomebaseName: Speck Fehraltorf,  <- Club]

2026-05-25 05:41:37.0423 FLS.Server.Service.FlightService Saved the validated flights of today to database.
2026-05-25 05:41:37.1388 FLS.Server.Service.FlightService The currently validated flight Tow-Flight: HB-KCB, Pilot: Egli Elias, Flight-Date: 05/25/2026, Starttime: 10:32, LdgTime: 10:38, Flightcode: 90, Nr of Ldgs: 1/0, Flight-Air-State: 20, Flight-Process-State: 30 has now the following Process-State: 30 (Gültig)
2026-05-25 05:41:37.1601 FLS.Server.Data.FLSDataEntities Update Flight with data: Tow-Flight: HB-KCB, Pilot: Egli Elias, Flight-Date: 05/25/2026, Starttime: 10:32, LdgTime: 10:38, Flightcode: 90, Nr of Ldgs: 1/0, Flight-Air-State: 20, Flight-Process-State: 30
2026-05-25 05:41:37.2359 FLS.Server.Service.FlightService Saved the validated flights of today to database.
2026-05-25 05:41:37.3219 FLS.Server.Service.FlightService The currently validated flight Tow-Flight: HB-KCB, Pilot: Egli Elias, Flight-Date: 05/25/2026, Starttime: 10:12, LdgTime: 10:26, Flightcode: 90, Nr of Ldgs: 1/0, Flight-Air-State: 20, Flight-Process-State: 30 has now the following Process-State: 30 (Gültig)
2026-05-25 05:41:37.3493 FLS.Server.Data.FLSDataEntities Update Flight with data: Tow-Flight: HB-KCB, Pilot: Egli Elias, Flight-Date: 05/25/2026, Starttime: 10:12, LdgTime: 10:26, Flightcode: 90, Nr of Ldgs: 1/0, Flight-Air-State: 20, Flight-Process-State: 30
2026-05-25 05:41:37.3824 FLS.Server.Service.FlightService Saved the validated flights of today to database.
2026-05-25 05:41:37.3986 FLS.Server.Service.FlightService Saved the validated flights of today to database.
2026-05-25 05:41:37.4253 FLS.Server.Data.FLSDataEntities Update FlightType with data: [FlightType -> FlightTypeId: 87313703-163a-4ace-b244-5aae08b27810, ClubId: 0fa7b76f-47ba-4138-8f96-671400fd7c83, FlightTypeName: E2E FT 0GTR9P updated, FlightCode: 0GTR9, InstructorRequired: False, ObserverPilotOrInstructorRequired: False, IsCheckFlight: False, IsPassengerFlight: False, IsSoloFlight: False, IsForGliderFlights: True, IsForTowFlights: False, IsForMotorFlights: False, IsFlightCostBalanceSelectable: False, IsCouponNumberRequired: False, MinNrOfAircraftSeatsRequired: 0, IsForAircraftReservationType: False, CreatedOn: 05/25/2026 05:41:36, CreatedByUserId: 36073196-1ee3-4a97-a3fa-f5f60039f041, ModifiedOn: 05/25/2026 05:41:37, ModifiedByUserId: 36073196-1ee3-4a97-a3fa-f5f60039f041, DeletedOn: , DeletedByUserId: , RecordState: 1, OwnerId: 0fa7b76f-47ba-4138-8f96-671400fd7c83, OwnershipType: 2, IsDeleted: False, Id: 87313703-163a-4ace-b244-5aae08b27810,  <- FlightType]

2026-05-25 05:41:37.9247 FLS.Server.Data.FLSDataEntities Delete FlightType with Data: [FlightType -> FlightTypeId: 87313703-163a-4ace-b244-5aae08b27810, ClubId: 0fa7b76f-47ba-4138-8f96-671400fd7c83, FlightTypeName: E2E FT 0GTR9P updated, FlightCode: 0GTR9, InstructorRequired: False, ObserverPilotOrInstructorRequired: False, IsCheckFlight: False, IsPassengerFlight: False, IsSoloFlight: False, IsForGliderFlights: True, IsForTowFlights: False, IsForMotorFlights: False, IsFlightCostBalanceSelectable: False, IsCouponNumberRequired: False, MinNrOfAircraftSeatsRequired: 0, IsForAircraftReservationType: False, CreatedOn: 05/25/2026 05:41:36, CreatedByUserId: 36073196-1ee3-4a97-a3fa-f5f60039f041, ModifiedOn: 05/25/2026 05:41:37, ModifiedByUserId: 36073196-1ee3-4a97-a3fa-f5f60039f041, DeletedOn: 05/25/2026 05:41:37, DeletedByUserId: 36073196-1ee3-4a97-a3fa-f5f60039f041, RecordState: 99, OwnerId: 0fa7b76f-47ba-4138-8f96-671400fd7c83, OwnershipType: 2, IsDeleted: False, Id: 87313703-163a-4ace-b244-5aae08b27810,  <- FlightType]

2026-05-25 05:41:38.6640 FLS.Server.Data.FLSDataEntities Insert Location with data: [Location -> LocationId: 3017686f-d8a5-4969-be48-2c8c2bd1d33d, LocationName: E2E masterdata-locations-crud-masterdata-crud-locations-create-e, LocationShortName: , CountryId: 77cc3be6-95db-11e0-b104-e7f04724019b, LocationTypeId: 05fa789e-a77d-44c6-bbe4-7f909a7dd3e6, IcaoCode: 1K8A82, Latitude: , Longitude: , Elevation: , ElevationUnitTypeId: , RunwayDirection: , RunwayLength: , RunwayLengthUnitType: , AirportFrequency: , Description: created by e2e, SortIndicator: , IsInboundRouteRequired: False, IsOutboundRouteRequired: False, IsFastEntryRecord: False, CreatedOn: 05/25/2026 05:41:38, CreatedByUserId: 36073196-1ee3-4a97-a3fa-f5f60039f041, ModifiedOn: , ModifiedByUserId: , DeletedOn: , DeletedByUserId: , RecordState: 1, OwnerId: 0fa7b76f-47ba-4138-8f96-671400fd7c83, OwnershipType: 2, IsDeleted: False, Id: 3017686f-d8a5-4969-be48-2c8c2bd1d33d,  <- Location]

2026-05-25 05:41:39.1092 FLS.Server.Data.FLSDataEntities Update Club with data: [Club -> ClubId: 0fa7b76f-47ba-4138-8f96-671400fd7c83, Clubname: Test-Club, ClubKey: TestClub, Address: Flugplatz Test, Zip: 5556, City: Zürich, CountryId: 77cc3be6-95db-11e0-b104-e7f04724019b, Phone: 044 333 44 55, FaxNumber: 044 666 55 44, Email: info@club.ch, WebPage: www.club.ch, Contact: Sekretariat, HomebaseId: 5bfd35f5-1183-4f7a-84b5-8c0c19288ed3, DefaultStartTypeId: , DefaultGliderFlightTypeId: , DefaultTowFlightTypeId: , DefaultMotorFlightTypeId: , SendAircraftStatisticReportTo: , SendPlanningDayInfoMailTo: test@glider-fls.ch, SendDeliveryMailExportTo: test@glider-fls.ch, SendTrialFlightRegistrationOperatorEmailTo: trial-organizer@e2e.fls.local, SendPassengerFlightRegistrationOperatorEmailTo: passenger-organizer@e2e.fls.local, ReplyToEmailAddress: , RunDeliveryCreationJob: True, RunDeliveryMailExportJob: False, LastPersonSynchronisationOn: , LastDeliverySynchronisationOn: , LastArticleSynchronisationOn: , ClubStateId: 1, IsClubMemberNumberReadonly: True, CreatedOn: 05/25/2026 05:38:57, CreatedByUserId: 13731ee2-c1d8-455c-8ad1-c39399893fff, ModifiedOn: 05/25/2026 05:41:39, ModifiedByUserId: 36073196-1ee3-4a97-a3fa-f5f60039f041, DeletedOn: , DeletedByUserId: , RecordState: 1, OwnerId: a1dde2cb-6326-4bb2-897d-7cfc118e842b, OwnershipType: 2, IsDeleted: False, DoNotUpdateMetaData: False, Id: 0fa7b76f-47ba-4138-8f96-671400fd7c83, HomebaseName: Speck Fehraltorf,  <- Club]

2026-05-25 05:41:41.0548 FLS.Server.Data.FLSDataEntities Update Location with data: [Location -> LocationId: 3017686f-d8a5-4969-be48-2c8c2bd1d33d, LocationName: E2E masterdata-locations-crud-masterdata-crud-locations-create-e, LocationShortName: , CountryId: 77cc3be6-95db-11e0-b104-e7f04724019b, LocationTypeId: 05fa789e-a77d-44c6-bbe4-7f909a7dd3e6, IcaoCode: 1K8A82, Latitude: , Longitude: , Elevation: , ElevationUnitTypeId: , RunwayDirection: , RunwayLength: , RunwayLengthUnitType: , AirportFrequency: , Description: edited by e2e, SortIndicator: , IsInboundRouteRequired: False, IsOutboundRouteRequired: False, IsFastEntryRecord: False, CreatedOn: 05/25/2026 05:41:38, CreatedByUserId: 36073196-1ee3-4a97-a3fa-f5f60039f041, ModifiedOn: 05/25/2026 05:41:41, ModifiedByUserId: 36073196-1ee3-4a97-a3fa-f5f60039f041, DeletedOn: , DeletedByUserId: , RecordState: 1, OwnerId: 0fa7b76f-47ba-4138-8f96-671400fd7c83, OwnershipType: 2, IsDeleted: False, Id: 3017686f-d8a5-4969-be48-2c8c2bd1d33d,  <- Location]

2026-05-25 05:41:41.7999 FLS.Server.Data.FLSDataEntities Delete Location with Data: [Location -> LocationId: 3017686f-d8a5-4969-be48-2c8c2bd1d33d, LocationName: E2E masterdata-locations-crud-masterdata-crud-locations-create-e, LocationShortName: , CountryId: 77cc3be6-95db-11e0-b104-e7f04724019b, LocationTypeId: 05fa789e-a77d-44c6-bbe4-7f909a7dd3e6, IcaoCode: 1K8A82, Latitude: , Longitude: , Elevation: , ElevationUnitTypeId: , RunwayDirection: , RunwayLength: , RunwayLengthUnitType: , AirportFrequency: , Description: edited by e2e, SortIndicator: , IsInboundRouteRequired: False, IsOutboundRouteRequired: False, IsFastEntryRecord: False, CreatedOn: 05/25/2026 05:41:38, CreatedByUserId: 36073196-1ee3-4a97-a3fa-f5f60039f041, ModifiedOn: 05/25/2026 05:41:41, ModifiedByUserId: 36073196-1ee3-4a97-a3fa-f5f60039f041, DeletedOn: 05/25/2026 05:41:41, DeletedByUserId: 36073196-1ee3-4a97-a3fa-f5f60039f041, RecordState: 99, OwnerId: 0fa7b76f-47ba-4138-8f96-671400fd7c83, OwnershipType: 2, IsDeleted: False, Id: 3017686f-d8a5-4969-be48-2c8c2bd1d33d,  <- Location]

2026-05-25 05:41:46.3839 FLS.Server.Data.FLSDataEntities Insert Person with data: [Person -> PersonId: 24e391ea-8a74-43c0-983c-19db35eacfdd, Lastname: E2ELast1779687705708-648318, Firstname: E2EFirst1779687705708-648318, Midname: , CompanyName: , AddressLine1: , AddressLine2: , Zip: , City: , Region: , CountryId: , PrivatePhone: , MobilePhone: , BusinessPhone: , FaxNumber: , EmailPrivate: e2e-1779687705708-648318@example.test, EmailBusiness: , PreferMailToBusinessMail: False, Birthday: , HasMotorPilotLicence: False, HasTowPilotLicence: False, HasGliderInstructorLicence: False, HasGliderPilotLicence: False, HasGliderTraineeLicence: False, HasGliderPAXLicence: False, HasTMGLicence: False, HasWinchOperatorLicence: False, HasMotorInstructorLicence: False, HasPartMLicence: False, LicenceNumber: , MedicalClass1ExpireDate: , MedicalClass2ExpireDate: , MedicalLaplExpireDate: , GliderInstructorLicenceExpireDate: , MotorInstructorLicenceExpireDate: , PartMLicenceExpireDate: , HasGliderTowingStartPermission: False, HasGliderSelfStartPermission: False, HasGliderWinchStartPermission: False, SpotLink: , ReceiveOwnedAircraftStatisticReports: False, EnableAddress: False, IsFastEntryRecord: False, CreatedOn: 05/25/2026 05:41:46, CreatedByUserId: 36073196-1ee3-4a97-a3fa-f5f60039f041, ModifiedOn: , ModifiedByUserId: , DeletedOn: , DeletedByUserId: , RecordState: 1, OwnerId: 0fa7b76f-47ba-4138-8f96-671400fd7c83, OwnershipType: 2, IsDeleted: False, DisplayName: E2ELast1779687705708-648318 E2EFirst1779687705708-648318, EmailAddressForCommunication: e2e-1779687705708-648318@example.test, Id: 24e391ea-8a74-43c0-983c-19db35eacfdd, DoNotUpdateTimeStampsInMetaData: False,  <- Person]

2026-05-25 05:41:46.4896 FLS.Server.Data.FLSDataEntities Insert PersonClub with data: [PersonClub -> PersonId: 00000000-0000-0000-0000-000000000000, ClubId: 0fa7b76f-47ba-4138-8f96-671400fd7c83, MemberNumber: , MemberStateId: , IsMotorPilot: False, IsTowPilot: False, IsGliderInstructor: False, IsGliderPilot: False, IsGliderTrainee: False, IsPassenger: False, IsWinchOperator: False, IsMotorInstructor: False, ReceiveFlightReports: False, ReceiveAircraftReservationNotifications: False, ReceivePlanningDayRoleReminder: False, IsActive: False, CreatedOn: 05/25/2026 05:41:46, CreatedByUserId: 36073196-1ee3-4a97-a3fa-f5f60039f041, ModifiedOn: , ModifiedByUserId: , DeletedOn: , DeletedByUserId: , RecordState: 1, OwnerId: 0fa7b76f-47ba-4138-8f96-671400fd7c83, OwnershipType: 2, IsDeleted: False, Id: 00000000-0000-0000-0000-000000000000, DoNotUpdateTimeStampsInMetaData: False,  <- PersonClub]

2026-05-25 05:41:49.0599 FLS.Server.WebApi.ActionFilters.UnhandledExceptionFilterAttribute HttpStatusCode: InternalServerError with error message: Object reference not set to an instance of an object, Exception: System.NullReferenceException: Object reference not set to an instance of an object
  at System.Linq.Expressions.Compiler.LambdaCompiler.EmitMethodCall (System.Linq.Expressions.Expression obj, System.Reflection.MethodInfo method, System.Linq.Expressions.IArgumentProvider methodCallExpr, System.Linq.Expressions.Compiler.LambdaCompiler+CompilationFlags flags) [0x00002] in <69ada62907b24213a012734531df1db1>:0 
  at System.Linq.Expressions.Compiler.LambdaCompiler.EmitInvocationExpression (System.Linq.Expressions.Expression expr, System.Linq.Expressions.Compiler.LambdaCompiler+CompilationFlags flags) [0x0002d] in <69ada62907b24213a012734531df1db1>:0 
  at System.Linq.Expressions.Compiler.LambdaCompiler.EmitExpression (System.Linq.Expressions.Expression node, System.Linq.Expressions.Compiler.LambdaCompiler+CompilationFlags flags) [0x00263] in <69ada62907b24213a012734531df1db1>:0 
  at System.Linq.Expressions.Compiler.LambdaCompiler.EmitExpression (System.Linq.Expressions.Expression node) [0x00000] in <69ada62907b24213a012734531df1db1>:0 
  at System.Linq.Expressions.Compiler.LambdaCompiler.EmitInstance (System.Linq.Expressions.Expression instance, System.Type& type) [0x00035] in <69ada62907b24213a012734531df1db1>:0 
  at System.Linq.Expressions.Compiler.LambdaCompiler.EmitMemberExpression (System.Linq.Expressions.Expression expr) [0x00018] in <69ada62907b24213a012734531df1db1>:0 
  at System.Linq.Expressions.Compiler.LambdaCompiler.EmitExpression (System.Linq.Expressions.Expression node, System.Linq.Expressions.Compiler.LambdaCompiler+CompilationFlags flags) [0x00288] in <69ada62907b24213a012734531df1db1>:0 
  at System.Linq.Expressions.Compiler.LambdaCompiler.EmitLambdaBody (System.Linq.Expressions.Compiler.CompilerScope parent, System.Boolean inlined, System.Linq.Expressions.Compiler.LambdaCompiler+CompilationFlags flags) [0x00085] in <69ada62907b24213a012734531df1db1>:0 
  at System.Linq.Expressions.Compiler.LambdaCompiler.EmitLambdaBody () [0x0001a] in <69ada62907b24213a012734531df1db1>:0 
  at System.Linq.Expressions.Compiler.LambdaCompiler.Compile (System.Linq.Expressions.LambdaExpression lambda) [0x00013] in <69ada62907b24213a012734531df1db1>:0 
  at System.Linq.Expressions.LambdaExpression.Compile (System.Boolean preferInterpretation) [0x00000] in <69ada62907b24213a012734531df1db1>:0 
  at System.Linq.Expressions.LambdaExpression.Compile () [0x00000] in <69ada62907b24213a012734531df1db1>:0 
  at System.Data.Entity.Core.Objects.ELinq.QueryParameterExpression.EvaluateParameter (System.Object[] arguments) [0x0008d] in <b7b192e5a05f4f14a14aa0d5b14aeeeb>:0 
  at System.Data.Entity.Core.Objects.ELinq.ELinqQueryState.GetExecutionPlan (System.Nullable`1[T] forMergeOption) [0x002e5] in <b7b192e5a05f4f14a14aa0d5b14aeeeb>:0 
  at System.Data.Entity.Core.Objects.ObjectQuery`1+<>c__DisplayClass7[T].<GetResults>b__6 () [0x0000b] in <b7b192e5a05f4f14a14aa0d5b14aeeeb>:0 
  at System.Data.Entity.Core.Objects.ObjectContext.ExecuteInTransaction[T] (System.Func`1[TResult] func, System.Data.Entity.Infrastructure.IDbExecutionStrategy executionStrategy, System.Boolean startLocalTransaction, System.Boolean releaseConnectionOnSuccess) [0x0008a] in <b7b192e5a05f4f14a14aa0d5b14aeeeb>:0 
  at System.Data.Entity.Core.Objects.ObjectQuery`1+<>c__DisplayClass7[T].<GetResults>b__5 () [0x00033] in <b7b192e5a05f4f14a14aa0d5b14aeeeb>:0 
  at System.Data.Entity.SqlServer.DefaultSqlExecutionStrategy.Execute[TResult] (System.Func`1[TResult] operation) [0x00036] in <5c51bb66ce2c412d8224b39ad2626fbe>:0 
  at System.Data.Entity.Core.Objects.ObjectQuery`1[T].GetResults (System.Nullable`1[T] forMergeOption) [0x00093] in <b7b192e5a05f4f14a14aa0d5b14aeeeb>:0 
  at System.Data.Entity.Core.Objects.ObjectQuery`1[T].<System.Collections.Generic.IEnumerable<T>.GetEnumerator>b__0 () [0x00000] in <b7b192e5a05f4f14a14aa0d5b14aeeeb>:0 
  at System.Data.Entity.Internal.LazyEnumerator`1[T].MoveNext () [0x00008] in <b7b192e5a05f4f14a14aa0d5b14aeeeb>:0 
  at System.Collections.Generic.List`1[T].AddEnumerable (System.Collections.Generic.IEnumerable`1[T] enumerable) [0x00059] in <d636f104d58046fd9b195699bcb1a744>:0 
  at System.Collections.Generic.List`1[T]..ctor (System.Collections.Generic.IEnumerable`1[T] collection) [0x00062] in <d636f104d58046fd9b195699bcb1a744>:0 
  at System.Linq.Enumerable.ToList[TSource] (System.Collections.Generic.IEnumerable`1[T] source) [0x00018] in <69ada62907b24213a012734531df1db1>:0 
  at FLS.Server.Service.PersonService.GetPagedPersonOverview (System.Nullable`1[T] pageStart, System.Nullable`1[T] pageSize, FLS.Data.WebApi.PageableSearchFilter`1[T] pageableSearchFilter) [0x012fc] in <d94b636029de4450a2328c24a427c308>:0 
  at FLS.Server.WebApi.Controllers.PersonsController.GetPagedPersonOverview (FLS.Data.WebApi.PageableSearchFilter`1[T] pageableSearchFilter, System.Nullable`1[T] pageStart, System.Nullable`1[T] pageSize) [0x00001] in <b7f5f327446148d7aa1b4cdb3a6e549c>:0 
  at (wrapper dynamic-method) System.Object.lambda_method(System.Runtime.CompilerServices.Closure,object,object[])
  at System.Web.Http.Controllers.ReflectedHttpActionDescriptor+ActionExecutor+<>c__DisplayClass6_2.<GetExecutor>b__2 (System.Object instance, System.Object[] methodParameters) [0x00000] in <4f8d88aa02d546f6963914471854cb7c>:0 
  at System.Web.Http.Controllers.ReflectedHttpActionDescriptor+ActionExecutor.Execute (System.Object instance, System.Object[] arguments) [0x00000] in <4f8d88aa02d546f6963914471854cb7c>:0 
  at System.Web.Http.Controllers.ReflectedHttpActionDescriptor.ExecuteAsync (System.Web.Http.Controllers.HttpControllerContext controllerContext, System.Collections.Generic.IDictionary`2[TKey,TValue] arguments, System.Threading.CancellationToken cancellationToken) [0x00046] in <4f8d88aa02d546f6963914471854cb7c>:0 
--- End of stack trace from previous location where exception was thrown ---

  at System.Web.Http.Controllers.ApiControllerActionInvoker.InvokeActionAsyncCore (System.Web.Http.Controllers.HttpActionContext actionContext, System.Threading.CancellationToken cancellationToken) [0x000ab] in <4f8d88aa02d546f6963914471854cb7c>:0 
  at System.Web.Http.Filters.ActionFilterAttribute.CallOnActionExecutedAsync (System.Web.Http.Controllers.HttpActionContext actionContext, System.Threading.CancellationToken cancellationToken, System.Func`1[TResult] continuation) [0x00091] in <4f8d88aa02d546f6963914471854cb7c>:0 
  at System.Web.Http.Filters.ActionFilterAttribute.CallOnActionExecutedAsync (System.Web.Http.Controllers.HttpActionContext actionContext, System.Threading.CancellationToken cancellationToken, System.Func`1[TResult] continuation) [0x001ad] in <4f8d88aa02d546f6963914471854cb7c>:0 
  at System.Web.Http.Filters.ActionFilterAttribute.ExecuteActionFilterAsyncCore (System.Web.Http.Controllers.HttpActionContext actionContext, System.Threading.CancellationToken cancellationToken, System.Func`1[TResult] continuation) [0x00103] in <4f8d88aa02d546f6963914471854cb7c>:0 
  at System.Web.Http.Filters.ActionFilterAttribute.CallOnActionExecutedAsync (System.Web.Http.Controllers.HttpActionContext actionContext, System.Threading.CancellationToken cancellationToken, System.Func`1[TResult] continuation) [0x00091] in <4f8d88aa02d546f6963914471854cb7c>:0 
  at System.Web.Http.Filters.ActionFilterAttribute.CallOnActionExecutedAsync (System.Web.Http.Controllers.HttpActionContext actionContext, System.Threading.CancellationToken cancellationToken, System.Func`1[TResult] continuation) [0x001ad] in <4f8d88aa02d546f6963914471854cb7c>:0 
  at System.Web.Http.Filters.ActionFilterAttribute.ExecuteActionFilterAsyncCore (System.Web.Http.Controllers.HttpActionContext actionContext, System.Threading.CancellationToken cancellationToken, System.Func`1[TResult] continuation) [0x00103] in <4f8d88aa02d546f6963914471854cb7c>:0 
  at System.Web.Http.Filters.ActionFilterAttribute.CallOnActionExecutedAsync (System.Web.Http.Controllers.HttpActionContext actionContext, System.Threading.CancellationToken cancellationToken, System.Func`1[TResult] continuation) [0x00091] in <4f8d88aa02d546f6963914471854cb7c>:0 
  at System.Web.Http.Filters.ActionFilterAttribute.CallOnActionExecutedAsync (System.Web.Http.Controllers.HttpActionContext actionContext, System.Threading.CancellationToken cancellationToken, System.Func`1[TResult] continuation) [0x001ad] in <4f8d88aa02d546f6963914471854cb7c>:0 
  at System.Web.Http.Filters.ActionFilterAttribute.ExecuteActionFilterAsyncCore (System.Web.Http.Controllers.HttpActionContext actionContext, System.Threading.CancellationToken cancellationToken, System.Func`1[TResult] continuation) [0x00103] in <4f8d88aa02d546f6963914471854cb7c>:0 
  at System.Web.Http.Filters.ActionFilterAttribute.CallOnActionExecutedAsync (System.Web.Http.Controllers.HttpActionContext actionContext, System.Threading.CancellationToken cancellationToken, System.Func`1[TResult] continuation) [0x00091] in <4f8d88aa02d546f6963914471854cb7c>:0 
  at System.Web.Http.Filters.ActionFilterAttribute.CallOnActionExecutedAsync (System.Web.Http.Controllers.HttpActionContext actionContext, System.Threading.CancellationToken cancellationToken, System.Func`1[TResult] continuation) [0x001ad] in <4f8d88aa02d546f6963914471854cb7c>:0 
  at System.Web.Http.Filters.ActionFilterAttribute.ExecuteActionFilterAsyncCore (System.Web.Http.Controllers.HttpActionContext actionContext, System.Threading.CancellationToken cancellationToken, System.Func`1[TResult] continuation) [0x00103] in <4f8d88aa02d546f6963914471854cb7c>:0 
  at System.Web.Http.Controllers.ActionFilterResult.ExecuteAsync (System.Threading.CancellationToken cancellationToken) [0x001a4] in <4f8d88aa02d546f6963914471854cb7c>:0 
  at System.Web.Http.Filters.AuthorizationFilterAttribute.ExecuteAuthorizationFilterAsyncCore (System.Web.Http.Controllers.HttpActionContext actionContext, System.Threading.CancellationToken cancellationToken, System.Func`1[TResult] continuation) [0x000f3] in <4f8d88aa02d546f6963914471854cb7c>:0 
  at System.Web.Http.Controllers.AuthenticationFilterResult.ExecuteAsync (System.Threading.CancellationToken cancellationToken) [0x00265] in <4f8d88aa02d546f6963914471854cb7c>:0 
  at System.Web.Http.Controllers.ExceptionFilterResult.ExecuteAsync (System.Threading.CancellationToken cancellationToken) [0x00087] in <4f8d88aa02d546f6963914471854cb7c>:0 , InnerException: 
2026-05-25 05:41:49.2636 FLS.Server.Data.FLSDataEntities Insert PersonCategory with data: [PersonCategory -> PersonCategoryId: 3b4cf5e8-4918-4d7e-8075-af4fc24be2dd, ClubId: 0fa7b76f-47ba-4138-8f96-671400fd7c83, CategoryName: Cat-18SFFT-A, Remarks: , ParentPersonCategoryId: , CreatedOn: 05/25/2026 05:41:49, CreatedByUserId: 36073196-1ee3-4a97-a3fa-f5f60039f041, ModifiedOn: , ModifiedByUserId: , DeletedOn: , DeletedByUserId: , RecordState: 1, OwnerId: 0fa7b76f-47ba-4138-8f96-671400fd7c83, OwnershipType: 2, IsDeleted: False, Id: 3b4cf5e8-4918-4d7e-8075-af4fc24be2dd,  <- PersonCategory]

2026-05-25 05:41:49.7890 FLS.Server.Data.FLSDataEntities Update PersonCategory with data: [PersonCategory -> PersonCategoryId: 3b4cf5e8-4918-4d7e-8075-af4fc24be2dd, ClubId: 0fa7b76f-47ba-4138-8f96-671400fd7c83, CategoryName: Cat-18SFFT-B, Remarks: , ParentPersonCategoryId: , CreatedOn: 05/25/2026 05:41:49, CreatedByUserId: 36073196-1ee3-4a97-a3fa-f5f60039f041, ModifiedOn: 05/25/2026 05:41:49, ModifiedByUserId: 36073196-1ee3-4a97-a3fa-f5f60039f041, DeletedOn: , DeletedByUserId: , RecordState: 1, OwnerId: 0fa7b76f-47ba-4138-8f96-671400fd7c83, OwnershipType: 2, IsDeleted: False, Id: 3b4cf5e8-4918-4d7e-8075-af4fc24be2dd,  <- PersonCategory]

2026-05-25 05:41:50.9352 FLS.Server.Data.FLSDataEntities Delete PersonCategory with Data: [PersonCategory -> PersonCategoryId: 3b4cf5e8-4918-4d7e-8075-af4fc24be2dd, ClubId: 0fa7b76f-47ba-4138-8f96-671400fd7c83, CategoryName: Cat-18SFFT-B, Remarks: , ParentPersonCategoryId: , CreatedOn: 05/25/2026 05:41:49, CreatedByUserId: 36073196-1ee3-4a97-a3fa-f5f60039f041, ModifiedOn: 05/25/2026 05:41:49, ModifiedByUserId: 36073196-1ee3-4a97-a3fa-f5f60039f041, DeletedOn: 05/25/2026 05:41:50, DeletedByUserId: 36073196-1ee3-4a97-a3fa-f5f60039f041, RecordState: 99, OwnerId: 0fa7b76f-47ba-4138-8f96-671400fd7c83, OwnershipType: 2, IsDeleted: False, Id: 3b4cf5e8-4918-4d7e-8075-af4fc24be2dd,  <- PersonCategory]

2026-05-25 05:42:10.9062 FLS.Server.Data.FLSDataEntities Insert User with data: [User -> UserId: f907dbc3-0441-400c-ae5b-2b9f11dea151, ClubId: 0fa7b76f-47ba-4138-8f96-671400fd7c83, UserName: e2euser87729421465, FriendlyName: E2E User 87729421465, PasswordHash: , PersonId: , NotificationEmail: e2e-87729421465@e2e.fls.local, EmailConfirmed: False, SecurityStamp: ad7a8529-a5e9-45cd-b1f9-fef66bdb73e6, PhoneNumber: , PhoneNumberConfirmed: False, TwoFactorEnabled: False, LockoutEnabled: False, LockoutEndDateUtc: , AccessFailedCount: 0, Remarks: , AccountState: 1, LastPasswordChangeOn: , ForcePasswordChangeNextLogon: False, LanguageId: 1, DoNotUpdateMetaData: True, CreatedOn: 05/25/2026 05:42:10, CreatedByUserId: 36073196-1ee3-4a97-a3fa-f5f60039f041, ModifiedOn: , ModifiedByUserId: , DeletedOn: , DeletedByUserId: , RecordState: 1, OwnerId: 0fa7b76f-47ba-4138-8f96-671400fd7c83, OwnershipType: 2, IsDeleted: False, Id: f907dbc3-0441-400c-ae5b-2b9f11dea151,  <- User]

2026-05-25 05:42:11.0759 FLS.Server.WebApi.Controllers.UsersController EmailConfirmation-Token: Code: Igopf3IuBKcRjIL+J7G3RM/SxbXLauBSCpzpuTMZEK9T2x3YzJGUUMRsUHWtzhKqUlQq9C4UDQTIqoXXIPfbqYl/7NYa2ITw700s8crDg4zXPrXMig8OIrqPqnxtWzIe0DCs2DIv1i43YCjO8AK3ag==, Base64: SWdvcGYzSXVCS2NSaklMK0o3RzNSTS9TeGJYTGF1QlNDcHpwdVRNWkVLOVQyeDNZekpHVVVNUnNVSFd0emhLcVVsUXE5QzRVRFFUSXFvWFhJUGZicVlsLzdOWWEySVR3NzAwczhjckRnNHpYUHJYTWlnOE9JcnFQcW54dFd6SWUwRENzMkRJdjFpNDNZQ2pPOEFLM2FnPT0=
2026-05-25 05:42:11.1808 FLS.Server.Service.Email.EmailSendService Sent email to recipient: e2e-87729421465@e2e.fls.local with subject: Email-Bestätigung für neues Benutzerkonto im Flight Logging System, and Body: 
2026-05-25 05:42:12.4380 FLS.Server.Data.FLSDataEntities Update User with data: [User -> UserId: f907dbc3-0441-400c-ae5b-2b9f11dea151, ClubId: 0fa7b76f-47ba-4138-8f96-671400fd7c83, UserName: e2euser87729421465, FriendlyName: E2E User 87729421465 (edited), PasswordHash: , PersonId: , NotificationEmail: e2e-87729421465@e2e.fls.local, EmailConfirmed: False, SecurityStamp: ad7a8529-a5e9-45cd-b1f9-fef66bdb73e6, PhoneNumber: , PhoneNumberConfirmed: False, TwoFactorEnabled: False, LockoutEnabled: True, LockoutEndDateUtc: , AccessFailedCount: 0, Remarks: , AccountState: 1, LastPasswordChangeOn: , ForcePasswordChangeNextLogon: False, LanguageId: 1, DoNotUpdateMetaData: False, CreatedOn: 05/25/2026 05:42:10, CreatedByUserId: 36073196-1ee3-4a97-a3fa-f5f60039f041, ModifiedOn: 05/25/2026 05:42:12, ModifiedByUserId: 36073196-1ee3-4a97-a3fa-f5f60039f041, DeletedOn: , DeletedByUserId: , RecordState: 1, OwnerId: 0fa7b76f-47ba-4138-8f96-671400fd7c83, OwnershipType: 2, IsDeleted: False, Id: f907dbc3-0441-400c-ae5b-2b9f11dea151,  <- User]

2026-05-25 05:42:16.8410 FLS.Server.Data.FLSDataEntities Insert Flight with data: Glider-Flight: , Pilot: , Flight-Date: 05/25/2026, Starttime: 10:00, LdgTime: 10:30, Nr of Ldgs: 1/0, Flight-Air-State: 20, Flight-Process-State: 0
2026-05-25 05:42:16.8717 FLS.Server.Data.FLSDataEntities Insert FlightCrew with data: [FlightCrew -> FlightCrewId: fe0b7413-879f-42c3-aafa-36bb3e4d8b79, FlightId: 00000000-0000-0000-0000-000000000000, PersonId: 23004dec-9300-484d-bc2e-966f89edcb59, FlightCrewTypeId: 1, BeginFlightDateTime: 05/25/2026 10:00:00, EndFlightDateTime: 05/25/2026 10:30:00, BeginInstructionDateTime: , EndInstructionDateTime: , NrOfLdgs: 1, NrOfStarts: , CreatedOn: 05/25/2026 05:42:16, CreatedByUserId: 36073196-1ee3-4a97-a3fa-f5f60039f041, ModifiedOn: , ModifiedByUserId: , DeletedOn: , DeletedByUserId: , RecordState: 1, OwnerId: 0fa7b76f-47ba-4138-8f96-671400fd7c83, OwnershipType: 2, IsDeleted: False, Id: fe0b7413-879f-42c3-aafa-36bb3e4d8b79, HasPerson: True,  <- FlightCrew]

2026-05-25 05:42:17.1115 FLS.Server.Data.FLSDataEntities Update AccountingRuleFilter with data: [AccountingRuleFilter -> AccountingRuleFilterId: f1500004-0000-0000-0000-000000000001, ClubId: 0fa7b76f-47ba-4138-8f96-671400fd7c83, AccountingRuleFilterTypeId: 10, RuleFilterName: Recipient: Flight Pilot, Description: Routes invoice to the pilot of the flight (test fixture), IsActive: False, SortIndicator: 10, ArticleTarget: , RecipientTarget: {"PersonId":null,"RecipientName":null,"Firstname":null,"Lastname":null,"AddressLine1":null,"AddressLine2":null,"ZipCode":null,"City":null,"CountryName":null,"PersonClubMemberNumber":null}, StopRuleEngineWhenRuleApplied: False, IsRuleForGliderFlights: True, IsRuleForTowingFlights: True, IsRuleForMotorFlights: True, UseRuleForAllAircraftsExceptListed: True, MatchedAircraftImmatriculations: [], UseRuleForAllStartTypesExceptListed: True, MatchedStartTypes: [], UseRuleForAllFlightTypesExceptListed: True, MatchedFlightTypeCodes: [], ExtendMatchingFlightTypeCodesToGliderAndTowFlight: False, UseRuleForAllStartLocationsExceptListed: True, MatchedStartLocations: [], UseRuleForAllLdgLocationsExceptListed: True, MatchedLdgLocations: [], UseRuleForAllClubMemberNumbersExceptListed: True, MatchedClubMemberNumbers: [], UseRuleForAllFlightCrewTypesExceptListed: True, MatchedFlightCrewTypes: [], UseRuleForAllAircraftsOnHomebaseExceptListed: True, MatchedAircraftsHomebase: [], UseRuleForAllMemberStatesExceptListed: True, MatchedMemberStates: [], UseRuleForAllPersonCategoriesExceptListed: True, MatchedPersonCategories: [], IsChargedToClubInternal: False, MinFlightTimeInSecondsMatchingValue: , MaxFlightTimeInSecondsMatchingValue: , MinEngineTimeInSecondsMatchingValue: , MaxEngineTimeInSecondsMatchingValue: , IncludeThresholdText: False, ThresholdText: , IncludeFlightTypeName: False, NoLandingTaxForGlider: False, NoLandingTaxForTowingAircraft: False, NoLandingTaxForAircraft: False, AccountingUnitTypeId: , CreatedOn: 01/01/2026 00:04:00, CreatedByUserId: 13731ee2-c1d8-455c-8ad1-c39399893fff, ModifiedOn: 05/25/2026 05:42:17, ModifiedByUserId: 36073196-1ee3-4a97-a3fa-f5f60039f041, DeletedOn: , DeletedByUserId: , RecordState: 1, OwnerId: 0fa7b76f-47ba-4138-8f96-671400fd7c83, OwnershipType: 2, IsDeleted: False, Id: f1500004-0000-0000-0000-000000000001,  <- AccountingRuleFilter]

2026-05-25 05:42:17.6087 FLS.Server.Data.FLSDataEntities Update AccountingRuleFilter with data: [AccountingRuleFilter -> AccountingRuleFilterId: f1500004-0000-0000-0000-000000000002, ClubId: 0fa7b76f-47ba-4138-8f96-671400fd7c83, AccountingRuleFilterTypeId: 30, RuleFilterName: FlightTime: Glider per minute, Description: Billed per glider minute (test fixture), IsActive: False, SortIndicator: 20, ArticleTarget: {"ArticleNumber":"5001","DeliveryLineText":"Glider flight minutes"}, RecipientTarget: , StopRuleEngineWhenRuleApplied: False, IsRuleForGliderFlights: True, IsRuleForTowingFlights: False, IsRuleForMotorFlights: False, UseRuleForAllAircraftsExceptListed: True, MatchedAircraftImmatriculations: [], UseRuleForAllStartTypesExceptListed: True, MatchedStartTypes: [], UseRuleForAllFlightTypesExceptListed: True, MatchedFlightTypeCodes: [], ExtendMatchingFlightTypeCodesToGliderAndTowFlight: False, UseRuleForAllStartLocationsExceptListed: True, MatchedStartLocations: [], UseRuleForAllLdgLocationsExceptListed: True, MatchedLdgLocations: [], UseRuleForAllClubMemberNumbersExceptListed: True, MatchedClubMemberNumbers: [], UseRuleForAllFlightCrewTypesExceptListed: True, MatchedFlightCrewTypes: [], UseRuleForAllAircraftsOnHomebaseExceptListed: True, MatchedAircraftsHomebase: [], UseRuleForAllMemberStatesExceptListed: True, MatchedMemberStates: [], UseRuleForAllPersonCategoriesExceptListed: True, MatchedPersonCategories: [], IsChargedToClubInternal: False, MinFlightTimeInSecondsMatchingValue: 0, MaxFlightTimeInSecondsMatchingValue: 2147483647, MinEngineTimeInSecondsMatchingValue: 0, MaxEngineTimeInSecondsMatchingValue: 2147483647, IncludeThresholdText: False, ThresholdText: , IncludeFlightTypeName: False, NoLandingTaxForGlider: False, NoLandingTaxForTowingAircraft: False, NoLandingTaxForAircraft: False, AccountingUnitTypeId: 10, CreatedOn: 01/01/2026 00:05:00, CreatedByUserId: 13731ee2-c1d8-455c-8ad1-c39399893fff, ModifiedOn: 05/25/2026 05:42:17, ModifiedByUserId: 36073196-1ee3-4a97-a3fa-f5f60039f041, DeletedOn: , DeletedByUserId: , RecordState: 1, OwnerId: 0fa7b76f-47ba-4138-8f96-671400fd7c83, OwnershipType: 2, IsDeleted: False, Id: f1500004-0000-0000-0000-000000000002,  <- AccountingRuleFilter]

2026-05-25 05:42:17.8526 FLS.Server.Data.FLSDataEntities Update AccountingRuleFilter with data: [AccountingRuleFilter -> AccountingRuleFilterId: f1500004-0000-0000-0000-000000000003, ClubId: 0fa7b76f-47ba-4138-8f96-671400fd7c83, AccountingRuleFilterTypeId: 60, RuleFilterName: LandingTax: LSZK, Description: Per-landing tax at LSZK (test fixture), IsActive: False, SortIndicator: 30, ArticleTarget: {"ArticleNumber":"6001","DeliveryLineText":"Landegebuehr LSZK"}, RecipientTarget: , StopRuleEngineWhenRuleApplied: False, IsRuleForGliderFlights: True, IsRuleForTowingFlights: True, IsRuleForMotorFlights: True, UseRuleForAllAircraftsExceptListed: True, MatchedAircraftImmatriculations: [], UseRuleForAllStartTypesExceptListed: True, MatchedStartTypes: [], UseRuleForAllFlightTypesExceptListed: True, MatchedFlightTypeCodes: [], ExtendMatchingFlightTypeCodesToGliderAndTowFlight: False, UseRuleForAllStartLocationsExceptListed: True, MatchedStartLocations: [], UseRuleForAllLdgLocationsExceptListed: False, MatchedLdgLocations: ["LSZK"], UseRuleForAllClubMemberNumbersExceptListed: True, MatchedClubMemberNumbers: [], UseRuleForAllFlightCrewTypesExceptListed: True, MatchedFlightCrewTypes: [], UseRuleForAllAircraftsOnHomebaseExceptListed: True, MatchedAircraftsHomebase: [], UseRuleForAllMemberStatesExceptListed: True, MatchedMemberStates: [], UseRuleForAllPersonCategoriesExceptListed: True, MatchedPersonCategories: [], IsChargedToClubInternal: False, MinFlightTimeInSecondsMatchingValue: 0, MaxFlightTimeInSecondsMatchingValue: 2147483647, MinEngineTimeInSecondsMatchingValue: 0, MaxEngineTimeInSecondsMatchingValue: 2147483647, IncludeThresholdText: False, ThresholdText: , IncludeFlightTypeName: False, NoLandingTaxForGlider: False, NoLandingTaxForTowingAircraft: False, NoLandingTaxForAircraft: False, AccountingUnitTypeId: 30, CreatedOn: 01/01/2026 00:06:00, CreatedByUserId: 13731ee2-c1d8-455c-8ad1-c39399893fff, ModifiedOn: 05/25/2026 05:42:17, ModifiedByUserId: 36073196-1ee3-4a97-a3fa-f5f60039f041, DeletedOn: , DeletedByUserId: , RecordState: 1, OwnerId: 0fa7b76f-47ba-4138-8f96-671400fd7c83, OwnershipType: 2, IsDeleted: False, Id: f1500004-0000-0000-0000-000000000003,  <- AccountingRuleFilter]

2026-05-25 05:42:18.3340 FLS.Server.Data.FLSDataEntities Insert AccountingRuleFilter with data: [AccountingRuleFilter -> AccountingRuleFilterId: 75d28233-717e-42c7-8ed5-f1f018b0042c, ClubId: 0fa7b76f-47ba-4138-8f96-671400fd7c83, AccountingRuleFilterTypeId: 5, RuleFilterName: e2e DoNotInvoiceFlight, Description: e2e #32: e2e DoNotInvoiceFlight, IsActive: True, SortIndicator: 1000, ArticleTarget: null, RecipientTarget: , StopRuleEngineWhenRuleApplied: False, IsRuleForGliderFlights: True, IsRuleForTowingFlights: True, IsRuleForMotorFlights: True, UseRuleForAllAircraftsExceptListed: True, MatchedAircraftImmatriculations: [], UseRuleForAllStartTypesExceptListed: True, MatchedStartTypes: [], UseRuleForAllFlightTypesExceptListed: True, MatchedFlightTypeCodes: [], ExtendMatchingFlightTypeCodesToGliderAndTowFlight: False, UseRuleForAllStartLocationsExceptListed: True, MatchedStartLocations: [], UseRuleForAllLdgLocationsExceptListed: True, MatchedLdgLocations: [], UseRuleForAllClubMemberNumbersExceptListed: True, MatchedClubMemberNumbers: [], UseRuleForAllFlightCrewTypesExceptListed: True, MatchedFlightCrewTypes: [], UseRuleForAllAircraftsOnHomebaseExceptListed: True, MatchedAircraftsHomebase: [], UseRuleForAllMemberStatesExceptListed: True, MatchedMemberStates: [], UseRuleForAllPersonCategoriesExceptListed: True, MatchedPersonCategories: [], IsChargedToClubInternal: False, MinFlightTimeInSecondsMatchingValue: 0, MaxFlightTimeInSecondsMatchingValue: 2147483647, MinEngineTimeInSecondsMatchingValue: 0, MaxEngineTimeInSecondsMatchingValue: 2147483647, IncludeThresholdText: False, ThresholdText: , IncludeFlightTypeName: False, NoLandingTaxForGlider: False, NoLandingTaxForTowingAircraft: False, NoLandingTaxForAircraft: False, AccountingUnitTypeId: , CreatedOn: 05/25/2026 05:42:18, CreatedByUserId: 36073196-1ee3-4a97-a3fa-f5f60039f041, ModifiedOn: , ModifiedByUserId: , DeletedOn: , DeletedByUserId: , RecordState: 1, OwnerId: 0fa7b76f-47ba-4138-8f96-671400fd7c83, OwnershipType: 2, IsDeleted: False, Id: 75d28233-717e-42c7-8ed5-f1f018b0042c,  <- AccountingRuleFilter]

2026-05-25 05:42:19.7696 FLS.Server.Data.FLSDataEntities Insert Flight with data: Glider-Flight: , Pilot: , Flight-Date: 05/25/2026, Starttime: 10:00, LdgTime: 10:30, Nr of Ldgs: 1/0, Flight-Air-State: 20, Flight-Process-State: 0
2026-05-25 05:42:19.7808 FLS.Server.Data.FLSDataEntities Insert FlightCrew with data: [FlightCrew -> FlightCrewId: 31f8a350-d7e9-42e3-b1a2-4ca0d977c973, FlightId: 00000000-0000-0000-0000-000000000000, PersonId: 23004dec-9300-484d-bc2e-966f89edcb59, FlightCrewTypeId: 1, BeginFlightDateTime: 05/25/2026 10:00:00, EndFlightDateTime: 05/25/2026 10:30:00, BeginInstructionDateTime: , EndInstructionDateTime: , NrOfLdgs: 1, NrOfStarts: , CreatedOn: 05/25/2026 05:42:19, CreatedByUserId: 36073196-1ee3-4a97-a3fa-f5f60039f041, ModifiedOn: , ModifiedByUserId: , DeletedOn: , DeletedByUserId: , RecordState: 1, OwnerId: 0fa7b76f-47ba-4138-8f96-671400fd7c83, OwnershipType: 2, IsDeleted: False, Id: 31f8a350-d7e9-42e3-b1a2-4ca0d977c973, HasPerson: True,  <- FlightCrew]

2026-05-25 05:42:20.0562 FLS.Server.Service.WorkflowService Execute daily flight validation job.
2026-05-25 05:42:20.0956 FLS.Server.Service.Jobs.DailyFlightValidationJob Executing daily flight validation job
2026-05-25 05:42:20.1306 FLS.Server.Service.FlightService Saved the validated flights of today to database.
2026-05-25 05:42:20.1682 FLS.Server.Service.FlightService Saved the validated flights of today to database.
2026-05-25 05:42:20.2782 FLS.Server.Service.FlightService The currently validated flight Glider-Flight: HB-3407, Pilot: Bonzli Lenni, Flight-Date: 05/25/2026, Starttime: 10:00, LdgTime: 10:30, Flightcode: 60, Nr of Ldgs: 1/0, Flight-Air-State: 20, Flight-Process-State: 30 has now the following Process-State: 30 (Gültig)
2026-05-25 05:42:20.3119 FLS.Server.Data.FLSDataEntities Update Flight with data: Glider-Flight: HB-3407, Pilot: Bonzli Lenni, Flight-Date: 05/25/2026, Starttime: 10:00, LdgTime: 10:30, Flightcode: 60, Nr of Ldgs: 1/0, Flight-Air-State: 20, Flight-Process-State: 30
2026-05-25 05:42:20.3690 FLS.Server.Service.FlightService Saved the validated flights of today to database.
2026-05-25 05:42:20.3841 FLS.Server.Service.FlightService Saved the validated flights of today to database.
2026-05-25 05:42:20.4420 FLS.Server.Service.FlightService The valid flight Glider-Flight: HB-3407, Pilot: Bonzli Lenni, Flight-Date: 05/25/2026, Starttime: 10:00, LdgTime: 10:30, Flightcode: 60, Nr of Ldgs: 1/0, Flight-Air-State: 20, Flight-Process-State: 40 has now been locked.
2026-05-25 05:42:20.4807 FLS.Server.Data.FLSDataEntities Update Flight with data: Glider-Flight: HB-3407, Pilot: Bonzli Lenni, Flight-Date: 05/25/2026, Starttime: 10:00, LdgTime: 10:30, Flightcode: 60, Nr of Ldgs: 1/0, Flight-Air-State: 20, Flight-Process-State: 40
2026-05-25 05:42:20.6550 FLS.Server.WebApi.ActionFilters.UnhandledExceptionFilterAttribute HttpStatusCode: InternalServerError with error message: Object reference not set to an instance of an object, Exception: System.NullReferenceException: Object reference not set to an instance of an object
  at System.Linq.Expressions.Compiler.LambdaCompiler.EmitMethodCall (System.Linq.Expressions.Expression obj, System.Reflection.MethodInfo method, System.Linq.Expressions.IArgumentProvider methodCallExpr, System.Linq.Expressions.Compiler.LambdaCompiler+CompilationFlags flags) [0x00002] in <69ada62907b24213a012734531df1db1>:0 
  at System.Linq.Expressions.Compiler.LambdaCompiler.EmitInvocationExpression (System.Linq.Expressions.Expression expr, System.Linq.Expressions.Compiler.LambdaCompiler+CompilationFlags flags) [0x0002d] in <69ada62907b24213a012734531df1db1>:0 
  at System.Linq.Expressions.Compiler.LambdaCompiler.EmitExpression (System.Linq.Expressions.Expression node, System.Linq.Expressions.Compiler.LambdaCompiler+CompilationFlags flags) [0x00263] in <69ada62907b24213a012734531df1db1>:0 
  at System.Linq.Expressions.Compiler.LambdaCompiler.EmitExpression (System.Linq.Expressions.Expression node) [0x00000] in <69ada62907b24213a012734531df1db1>:0 
  at System.Linq.Expressions.Compiler.LambdaCompiler.EmitInstance (System.Linq.Expressions.Expression instance, System.Type& type) [0x00035] in <69ada62907b24213a012734531df1db1>:0 
  at System.Linq.Expressions.Compiler.LambdaCompiler.EmitMemberExpression (System.Linq.Expressions.Expression expr) [0x00018] in <69ada62907b24213a012734531df1db1>:0 
  at System.Linq.Expressions.Compiler.LambdaCompiler.EmitExpression (System.Linq.Expressions.Expression node, System.Linq.Expressions.Compiler.LambdaCompiler+CompilationFlags flags) [0x00288] in <69ada62907b24213a012734531df1db1>:0 
  at System.Linq.Expressions.Compiler.LambdaCompiler.EmitLambdaBody (System.Linq.Expressions.Compiler.CompilerScope parent, System.Boolean inlined, System.Linq.Expressions.Compiler.LambdaCompiler+CompilationFlags flags) [0x00085] in <69ada62907b24213a012734531df1db1>:0 
  at System.Linq.Expressions.Compiler.LambdaCompiler.EmitLambdaBody () [0x0001a] in <69ada62907b24213a012734531df1db1>:0 
  at System.Linq.Expressions.Compiler.LambdaCompiler.Compile (System.Linq.Expressions.LambdaExpression lambda) [0x00013] in <69ada62907b24213a012734531df1db1>:0 
  at System.Linq.Expressions.LambdaExpression.Compile (System.Boolean preferInterpretation) [0x00000] in <69ada62907b24213a012734531df1db1>:0 
  at System.Linq.Expressions.LambdaExpression.Compile () [0x00000] in <69ada62907b24213a012734531df1db1>:0 
  at System.Data.Entity.Core.Objects.ELinq.QueryParameterExpression.EvaluateParameter (System.Object[] arguments) [0x0008d] in <b7b192e5a05f4f14a14aa0d5b14aeeeb>:0 
  at System.Data.Entity.Core.Objects.ELinq.ELinqQueryState.GetExecutionPlan (System.Nullable`1[T] forMergeOption) [0x002e5] in <b7b192e5a05f4f14a14aa0d5b14aeeeb>:0 
  at System.Data.Entity.Core.Objects.ObjectQuery`1+<>c__DisplayClass7[T].<GetResults>b__6 () [0x0000b] in <b7b192e5a05f4f14a14aa0d5b14aeeeb>:0 
  at System.Data.Entity.Core.Objects.ObjectContext.ExecuteInTransaction[T] (System.Func`1[TResult] func, System.Data.Entity.Infrastructure.IDbExecutionStrategy executionStrategy, System.Boolean startLocalTransaction, System.Boolean releaseConnectionOnSuccess) [0x0008a] in <b7b192e5a05f4f14a14aa0d5b14aeeeb>:0 
  at System.Data.Entity.Core.Objects.ObjectQuery`1+<>c__DisplayClass7[T].<GetResults>b__5 () [0x00033] in <b7b192e5a05f4f14a14aa0d5b14aeeeb>:0 
  at System.Data.Entity.SqlServer.DefaultSqlExecutionStrategy.Execute[TResult] (System.Func`1[TResult] operation) [0x00036] in <5c51bb66ce2c412d8224b39ad2626fbe>:0 
  at System.Data.Entity.Core.Objects.ObjectQuery`1[T].GetResults (System.Nullable`1[T] forMergeOption) [0x00093] in <b7b192e5a05f4f14a14aa0d5b14aeeeb>:0 
  at System.Data.Entity.Core.Objects.ObjectQuery`1[T].<System.Collections.Generic.IEnumerable<T>.GetEnumerator>b__0 () [0x00000] in <b7b192e5a05f4f14a14aa0d5b14aeeeb>:0 
  at System.Data.Entity.Internal.LazyEnumerator`1[T].MoveNext () [0x00008] in <b7b192e5a05f4f14a14aa0d5b14aeeeb>:0 
  at System.Collections.Generic.List`1[T].AddEnumerable (System.Collections.Generic.IEnumerable`1[T] enumerable) [0x00059] in <d636f104d58046fd9b195699bcb1a744>:0 
  at System.Collections.Generic.List`1[T]..ctor (System.Collections.Generic.IEnumerable`1[T] collection) [0x00062] in <d636f104d58046fd9b195699bcb1a744>:0 
  at System.Linq.Enumerable.ToList[TSource] (System.Collections.Generic.IEnumerable`1[T] source) [0x00018] in <69ada62907b24213a012734531df1db1>:0 
  at FLS.Server.Service.Accounting.AccountingRuleService.GetPagedAccountingRuleFilterOverview (System.Nullable`1[T] pageStart, System.Nullable`1[T] pageSize, FLS.Data.WebApi.PageableSearchFilter`1[T] pageableSearchFilter) [0x00646] in <d94b636029de4450a2328c24a427c308>:0 
  at FLS.Server.WebApi.Controllers.AccountingRuleFiltersController.GetPagedAccountingRuleFilterOverview (FLS.Data.WebApi.PageableSearchFilter`1[T] pageableSearchFilter, System.Nullable`1[T] pageStart, System.Nullable`1[T] pageSize) [0x00001] in <b7f5f327446148d7aa1b4cdb3a6e549c>:0 
  at (wrapper dynamic-method) System.Object.lambda_method(System.Runtime.CompilerServices.Closure,object,object[])
  at System.Web.Http.Controllers.ReflectedHttpActionDescriptor+ActionExecutor+<>c__DisplayClass6_2.<GetExecutor>b__2 (System.Object instance, System.Object[] methodParameters) [0x00000] in <4f8d88aa02d546f6963914471854cb7c>:0 
  at System.Web.Http.Controllers.ReflectedHttpActionDescriptor+ActionExecutor.Execute (System.Object instance, System.Object[] arguments) [0x00000] in <4f8d88aa02d546f6963914471854cb7c>:0 
  at System.Web.Http.Controllers.ReflectedHttpActionDescriptor.ExecuteAsync (System.Web.Http.Controllers.HttpControllerContext controllerContext, System.Collections.Generic.IDictionary`2[TKey,TValue] arguments, System.Threading.CancellationToken cancellationToken) [0x00046] in <4f8d88aa02d546f6963914471854cb7c>:0 
--- End of stack trace from previous location where exception was thrown ---

  at System.Web.Http.Controllers.ApiControllerActionInvoker.InvokeActionAsyncCore (System.Web.Http.Controllers.HttpActionContext actionContext, System.Threading.CancellationToken cancellationToken) [0x000ab] in <4f8d88aa02d546f6963914471854cb7c>:0 
  at System.Web.Http.Filters.ActionFilterAttribute.CallOnActionExecutedAsync (System.Web.Http.Controllers.HttpActionContext actionContext, System.Threading.CancellationToken cancellationToken, System.Func`1[TResult] continuation) [0x00091] in <4f8d88aa02d546f6963914471854cb7c>:0 
  at System.Web.Http.Filters.ActionFilterAttribute.CallOnActionExecutedAsync (System.Web.Http.Controllers.HttpActionContext actionContext, System.Threading.CancellationToken cancellationToken, System.Func`1[TResult] continuation) [0x001ad] in <4f8d88aa02d546f6963914471854cb7c>:0 
  at System.Web.Http.Filters.ActionFilterAttribute.ExecuteActionFilterAsyncCore (System.Web.Http.Controllers.HttpActionContext actionContext, System.Threading.CancellationToken cancellationToken, System.Func`1[TResult] continuation) [0x00103] in <4f8d88aa02d546f6963914471854cb7c>:0 
  at System.Web.Http.Filters.ActionFilterAttribute.CallOnActionExecutedAsync (System.Web.Http.Controllers.HttpActionContext actionContext, System.Threading.CancellationToken cancellationToken, System.Func`1[TResult] continuation) [0x00091] in <4f8d88aa02d546f6963914471854cb7c>:0 
  at System.Web.Http.Filters.ActionFilterAttribute.CallOnActionExecutedAsync (System.Web.Http.Controllers.HttpActionContext actionContext, System.Threading.CancellationToken cancellationToken, System.Func`1[TResult] continuation) [0x001ad] in <4f8d88aa02d546f6963914471854cb7c>:0 
  at System.Web.Http.Filters.ActionFilterAttribute.ExecuteActionFilterAsyncCore (System.Web.Http.Controllers.HttpActionContext actionContext, System.Threading.CancellationToken cancellationToken, System.Func`1[TResult] continuation) [0x00103] in <4f8d88aa02d546f6963914471854cb7c>:0 
  at System.Web.Http.Filters.ActionFilterAttribute.CallOnActionExecutedAsync (System.Web.Http.Controllers.HttpActionContext actionContext, System.Threading.CancellationToken cancellationToken, System.Func`1[TResult] continuation) [0x00091] in <4f8d88aa02d546f6963914471854cb7c>:0 
  at System.Web.Http.Filters.ActionFilterAttribute.CallOnActionExecutedAsync (System.Web.Http.Controllers.HttpActionContext actionContext, System.Threading.CancellationToken cancellationToken, System.Func`1[TResult] continuation) [0x001ad] in <4f8d88aa02d546f6963914471854cb7c>:0 
  at System.Web.Http.Filters.ActionFilterAttribute.ExecuteActionFilterAsyncCore (System.Web.Http.Controllers.HttpActionContext actionContext, System.Threading.CancellationToken cancellationToken, System.Func`1[TResult] continuation) [0x00103] in <4f8d88aa02d546f6963914471854cb7c>:0 
  at System.Web.Http.Filters.ActionFilterAttribute.CallOnActionExecutedAsync (System.Web.Http.Controllers.HttpActionContext actionContext, System.Threading.CancellationToken cancellationToken, System.Func`1[TResult] continuation) [0x00091] in <4f8d88aa02d546f6963914471854cb7c>:0 
  at System.Web.Http.Filters.ActionFilterAttribute.CallOnActionExecutedAsync (System.Web.Http.Controllers.HttpActionContext actionContext, System.Threading.CancellationToken cancellationToken, System.Func`1[TResult] continuation) [0x001ad] in <4f8d88aa02d546f6963914471854cb7c>:0 
  at System.Web.Http.Filters.ActionFilterAttribute.ExecuteActionFilterAsyncCore (System.Web.Http.Controllers.HttpActionContext actionContext, System.Threading.CancellationToken cancellationToken, System.Func`1[TResult] continuation) [0x00103] in <4f8d88aa02d546f6963914471854cb7c>:0 
  at System.Web.Http.Controllers.ActionFilterResult.ExecuteAsync (System.Threading.CancellationToken cancellationToken) [0x001a4] in <4f8d88aa02d546f6963914471854cb7c>:0 
  at System.Web.Http.Filters.AuthorizationFilterAttribute.ExecuteAuthorizationFilterAsyncCore (System.Web.Http.Controllers.HttpActionContext actionContext, System.Threading.CancellationToken cancellationToken, System.Func`1[TResult] continuation) [0x000f3] in <4f8d88aa02d546f6963914471854cb7c>:0 
  at System.Web.Http.Controllers.AuthenticationFilterResult.ExecuteAsync (System.Threading.CancellationToken cancellationToken) [0x00265] in <4f8d88aa02d546f6963914471854cb7c>:0 
  at System.Web.Http.Controllers.ExceptionFilterResult.ExecuteAsync (System.Threading.CancellationToken cancellationToken) [0x00087] in <4f8d88aa02d546f6963914471854cb7c>:0 , InnerException: 
2026-05-25 05:42:20.7351 FLS.Server.Service.WorkflowService Execute delivery creation job.
2026-05-25 05:42:20.7410 FLS.Server.Service.Jobs.DeliveryCreationJob Executing Delivery creation job
2026-05-25 05:42:21.1590 FLS.Server.Data.FLSDataEntities Insert AccountingRuleFilter with data: [AccountingRuleFilter -> AccountingRuleFilterId: ca9a3666-9786-4c57-9b0e-c16e166ab03d, ClubId: 0fa7b76f-47ba-4138-8f96-671400fd7c83, AccountingRuleFilterTypeId: 30, RuleFilterName: E2E accounting-rules-edit-accounting-rules-create-flighttime-rul, Description: created by e2e, IsActive: True, SortIndicator: 0, ArticleTarget: {"ArticleNumber":"5001","DeliveryLineText":"Glider flight minutes"}, RecipientTarget: , StopRuleEngineWhenRuleApplied: False, IsRuleForGliderFlights: True, IsRuleForTowingFlights: False, IsRuleForMotorFlights: False, UseRuleForAllAircraftsExceptListed: False, MatchedAircraftImmatriculations: ["HB-3407"], UseRuleForAllStartTypesExceptListed: True, MatchedStartTypes: [], UseRuleForAllFlightTypesExceptListed: True, MatchedFlightTypeCodes: [], ExtendMatchingFlightTypeCodesToGliderAndTowFlight: False, UseRuleForAllStartLocationsExceptListed: True, MatchedStartLocations: [], UseRuleForAllLdgLocationsExceptListed: True, MatchedLdgLocations: [], UseRuleForAllClubMemberNumbersExceptListed: True, MatchedClubMemberNumbers: [], UseRuleForAllFlightCrewTypesExceptListed: True, MatchedFlightCrewTypes: [], UseRuleForAllAircraftsOnHomebaseExceptListed: True, MatchedAircraftsHomebase: [], UseRuleForAllMemberStatesExceptListed: True, MatchedMemberStates: [], UseRuleForAllPersonCategoriesExceptListed: True, MatchedPersonCategories: [], IsChargedToClubInternal: False, MinFlightTimeInSecondsMatchingValue: 0, MaxFlightTimeInSecondsMatchingValue: 2147483647, MinEngineTimeInSecondsMatchingValue: 0, MaxEngineTimeInSecondsMatchingValue: 2147483647, IncludeThresholdText: False, ThresholdText: , IncludeFlightTypeName: False, NoLandingTaxForGlider: False, NoLandingTaxForTowingAircraft: False, NoLandingTaxForAircraft: False, AccountingUnitTypeId: 10, CreatedOn: 05/25/2026 05:42:21, CreatedByUserId: 36073196-1ee3-4a97-a3fa-f5f60039f041, ModifiedOn: , ModifiedByUserId: , DeletedOn: , DeletedByUserId: , RecordState: 1, OwnerId: 0fa7b76f-47ba-4138-8f96-671400fd7c83, OwnershipType: 2, IsDeleted: False, Id: ca9a3666-9786-4c57-9b0e-c16e166ab03d,  <- AccountingRuleFilter]

2026-05-25 05:42:21.6182 FLS.Server.Service.BaseService Get 2 AccountingRuleFilters of clubId: 0fa7b76f-47ba-4138-8f96-671400fd7c83
2026-05-25 05:42:21.6377 FLS.Server.Service.BaseService Get 2 AccountingRuleFilters of clubId: 0fa7b76f-47ba-4138-8f96-671400fd7c83
2026-05-25 05:42:21.6644 FLS.Server.Service.BaseService Start creating accounting for flight: Glider-Flight: HB-3407, Pilot: Stahel Morli, Flight-Date: 12/02/2025, Starttime: 00:00, LdgTime: 00:47, Flightcode: 63, Nr of Ldgs: 1/0, Flight-Air-State: 20, Flight-Process-State: 40 using 2 recipient rule filters and 2 accounting line rule filters.
2026-05-25 05:42:21.6619 FLS.Server.Service.BaseService Start creating accounting for flight: Glider-Flight: HB-3407, Pilot: Bonzli Lenni, Flight-Date: 05/25/2026, Starttime: 10:00, LdgTime: 10:30, Flightcode: 60, Nr of Ldgs: 1/0, Flight-Air-State: 20, Flight-Process-State: 30 using 2 recipient rule filters and 2 accounting line rule filters.
2026-05-25 05:42:21.6864 FLS.Server.Service.Accounting.Rules.BaseAccountingRule Applied rule DoNotInvoiceFlightRule, Nr of Conditions=1, RuleApplied=True, StopRuleEngineWhenRuleApplied=False, Rule-Filter: e2e DoNotInvoiceFlight of type: FLS.Server.Service.Accounting.Rules.DoNotInvoiceFlightRule has conditions: '(1 EQUALS 1 ==> True)' for Flight: Glider-Flight: HB-3407, Pilot: Bonzli Lenni, Flight-Date: 05/25/2026, Starttime: 10:00, LdgTime: 10:30, Flightcode: 60, Nr of Ldgs: 1/0, Flight-Air-State: 20, Flight-Process-State: 30
2026-05-25 05:42:21.6862 FLS.Server.Service.Accounting.Rules.BaseAccountingRule Applied rule DoNotInvoiceFlightRule, Nr of Conditions=1, RuleApplied=True, StopRuleEngineWhenRuleApplied=False, Rule-Filter: e2e DoNotInvoiceFlight of type: FLS.Server.Service.Accounting.Rules.DoNotInvoiceFlightRule has conditions: '(1 EQUALS 1 ==> True)' for Flight: Glider-Flight: HB-3407, Pilot: Stahel Morli, Flight-Date: 12/02/2025, Starttime: 00:00, LdgTime: 00:47, Flightcode: 63, Nr of Ldgs: 1/0, Flight-Air-State: 20, Flight-Process-State: 40
2026-05-25 05:42:21.7001 FLS.Server.Service.BaseService Flight must not be invoiced: Flight-Date: 12/02/2025 Aircraft: HB-3407
2026-05-25 05:42:21.6982 FLS.Server.Service.BaseService Flight must not be invoiced: Flight-Date: 05/25/2026 Aircraft: HB-3407
2026-05-25 05:42:21.8673 FLS.Server.Data.FLSDataEntities Delete AccountingRuleFilter with Data: [AccountingRuleFilter -> AccountingRuleFilterId: 75d28233-717e-42c7-8ed5-f1f018b0042c, ClubId: 0fa7b76f-47ba-4138-8f96-671400fd7c83, AccountingRuleFilterTypeId: 5, RuleFilterName: e2e DoNotInvoiceFlight, Description: e2e #32: e2e DoNotInvoiceFlight, IsActive: True, SortIndicator: 1000, ArticleTarget: null, RecipientTarget: , StopRuleEngineWhenRuleApplied: False, IsRuleForGliderFlights: True, IsRuleForTowingFlights: True, IsRuleForMotorFlights: True, UseRuleForAllAircraftsExceptListed: True, MatchedAircraftImmatriculations: [], UseRuleForAllStartTypesExceptListed: True, MatchedStartTypes: [], UseRuleForAllFlightTypesExceptListed: True, MatchedFlightTypeCodes: [], ExtendMatchingFlightTypeCodesToGliderAndTowFlight: False, UseRuleForAllStartLocationsExceptListed: True, MatchedStartLocations: [], UseRuleForAllLdgLocationsExceptListed: True, MatchedLdgLocations: [], UseRuleForAllClubMemberNumbersExceptListed: True, MatchedClubMemberNumbers: [], UseRuleForAllFlightCrewTypesExceptListed: True, MatchedFlightCrewTypes: [], UseRuleForAllAircraftsOnHomebaseExceptListed: True, MatchedAircraftsHomebase: [], UseRuleForAllMemberStatesExceptListed: True, MatchedMemberStates: [], UseRuleForAllPersonCategoriesExceptListed: True, MatchedPersonCategories: [], IsChargedToClubInternal: False, MinFlightTimeInSecondsMatchingValue: 0, MaxFlightTimeInSecondsMatchingValue: 2147483647, MinEngineTimeInSecondsMatchingValue: 0, MaxEngineTimeInSecondsMatchingValue: 2147483647, IncludeThresholdText: False, ThresholdText: , IncludeFlightTypeName: False, NoLandingTaxForGlider: False, NoLandingTaxForTowingAircraft: False, NoLandingTaxForAircraft: False, AccountingUnitTypeId: , CreatedOn: 05/25/2026 05:42:18, CreatedByUserId: 36073196-1ee3-4a97-a3fa-f5f60039f041, ModifiedOn: , ModifiedByUserId: , DeletedOn: 05/25/2026 05:42:21, DeletedByUserId: 36073196-1ee3-4a97-a3fa-f5f60039f041, RecordState: 99, OwnerId: 0fa7b76f-47ba-4138-8f96-671400fd7c83, OwnershipType: 2, IsDeleted: False, Id: 75d28233-717e-42c7-8ed5-f1f018b0042c,  <- AccountingRuleFilter]

2026-05-25 05:42:22.0117 FLS.Server.Data.FLSDataEntities Insert AccountingRuleFilter with data: [AccountingRuleFilter -> AccountingRuleFilterId: bde80158-bff3-4957-9c57-d1f32f5a67b7, ClubId: 0fa7b76f-47ba-4138-8f96-671400fd7c83, AccountingRuleFilterTypeId: 10, RuleFilterName: e2e Recipient, Description: e2e #32: e2e Recipient, IsActive: True, SortIndicator: 1000, ArticleTarget: , RecipientTarget: {"PersonId":null,"RecipientName":"e2e Recipient 1779687741959","Firstname":null,"Lastname":null,"AddressLine1":null,"AddressLine2":null,"ZipCode":null,"City":null,"CountryName":null,"PersonClubMemberNumber":null}, StopRuleEngineWhenRuleApplied: False, IsRuleForGliderFlights: True, IsRuleForTowingFlights: True, IsRuleForMotorFlights: True, UseRuleForAllAircraftsExceptListed: True, MatchedAircraftImmatriculations: [], UseRuleForAllStartTypesExceptListed: True, MatchedStartTypes: [], UseRuleForAllFlightTypesExceptListed: True, MatchedFlightTypeCodes: [], ExtendMatchingFlightTypeCodesToGliderAndTowFlight: False, UseRuleForAllStartLocationsExceptListed: True, MatchedStartLocations: [], UseRuleForAllLdgLocationsExceptListed: True, MatchedLdgLocations: [], UseRuleForAllClubMemberNumbersExceptListed: True, MatchedClubMemberNumbers: [], UseRuleForAllFlightCrewTypesExceptListed: True, MatchedFlightCrewTypes: [], UseRuleForAllAircraftsOnHomebaseExceptListed: True, MatchedAircraftsHomebase: [], UseRuleForAllMemberStatesExceptListed: True, MatchedMemberStates: [], UseRuleForAllPersonCategoriesExceptListed: True, MatchedPersonCategories: [], IsChargedToClubInternal: False, MinFlightTimeInSecondsMatchingValue: , MaxFlightTimeInSecondsMatchingValue: , MinEngineTimeInSecondsMatchingValue: , MaxEngineTimeInSecondsMatchingValue: , IncludeThresholdText: False, ThresholdText: , IncludeFlightTypeName: False, NoLandingTaxForGlider: False, NoLandingTaxForTowingAircraft: False, NoLandingTaxForAircraft: False, AccountingUnitTypeId: , CreatedOn: 05/25/2026 05:42:22, CreatedByUserId: 36073196-1ee3-4a97-a3fa-f5f60039f041, ModifiedOn: , ModifiedByUserId: , DeletedOn: , DeletedByUserId: , RecordState: 1, OwnerId: 0fa7b76f-47ba-4138-8f96-671400fd7c83, OwnershipType: 2, IsDeleted: False, Id: bde80158-bff3-4957-9c57-d1f32f5a67b7,  <- AccountingRuleFilter]

2026-05-25 05:42:22.1467 FLS.Server.Service.BaseService Get 2 AccountingRuleFilters of clubId: 0fa7b76f-47ba-4138-8f96-671400fd7c83
2026-05-25 05:42:22.1597 FLS.Server.Service.BaseService Start creating accounting for flight: Glider-Flight: HB-3407, Pilot: Stahel Morli, Flight-Date: 12/02/2025, Starttime: 00:00, LdgTime: 00:47, Flightcode: 63, Nr of Ldgs: 1/0, Flight-Air-State: 20, Flight-Process-State: 40 using 2 recipient rule filters and 2 accounting line rule filters.
2026-05-25 05:42:22.1738 FLS.Server.Service.Accounting.Rules.BaseAccountingRule Applied rule DeliveryRecipientRule, Nr of Conditions=1, RuleApplied=True, StopRuleEngineWhenRuleApplied=True, Rule-Filter: e2e Recipient of type: FLS.Server.Service.Accounting.Rules.DeliveryRecipientRule has conditions: '(1 EQUALS 1 ==> True)' for Flight: Glider-Flight: HB-3407, Pilot: Stahel Morli, Flight-Date: 12/02/2025, Starttime: 00:00, LdgTime: 00:47, Flightcode: 63, Nr of Ldgs: 1/0, Flight-Air-State: 20, Flight-Process-State: 40
2026-05-25 05:42:22.1926 FLS.Server.Service.RulesEngine.BaseRule Applied rule FlightDeliveryInfoRule, Nr of Conditions=1, RuleApplied=True, StopRuleEngineWhenRuleApplied=False
2026-05-25 05:42:22.2013 FLS.Server.Service.BaseService Get 2 AccountingRuleFilters of clubId: 0fa7b76f-47ba-4138-8f96-671400fd7c83
2026-05-25 05:42:22.2078 FLS.Server.Service.RulesEngine.BaseRule Applied rule AdditionalInfoRule, Nr of Conditions=1, RuleApplied=True, StopRuleEngineWhenRuleApplied=False
2026-05-25 05:42:22.2147 FLS.Server.Service.BaseService Start creating accounting for flight: Glider-Flight: HB-3407, Pilot: Bonzli Lenni, Flight-Date: 05/25/2026, Starttime: 10:00, LdgTime: 10:30, Flightcode: 60, Nr of Ldgs: 1/0, Flight-Air-State: 20, Flight-Process-State: 30 using 2 recipient rule filters and 2 accounting line rule filters.
2026-05-25 05:42:22.2363 FLS.Server.Service.Accounting.Rules.BaseAccountingRule Added new delivery item line to Delivery. Line: Pos: 1 Product: 5001 Text: HB-3407 Glider flight minutes Qty: 47 of type: Minuten Discount: 0% Add. Info: 
2026-05-25 05:42:22.2287 FLS.Server.Service.Accounting.Rules.BaseAccountingRule Applied rule DeliveryRecipientRule, Nr of Conditions=1, RuleApplied=True, StopRuleEngineWhenRuleApplied=True, Rule-Filter: e2e Recipient of type: FLS.Server.Service.Accounting.Rules.DeliveryRecipientRule has conditions: '(1 EQUALS 1 ==> True)' for Flight: Glider-Flight: HB-3407, Pilot: Bonzli Lenni, Flight-Date: 05/25/2026, Starttime: 10:00, LdgTime: 10:30, Flightcode: 60, Nr of Ldgs: 1/0, Flight-Air-State: 20, Flight-Process-State: 30
2026-05-25 05:42:22.2473 FLS.Server.Service.Accounting.Rules.BaseAccountingRule Applied rule AircraftFlightTimeRule, Nr of Conditions=3, RuleApplied=True, StopRuleEngineWhenRuleApplied=False, Rule-Filter: E2E accounting-rules-edit-accounting-rules-create-flighttime-rul of type: FLS.Server.Service.Accounting.Rules.ItemRules.AircraftFlightTimeRule has conditions: '(1 EQUALS 1 ==> True),(collection: '34896816-6341-43b1-ad93-16a600866ae6' CONTAINS key: 34896816-6341-43b1-ad93-16a600866ae6 ==> True),(Value: 2820 is BETWEEN 0 and 2147483647 (incl. minValue = False; maxValue = True ==> True)' for Flight: Glider-Flight: HB-3407, Pilot: Stahel Morli, Flight-Date: 12/02/2025, Starttime: 00:00, LdgTime: 00:47, Flightcode: 63, Nr of Ldgs: 1/0, Flight-Air-State: 20, Flight-Process-State: 40
2026-05-25 05:42:22.2460 FLS.Server.Service.RulesEngine.BaseRule Applied rule FlightDeliveryInfoRule, Nr of Conditions=1, RuleApplied=True, StopRuleEngineWhenRuleApplied=False
2026-05-25 05:42:22.2561 FLS.Server.Service.BaseService Created accounting for e2e Recipient 1779687741959: Flight-Date: 12/02/2025 Aircraft: HB-3407 Nr of Lines: 1
2026-05-25 05:42:22.2597 FLS.Server.Service.RulesEngine.BaseRule Applied rule AdditionalInfoRule, Nr of Conditions=1, RuleApplied=True, StopRuleEngineWhenRuleApplied=False
2026-05-25 05:42:22.2745 FLS.Server.Service.Accounting.Rules.BaseAccountingRule Added new delivery item line to Delivery. Line: Pos: 1 Product: 5001 Text: HB-3407 Glider flight minutes Qty: 30 of type: Minuten Discount: 0% Add. Info: 
2026-05-25 05:42:22.2879 FLS.Server.Service.Accounting.Rules.BaseAccountingRule Applied rule AircraftFlightTimeRule, Nr of Conditions=3, RuleApplied=True, StopRuleEngineWhenRuleApplied=False, Rule-Filter: E2E accounting-rules-edit-accounting-rules-create-flighttime-rul of type: FLS.Server.Service.Accounting.Rules.ItemRules.AircraftFlightTimeRule has conditions: '(1 EQUALS 1 ==> True),(collection: '34896816-6341-43b1-ad93-16a600866ae6' CONTAINS key: 34896816-6341-43b1-ad93-16a600866ae6 ==> True),(Value: 1800 is BETWEEN 0 and 2147483647 (incl. minValue = False; maxValue = True ==> True)' for Flight: Glider-Flight: HB-3407, Pilot: Bonzli Lenni, Flight-Date: 05/25/2026, Starttime: 10:00, LdgTime: 10:30, Flightcode: 60, Nr of Ldgs: 1/0, Flight-Air-State: 20, Flight-Process-State: 30
2026-05-25 05:42:22.3048 FLS.Server.Service.BaseService Created accounting for e2e Recipient 1779687741959: Flight-Date: 05/25/2026 Aircraft: HB-3407 Nr of Lines: 1
2026-05-25 05:42:22.3804 FLS.Server.Data.FLSDataEntities Delete AccountingRuleFilter with Data: [AccountingRuleFilter -> AccountingRuleFilterId: bde80158-bff3-4957-9c57-d1f32f5a67b7, ClubId: 0fa7b76f-47ba-4138-8f96-671400fd7c83, AccountingRuleFilterTypeId: 10, RuleFilterName: e2e Recipient, Description: e2e #32: e2e Recipient, IsActive: True, SortIndicator: 1000, ArticleTarget: , RecipientTarget: {"PersonId":null,"RecipientName":"e2e Recipient 1779687741959","Firstname":null,"Lastname":null,"AddressLine1":null,"AddressLine2":null,"ZipCode":null,"City":null,"CountryName":null,"PersonClubMemberNumber":null}, StopRuleEngineWhenRuleApplied: False, IsRuleForGliderFlights: True, IsRuleForTowingFlights: True, IsRuleForMotorFlights: True, UseRuleForAllAircraftsExceptListed: True, MatchedAircraftImmatriculations: [], UseRuleForAllStartTypesExceptListed: True, MatchedStartTypes: [], UseRuleForAllFlightTypesExceptListed: True, MatchedFlightTypeCodes: [], ExtendMatchingFlightTypeCodesToGliderAndTowFlight: False, UseRuleForAllStartLocationsExceptListed: True, MatchedStartLocations: [], UseRuleForAllLdgLocationsExceptListed: True, MatchedLdgLocations: [], UseRuleForAllClubMemberNumbersExceptListed: True, MatchedClubMemberNumbers: [], UseRuleForAllFlightCrewTypesExceptListed: True, MatchedFlightCrewTypes: [], UseRuleForAllAircraftsOnHomebaseExceptListed: True, MatchedAircraftsHomebase: [], UseRuleForAllMemberStatesExceptListed: True, MatchedMemberStates: [], UseRuleForAllPersonCategoriesExceptListed: True, MatchedPersonCategories: [], IsChargedToClubInternal: False, MinFlightTimeInSecondsMatchingValue: , MaxFlightTimeInSecondsMatchingValue: , MinEngineTimeInSecondsMatchingValue: , MaxEngineTimeInSecondsMatchingValue: , IncludeThresholdText: False, ThresholdText: , IncludeFlightTypeName: False, NoLandingTaxForGlider: False, NoLandingTaxForTowingAircraft: False, NoLandingTaxForAircraft: False, AccountingUnitTypeId: , CreatedOn: 05/25/2026 05:42:22, CreatedByUserId: 36073196-1ee3-4a97-a3fa-f5f60039f041, ModifiedOn: , ModifiedByUserId: , DeletedOn: 05/25/2026 05:42:22, DeletedByUserId: 36073196-1ee3-4a97-a3fa-f5f60039f041, RecordState: 99, OwnerId: 0fa7b76f-47ba-4138-8f96-671400fd7c83, OwnershipType: 2, IsDeleted: False, Id: bde80158-bff3-4957-9c57-d1f32f5a67b7,  <- AccountingRuleFilter]

2026-05-25 05:42:22.5230 FLS.Server.Data.FLSDataEntities Update AccountingRuleFilter with data: [AccountingRuleFilter -> AccountingRuleFilterId: ca9a3666-9786-4c57-9b0e-c16e166ab03d, ClubId: 0fa7b76f-47ba-4138-8f96-671400fd7c83, AccountingRuleFilterTypeId: 30, RuleFilterName: E2E accounting-rules-edit-accounting-rules-create-flighttime-rul, Description: edited by e2e, IsActive: True, SortIndicator: 0, ArticleTarget: {"ArticleNumber":"5001","DeliveryLineText":"Glider flight minutes"}, RecipientTarget: , StopRuleEngineWhenRuleApplied: False, IsRuleForGliderFlights: True, IsRuleForTowingFlights: False, IsRuleForMotorFlights: False, UseRuleForAllAircraftsExceptListed: False, MatchedAircraftImmatriculations: ["HB-3407"], UseRuleForAllStartTypesExceptListed: True, MatchedStartTypes: [], UseRuleForAllFlightTypesExceptListed: True, MatchedFlightTypeCodes: [], ExtendMatchingFlightTypeCodesToGliderAndTowFlight: False, UseRuleForAllStartLocationsExceptListed: True, MatchedStartLocations: [], UseRuleForAllLdgLocationsExceptListed: True, MatchedLdgLocations: [], UseRuleForAllClubMemberNumbersExceptListed: True, MatchedClubMemberNumbers: [], UseRuleForAllFlightCrewTypesExceptListed: True, MatchedFlightCrewTypes: [], UseRuleForAllAircraftsOnHomebaseExceptListed: True, MatchedAircraftsHomebase: [], UseRuleForAllMemberStatesExceptListed: True, MatchedMemberStates: [], UseRuleForAllPersonCategoriesExceptListed: True, MatchedPersonCategories: [], IsChargedToClubInternal: False, MinFlightTimeInSecondsMatchingValue: 0, MaxFlightTimeInSecondsMatchingValue: 2147483647, MinEngineTimeInSecondsMatchingValue: 0, MaxEngineTimeInSecondsMatchingValue: 2147483647, IncludeThresholdText: False, ThresholdText: , IncludeFlightTypeName: False, NoLandingTaxForGlider: False, NoLandingTaxForTowingAircraft: False, NoLandingTaxForAircraft: False, AccountingUnitTypeId: 10, CreatedOn: 05/25/2026 05:42:21, CreatedByUserId: 36073196-1ee3-4a97-a3fa-f5f60039f041, ModifiedOn: 05/25/2026 05:42:22, ModifiedByUserId: 36073196-1ee3-4a97-a3fa-f5f60039f041, DeletedOn: , DeletedByUserId: , RecordState: 1, OwnerId: 0fa7b76f-47ba-4138-8f96-671400fd7c83, OwnershipType: 2, IsDeleted: False, Id: ca9a3666-9786-4c57-9b0e-c16e166ab03d,  <- AccountingRuleFilter]

2026-05-25 05:42:22.5996 FLS.Server.Data.FLSDataEntities Insert AccountingRuleFilter with data: [AccountingRuleFilter -> AccountingRuleFilterId: 2419e6ba-2d72-4340-9c29-05b2c665bfdf, ClubId: 0fa7b76f-47ba-4138-8f96-671400fd7c83, AccountingRuleFilterTypeId: 20, RuleFilterName: e2e NoLandingTax, Description: e2e #32: e2e NoLandingTax, IsActive: True, SortIndicator: 1000, ArticleTarget: null, RecipientTarget: , StopRuleEngineWhenRuleApplied: False, IsRuleForGliderFlights: True, IsRuleForTowingFlights: True, IsRuleForMotorFlights: True, UseRuleForAllAircraftsExceptListed: True, MatchedAircraftImmatriculations: [], UseRuleForAllStartTypesExceptListed: True, MatchedStartTypes: [], UseRuleForAllFlightTypesExceptListed: True, MatchedFlightTypeCodes: [], ExtendMatchingFlightTypeCodesToGliderAndTowFlight: False, UseRuleForAllStartLocationsExceptListed: True, MatchedStartLocations: [], UseRuleForAllLdgLocationsExceptListed: True, MatchedLdgLocations: [], UseRuleForAllClubMemberNumbersExceptListed: True, MatchedClubMemberNumbers: [], UseRuleForAllFlightCrewTypesExceptListed: True, MatchedFlightCrewTypes: [], UseRuleForAllAircraftsOnHomebaseExceptListed: True, MatchedAircraftsHomebase: [], UseRuleForAllMemberStatesExceptListed: True, MatchedMemberStates: [], UseRuleForAllPersonCategoriesExceptListed: True, MatchedPersonCategories: [], IsChargedToClubInternal: False, MinFlightTimeInSecondsMatchingValue: 0, MaxFlightTimeInSecondsMatchingValue: 2147483647, MinEngineTimeInSecondsMatchingValue: 0, MaxEngineTimeInSecondsMatchingValue: 2147483647, IncludeThresholdText: False, ThresholdText: , IncludeFlightTypeName: False, NoLandingTaxForGlider: True, NoLandingTaxForTowingAircraft: False, NoLandingTaxForAircraft: False, AccountingUnitTypeId: , CreatedOn: 05/25/2026 05:42:22, CreatedByUserId: 36073196-1ee3-4a97-a3fa-f5f60039f041, ModifiedOn: , ModifiedByUserId: , DeletedOn: , DeletedByUserId: , RecordState: 1, OwnerId: 0fa7b76f-47ba-4138-8f96-671400fd7c83, OwnershipType: 2, IsDeleted: False, Id: 2419e6ba-2d72-4340-9c29-05b2c665bfdf,  <- AccountingRuleFilter]

2026-05-25 05:42:22.8453 FLS.Server.Service.BaseService Get 2 AccountingRuleFilters of clubId: 0fa7b76f-47ba-4138-8f96-671400fd7c83
2026-05-25 05:42:22.8651 FLS.Server.Service.BaseService Start creating accounting for flight: Glider-Flight: HB-3407, Pilot: Stahel Morli, Flight-Date: 12/02/2025, Starttime: 00:00, LdgTime: 00:47, Flightcode: 63, Nr of Ldgs: 1/0, Flight-Air-State: 20, Flight-Process-State: 40 using 2 recipient rule filters and 2 accounting line rule filters.
2026-05-25 05:42:22.8807 FLS.Server.Service.RulesEngine.BaseRule NOT applied rule FlightCostPaidByPersonRule, Nr of Conditions=1, RuleApplied=False, StopRuleEngineWhenRuleApplied=False
2026-05-25 05:42:22.9183 FLS.Server.Service.RulesEngine.BaseRule Applied rule FlightCostPaidByPilotRule, Nr of Conditions=1, RuleApplied=True, StopRuleEngineWhenRuleApplied=False
2026-05-25 05:42:22.9442 FLS.Server.Service.RulesEngine.BaseRule Applied rule FlightDeliveryInfoRule, Nr of Conditions=1, RuleApplied=True, StopRuleEngineWhenRuleApplied=False
2026-05-25 05:42:22.9755 FLS.Server.Service.RulesEngine.BaseRule Applied rule AdditionalInfoRule, Nr of Conditions=1, RuleApplied=True, StopRuleEngineWhenRuleApplied=False
2026-05-25 05:42:22.9887 FLS.Server.Service.Accounting.Rules.BaseAccountingRule Apply no landing tax! Set NO landing tax for glider to : True, for towing to: False
2026-05-25 05:42:23.0001 FLS.Server.Data.FLSDataEntities Delete AccountingRuleFilter with Data: [AccountingRuleFilter -> AccountingRuleFilterId: ca9a3666-9786-4c57-9b0e-c16e166ab03d, ClubId: 0fa7b76f-47ba-4138-8f96-671400fd7c83, AccountingRuleFilterTypeId: 30, RuleFilterName: E2E accounting-rules-edit-accounting-rules-create-flighttime-rul, Description: edited by e2e, IsActive: True, SortIndicator: 0, ArticleTarget: {"ArticleNumber":"5001","DeliveryLineText":"Glider flight minutes"}, RecipientTarget: , StopRuleEngineWhenRuleApplied: False, IsRuleForGliderFlights: True, IsRuleForTowingFlights: False, IsRuleForMotorFlights: False, UseRuleForAllAircraftsExceptListed: False, MatchedAircraftImmatriculations: ["HB-3407"], UseRuleForAllStartTypesExceptListed: True, MatchedStartTypes: [], UseRuleForAllFlightTypesExceptListed: True, MatchedFlightTypeCodes: [], ExtendMatchingFlightTypeCodesToGliderAndTowFlight: False, UseRuleForAllStartLocationsExceptListed: True, MatchedStartLocations: [], UseRuleForAllLdgLocationsExceptListed: True, MatchedLdgLocations: [], UseRuleForAllClubMemberNumbersExceptListed: True, MatchedClubMemberNumbers: [], UseRuleForAllFlightCrewTypesExceptListed: True, MatchedFlightCrewTypes: [], UseRuleForAllAircraftsOnHomebaseExceptListed: True, MatchedAircraftsHomebase: [], UseRuleForAllMemberStatesExceptListed: True, MatchedMemberStates: [], UseRuleForAllPersonCategoriesExceptListed: True, MatchedPersonCategories: [], IsChargedToClubInternal: False, MinFlightTimeInSecondsMatchingValue: 0, MaxFlightTimeInSecondsMatchingValue: 2147483647, MinEngineTimeInSecondsMatchingValue: 0, MaxEngineTimeInSecondsMatchingValue: 2147483647, IncludeThresholdText: False, ThresholdText: , IncludeFlightTypeName: False, NoLandingTaxForGlider: False, NoLandingTaxForTowingAircraft: False, NoLandingTaxForAircraft: False, AccountingUnitTypeId: , CreatedOn: 05/25/2026 05:42:21, CreatedByUserId: 36073196-1ee3-4a97-a3fa-f5f60039f041, ModifiedOn: 05/25/2026 05:42:22, ModifiedByUserId: 36073196-1ee3-4a97-a3fa-f5f60039f041, DeletedOn: 05/25/2026 05:42:22, DeletedByUserId: 36073196-1ee3-4a97-a3fa-f5f60039f041, RecordState: 99, OwnerId: 0fa7b76f-47ba-4138-8f96-671400fd7c83, OwnershipType: 2, IsDeleted: False, Id: ca9a3666-9786-4c57-9b0e-c16e166ab03d,  <- AccountingRuleFilter]

2026-05-25 05:42:23.0022 FLS.Server.Service.Accounting.Rules.BaseAccountingRule Applied rule NoLandingTaxRule, Nr of Conditions=2, RuleApplied=True, StopRuleEngineWhenRuleApplied=False, Rule-Filter: e2e NoLandingTax of type: FLS.Server.Service.Accounting.Rules.ItemRules.NoLandingTaxRule has conditions: '(1 EQUALS 1 ==> True),(Value: 2820 is BETWEEN 0 and 2147483647 (incl. minValue = False; maxValue = True ==> True)' for Flight: Glider-Flight: HB-3407, Pilot: Stahel Morli, Flight-Date: 12/02/2025, Starttime: 00:00, LdgTime: 00:47, Flightcode: 63, Nr of Ldgs: 1/0, Flight-Air-State: 20, Flight-Process-State: 40
2026-05-25 05:42:23.0128 FLS.Server.Service.Accounting.Rules.BaseAccountingRule Added new delivery item line to Delivery. Line: Pos: 1 Product: 5001 Text: HB-3407 Glider flight minutes Qty: 47 of type: Minuten Discount: 0% Add. Info: 
2026-05-25 05:42:23.0238 FLS.Server.Service.Accounting.Rules.BaseAccountingRule Applied rule AircraftFlightTimeRule, Nr of Conditions=3, RuleApplied=True, StopRuleEngineWhenRuleApplied=False, Rule-Filter: E2E accounting-rules-edit-accounting-rules-create-flighttime-rul of type: FLS.Server.Service.Accounting.Rules.ItemRules.AircraftFlightTimeRule has conditions: '(1 EQUALS 1 ==> True),(collection: '34896816-6341-43b1-ad93-16a600866ae6' CONTAINS key: 34896816-6341-43b1-ad93-16a600866ae6 ==> True),(Value: 2820 is BETWEEN 0 and 2147483647 (incl. minValue = False; maxValue = True ==> True)' for Flight: Glider-Flight: HB-3407, Pilot: Stahel Morli, Flight-Date: 12/02/2025, Starttime: 00:00, LdgTime: 00:47, Flightcode: 63, Nr of Ldgs: 1/0, Flight-Air-State: 20, Flight-Process-State: 40
2026-05-25 05:42:23.0304 FLS.Server.Service.BaseService Created accounting for Stahel Morli: Flight-Date: 12/02/2025 Aircraft: HB-3407 Nr of Lines: 1
2026-05-25 05:42:23.1162 FLS.Server.Data.FLSDataEntities Delete AccountingRuleFilter with Data: [AccountingRuleFilter -> AccountingRuleFilterId: 2419e6ba-2d72-4340-9c29-05b2c665bfdf, ClubId: 0fa7b76f-47ba-4138-8f96-671400fd7c83, AccountingRuleFilterTypeId: 20, RuleFilterName: e2e NoLandingTax, Description: e2e #32: e2e NoLandingTax, IsActive: True, SortIndicator: 1000, ArticleTarget: null, RecipientTarget: , StopRuleEngineWhenRuleApplied: False, IsRuleForGliderFlights: True, IsRuleForTowingFlights: True, IsRuleForMotorFlights: True, UseRuleForAllAircraftsExceptListed: True, MatchedAircraftImmatriculations: [], UseRuleForAllStartTypesExceptListed: True, MatchedStartTypes: [], UseRuleForAllFlightTypesExceptListed: True, MatchedFlightTypeCodes: [], ExtendMatchingFlightTypeCodesToGliderAndTowFlight: False, UseRuleForAllStartLocationsExceptListed: True, MatchedStartLocations: [], UseRuleForAllLdgLocationsExceptListed: True, MatchedLdgLocations: [], UseRuleForAllClubMemberNumbersExceptListed: True, MatchedClubMemberNumbers: [], UseRuleForAllFlightCrewTypesExceptListed: True, MatchedFlightCrewTypes: [], UseRuleForAllAircraftsOnHomebaseExceptListed: True, MatchedAircraftsHomebase: [], UseRuleForAllMemberStatesExceptListed: True, MatchedMemberStates: [], UseRuleForAllPersonCategoriesExceptListed: True, MatchedPersonCategories: [], IsChargedToClubInternal: False, MinFlightTimeInSecondsMatchingValue: 0, MaxFlightTimeInSecondsMatchingValue: 2147483647, MinEngineTimeInSecondsMatchingValue: 0, MaxEngineTimeInSecondsMatchingValue: 2147483647, IncludeThresholdText: False, ThresholdText: , IncludeFlightTypeName: False, NoLandingTaxForGlider: True, NoLandingTaxForTowingAircraft: False, NoLandingTaxForAircraft: False, AccountingUnitTypeId: , CreatedOn: 05/25/2026 05:42:22, CreatedByUserId: 36073196-1ee3-4a97-a3fa-f5f60039f041, ModifiedOn: , ModifiedByUserId: , DeletedOn: 05/25/2026 05:42:23, DeletedByUserId: 36073196-1ee3-4a97-a3fa-f5f60039f041, RecordState: 99, OwnerId: 0fa7b76f-47ba-4138-8f96-671400fd7c83, OwnershipType: 2, IsDeleted: False, Id: 2419e6ba-2d72-4340-9c29-05b2c665bfdf,  <- AccountingRuleFilter]

2026-05-25 05:42:23.2525 FLS.Server.Data.FLSDataEntities Insert AccountingRuleFilter with data: [AccountingRuleFilter -> AccountingRuleFilterId: 9a716a94-1a93-4675-a3bb-15a7f5b99327, ClubId: 0fa7b76f-47ba-4138-8f96-671400fd7c83, AccountingRuleFilterTypeId: 30, RuleFilterName: e2e FlightTime, Description: e2e #32: e2e FlightTime, IsActive: True, SortIndicator: 1000, ArticleTarget: {"ArticleNumber":"9030","DeliveryLineText":"e2e flighttime"}, RecipientTarget: , StopRuleEngineWhenRuleApplied: False, IsRuleForGliderFlights: True, IsRuleForTowingFlights: False, IsRuleForMotorFlights: False, UseRuleForAllAircraftsExceptListed: True, MatchedAircraftImmatriculations: [], UseRuleForAllStartTypesExceptListed: True, MatchedStartTypes: [], UseRuleForAllFlightTypesExceptListed: True, MatchedFlightTypeCodes: [], ExtendMatchingFlightTypeCodesToGliderAndTowFlight: False, UseRuleForAllStartLocationsExceptListed: True, MatchedStartLocations: [], UseRuleForAllLdgLocationsExceptListed: True, MatchedLdgLocations: [], UseRuleForAllClubMemberNumbersExceptListed: True, MatchedClubMemberNumbers: [], UseRuleForAllFlightCrewTypesExceptListed: True, MatchedFlightCrewTypes: [], UseRuleForAllAircraftsOnHomebaseExceptListed: True, MatchedAircraftsHomebase: [], UseRuleForAllMemberStatesExceptListed: True, MatchedMemberStates: [], UseRuleForAllPersonCategoriesExceptListed: True, MatchedPersonCategories: [], IsChargedToClubInternal: False, MinFlightTimeInSecondsMatchingValue: 0, MaxFlightTimeInSecondsMatchingValue: 2147483647, MinEngineTimeInSecondsMatchingValue: 0, MaxEngineTimeInSecondsMatchingValue: 2147483647, IncludeThresholdText: False, ThresholdText: , IncludeFlightTypeName: False, NoLandingTaxForGlider: False, NoLandingTaxForTowingAircraft: False, NoLandingTaxForAircraft: False, AccountingUnitTypeId: 10, CreatedOn: 05/25/2026 05:42:23, CreatedByUserId: 36073196-1ee3-4a97-a3fa-f5f60039f041, ModifiedOn: , ModifiedByUserId: , DeletedOn: , DeletedByUserId: , RecordState: 1, OwnerId: 0fa7b76f-47ba-4138-8f96-671400fd7c83, OwnershipType: 2, IsDeleted: False, Id: 9a716a94-1a93-4675-a3bb-15a7f5b99327,  <- AccountingRuleFilter]

2026-05-25 05:42:23.6190 FLS.Server.Service.BaseService Get 1 AccountingRuleFilters of clubId: 0fa7b76f-47ba-4138-8f96-671400fd7c83
2026-05-25 05:42:23.6389 FLS.Server.Service.BaseService Start creating accounting for flight: Glider-Flight: HB-3407, Pilot: Stahel Morli, Flight-Date: 12/02/2025, Starttime: 00:00, LdgTime: 00:47, Flightcode: 63, Nr of Ldgs: 1/0, Flight-Air-State: 20, Flight-Process-State: 40 using 1 recipient rule filters and 1 accounting line rule filters.
2026-05-25 05:42:23.6676 FLS.Server.Service.RulesEngine.BaseRule NOT applied rule FlightCostPaidByPersonRule, Nr of Conditions=1, RuleApplied=False, StopRuleEngineWhenRuleApplied=False
2026-05-25 05:42:23.7112 FLS.Server.Service.RulesEngine.BaseRule Applied rule FlightCostPaidByPilotRule, Nr of Conditions=1, RuleApplied=True, StopRuleEngineWhenRuleApplied=False
2026-05-25 05:42:23.7219 FLS.Server.Service.RulesEngine.BaseRule Applied rule FlightDeliveryInfoRule, Nr of Conditions=1, RuleApplied=True, StopRuleEngineWhenRuleApplied=False
2026-05-25 05:42:23.7395 FLS.Server.Service.RulesEngine.BaseRule Applied rule AdditionalInfoRule, Nr of Conditions=1, RuleApplied=True, StopRuleEngineWhenRuleApplied=False
2026-05-25 05:42:23.7516 FLS.Server.Service.Accounting.Rules.BaseAccountingRule Added new delivery item line to Delivery. Line: Pos: 1 Product: 9030 Text: HB-3407 e2e flighttime Qty: 47 of type: Minuten Discount: 0% Add. Info: 
2026-05-25 05:42:23.7580 FLS.Server.Service.Accounting.Rules.BaseAccountingRule Applied rule AircraftFlightTimeRule, Nr of Conditions=2, RuleApplied=True, StopRuleEngineWhenRuleApplied=False, Rule-Filter: e2e FlightTime of type: FLS.Server.Service.Accounting.Rules.ItemRules.AircraftFlightTimeRule has conditions: '(1 EQUALS 1 ==> True),(Value: 2820 is BETWEEN 0 and 2147483647 (incl. minValue = False; maxValue = True ==> True)' for Flight: Glider-Flight: HB-3407, Pilot: Stahel Morli, Flight-Date: 12/02/2025, Starttime: 00:00, LdgTime: 00:47, Flightcode: 63, Nr of Ldgs: 1/0, Flight-Air-State: 20, Flight-Process-State: 40
2026-05-25 05:42:23.7642 FLS.Server.Service.BaseService Created accounting for Stahel Morli: Flight-Date: 12/02/2025 Aircraft: HB-3407 Nr of Lines: 1
2026-05-25 05:42:23.8120 FLS.Server.Service.BaseService Queried Flights for accounting and got 3 flights back.
2026-05-25 05:42:23.8372 FLS.Server.Data.FLSDataEntities Delete AccountingRuleFilter with Data: [AccountingRuleFilter -> AccountingRuleFilterId: 9a716a94-1a93-4675-a3bb-15a7f5b99327, ClubId: 0fa7b76f-47ba-4138-8f96-671400fd7c83, AccountingRuleFilterTypeId: 30, RuleFilterName: e2e FlightTime, Description: e2e #32: e2e FlightTime, IsActive: True, SortIndicator: 1000, ArticleTarget: {"ArticleNumber":"9030","DeliveryLineText":"e2e flighttime"}, RecipientTarget: , StopRuleEngineWhenRuleApplied: False, IsRuleForGliderFlights: True, IsRuleForTowingFlights: False, IsRuleForMotorFlights: False, UseRuleForAllAircraftsExceptListed: True, MatchedAircraftImmatriculations: [], UseRuleForAllStartTypesExceptListed: True, MatchedStartTypes: [], UseRuleForAllFlightTypesExceptListed: True, MatchedFlightTypeCodes: [], ExtendMatchingFlightTypeCodesToGliderAndTowFlight: False, UseRuleForAllStartLocationsExceptListed: True, MatchedStartLocations: [], UseRuleForAllLdgLocationsExceptListed: True, MatchedLdgLocations: [], UseRuleForAllClubMemberNumbersExceptListed: True, MatchedClubMemberNumbers: [], UseRuleForAllFlightCrewTypesExceptListed: True, MatchedFlightCrewTypes: [], UseRuleForAllAircraftsOnHomebaseExceptListed: True, MatchedAircraftsHomebase: [], UseRuleForAllMemberStatesExceptListed: True, MatchedMemberStates: [], UseRuleForAllPersonCategoriesExceptListed: True, MatchedPersonCategories: [], IsChargedToClubInternal: False, MinFlightTimeInSecondsMatchingValue: 0, MaxFlightTimeInSecondsMatchingValue: 2147483647, MinEngineTimeInSecondsMatchingValue: 0, MaxEngineTimeInSecondsMatchingValue: 2147483647, IncludeThresholdText: False, ThresholdText: , IncludeFlightTypeName: False, NoLandingTaxForGlider: False, NoLandingTaxForTowingAircraft: False, NoLandingTaxForAircraft: False, AccountingUnitTypeId: , CreatedOn: 05/25/2026 05:42:23, CreatedByUserId: 36073196-1ee3-4a97-a3fa-f5f60039f041, ModifiedOn: , ModifiedByUserId: , DeletedOn: 05/25/2026 05:42:23, DeletedByUserId: 36073196-1ee3-4a97-a3fa-f5f60039f041, RecordState: 99, OwnerId: 0fa7b76f-47ba-4138-8f96-671400fd7c83, OwnershipType: 2, IsDeleted: False, Id: 9a716a94-1a93-4675-a3bb-15a7f5b99327,  <- AccountingRuleFilter]

2026-05-25 05:42:23.8885 FLS.Server.Service.BaseService Get 0 AccountingRuleFilters of clubId: 0fa7b76f-47ba-4138-8f96-671400fd7c83
2026-05-25 05:42:23.9902 FLS.Server.Data.FLSDataEntities Insert AccountingRuleFilter with data: [AccountingRuleFilter -> AccountingRuleFilterId: 2bcd3ab8-6e68-4551-af73-043f3c267ef5, ClubId: 0fa7b76f-47ba-4138-8f96-671400fd7c83, AccountingRuleFilterTypeId: 70, RuleFilterName: VSF-Gebühr, Description: , IsActive: True, SortIndicator: 0, ArticleTarget: {"ArticleNumber":"1003","DeliveryLineText":"VSF-Gebühr"}, RecipientTarget: , StopRuleEngineWhenRuleApplied: False, IsRuleForGliderFlights: True, IsRuleForTowingFlights: True, IsRuleForMotorFlights: True, UseRuleForAllAircraftsExceptListed: True, MatchedAircraftImmatriculations: [], UseRuleForAllStartTypesExceptListed: True, MatchedStartTypes: [], UseRuleForAllFlightTypesExceptListed: True, MatchedFlightTypeCodes: [], ExtendMatchingFlightTypeCodesToGliderAndTowFlight: False, UseRuleForAllStartLocationsExceptListed: True, MatchedStartLocations: [], UseRuleForAllLdgLocationsExceptListed: False, MatchedLdgLocations: ["LSZK"], UseRuleForAllClubMemberNumbersExceptListed: True, MatchedClubMemberNumbers: [], UseRuleForAllFlightCrewTypesExceptListed: True, MatchedFlightCrewTypes: [], UseRuleForAllAircraftsOnHomebaseExceptListed: True, MatchedAircraftsHomebase: [], UseRuleForAllMemberStatesExceptListed: True, MatchedMemberStates: [], UseRuleForAllPersonCategoriesExceptListed: True, MatchedPersonCategories: [], IsChargedToClubInternal: False, MinFlightTimeInSecondsMatchingValue: 0, MaxFlightTimeInSecondsMatchingValue: 2147483647, MinEngineTimeInSecondsMatchingValue: 0, MaxEngineTimeInSecondsMatchingValue: 2147483647, IncludeThresholdText: False, ThresholdText: , IncludeFlightTypeName: False, NoLandingTaxForGlider: False, NoLandingTaxForTowingAircraft: False, NoLandingTaxForAircraft: False, AccountingUnitTypeId: 30, CreatedOn: 05/25/2026 05:42:23, CreatedByUserId: 36073196-1ee3-4a97-a3fa-f5f60039f041, ModifiedOn: , ModifiedByUserId: , DeletedOn: , DeletedByUserId: , RecordState: 1, OwnerId: 0fa7b76f-47ba-4138-8f96-671400fd7c83, OwnershipType: 2, IsDeleted: False, Id: 2bcd3ab8-6e68-4551-af73-043f3c267ef5,  <- AccountingRuleFilter]

2026-05-25 05:42:24.0128 FLS.Server.Data.FLSDataEntities Insert AccountingRuleFilter with data: [AccountingRuleFilter -> AccountingRuleFilterId: a6d6fdf5-f17e-46e2-8848-9646e7c5a4ff, ClubId: 0fa7b76f-47ba-4138-8f96-671400fd7c83, AccountingRuleFilterTypeId: 40, RuleFilterName: e2e InstructorFee, Description: e2e #32: e2e InstructorFee, IsActive: True, SortIndicator: 1000, ArticleTarget: {"ArticleNumber":"9040","DeliveryLineText":"e2e instructor"}, RecipientTarget: , StopRuleEngineWhenRuleApplied: False, IsRuleForGliderFlights: True, IsRuleForTowingFlights: True, IsRuleForMotorFlights: True, UseRuleForAllAircraftsExceptListed: True, MatchedAircraftImmatriculations: [], UseRuleForAllStartTypesExceptListed: True, MatchedStartTypes: [], UseRuleForAllFlightTypesExceptListed: True, MatchedFlightTypeCodes: [], ExtendMatchingFlightTypeCodesToGliderAndTowFlight: False, UseRuleForAllStartLocationsExceptListed: True, MatchedStartLocations: [], UseRuleForAllLdgLocationsExceptListed: True, MatchedLdgLocations: [], UseRuleForAllClubMemberNumbersExceptListed: True, MatchedClubMemberNumbers: [], UseRuleForAllFlightCrewTypesExceptListed: True, MatchedFlightCrewTypes: [], UseRuleForAllAircraftsOnHomebaseExceptListed: True, MatchedAircraftsHomebase: [], UseRuleForAllMemberStatesExceptListed: True, MatchedMemberStates: [], UseRuleForAllPersonCategoriesExceptListed: True, MatchedPersonCategories: [], IsChargedToClubInternal: False, MinFlightTimeInSecondsMatchingValue: 0, MaxFlightTimeInSecondsMatchingValue: 2147483647, MinEngineTimeInSecondsMatchingValue: 0, MaxEngineTimeInSecondsMatchingValue: 2147483647, IncludeThresholdText: False, ThresholdText: , IncludeFlightTypeName: False, NoLandingTaxForGlider: False, NoLandingTaxForTowingAircraft: False, NoLandingTaxForAircraft: False, AccountingUnitTypeId: 10, CreatedOn: 05/25/2026 05:42:24, CreatedByUserId: 36073196-1ee3-4a97-a3fa-f5f60039f041, ModifiedOn: , ModifiedByUserId: , DeletedOn: , DeletedByUserId: , RecordState: 1, OwnerId: 0fa7b76f-47ba-4138-8f96-671400fd7c83, OwnershipType: 2, IsDeleted: False, Id: a6d6fdf5-f17e-46e2-8848-9646e7c5a4ff,  <- AccountingRuleFilter]

2026-05-25 05:42:24.1309 FLS.Server.Data.FLSDataEntities Insert AccountingRuleFilter with data: [AccountingRuleFilter -> AccountingRuleFilterId: 16ae7f2f-dea7-4e0a-9277-6043a28ad3e9, ClubId: 0fa7b76f-47ba-4138-8f96-671400fd7c83, AccountingRuleFilterTypeId: 40, RuleFilterName: Instruktor-Honorar Silvan, Description: Silvan, IsActive: True, SortIndicator: 0, ArticleTarget: {"ArticleNumber":"50","DeliveryLineText":null}, RecipientTarget: , StopRuleEngineWhenRuleApplied: False, IsRuleForGliderFlights: True, IsRuleForTowingFlights: False, IsRuleForMotorFlights: False, UseRuleForAllAircraftsExceptListed: True, MatchedAircraftImmatriculations: [], UseRuleForAllStartTypesExceptListed: True, MatchedStartTypes: [], UseRuleForAllFlightTypesExceptListed: True, MatchedFlightTypeCodes: [], ExtendMatchingFlightTypeCodesToGliderAndTowFlight: False, UseRuleForAllStartLocationsExceptListed: True, MatchedStartLocations: [], UseRuleForAllLdgLocationsExceptListed: True, MatchedLdgLocations: [], UseRuleForAllClubMemberNumbersExceptListed: False, MatchedClubMemberNumbers: ["999999"], UseRuleForAllFlightCrewTypesExceptListed: False, MatchedFlightCrewTypes: [3], UseRuleForAllAircraftsOnHomebaseExceptListed: True, MatchedAircraftsHomebase: [], UseRuleForAllMemberStatesExceptListed: True, MatchedMemberStates: [], UseRuleForAllPersonCategoriesExceptListed: True, MatchedPersonCategories: [], IsChargedToClubInternal: False, MinFlightTimeInSecondsMatchingValue: 0, MaxFlightTimeInSecondsMatchingValue: 2147483647, MinEngineTimeInSecondsMatchingValue: 0, MaxEngineTimeInSecondsMatchingValue: 2147483647, IncludeThresholdText: False, ThresholdText: , IncludeFlightTypeName: False, NoLandingTaxForGlider: False, NoLandingTaxForTowingAircraft: False, NoLandingTaxForAircraft: False, AccountingUnitTypeId: 10, CreatedOn: 05/25/2026 05:42:24, CreatedByUserId: 36073196-1ee3-4a97-a3fa-f5f60039f041, ModifiedOn: , ModifiedByUserId: , DeletedOn: , DeletedByUserId: , RecordState: 1, OwnerId: 0fa7b76f-47ba-4138-8f96-671400fd7c83, OwnershipType: 2, IsDeleted: False, Id: 16ae7f2f-dea7-4e0a-9277-6043a28ad3e9,  <- AccountingRuleFilter]

2026-05-25 05:42:24.2767 FLS.Server.Service.BaseService Get 3 AccountingRuleFilters of clubId: 0fa7b76f-47ba-4138-8f96-671400fd7c83
2026-05-25 05:42:24.2745 FLS.Server.Data.FLSDataEntities Insert AccountingRuleFilter with data: [AccountingRuleFilter -> AccountingRuleFilterId: efe8570c-ffb6-4764-b234-f0d2c095a80b, ClubId: 0fa7b76f-47ba-4138-8f96-671400fd7c83, AccountingRuleFilterTypeId: 40, RuleFilterName: Instruktor-Honorar Karl, Description: Karl, IsActive: True, SortIndicator: 0, ArticleTarget: {"ArticleNumber":"29","DeliveryLineText":null}, RecipientTarget: , StopRuleEngineWhenRuleApplied: False, IsRuleForGliderFlights: True, IsRuleForTowingFlights: False, IsRuleForMotorFlights: False, UseRuleForAllAircraftsExceptListed: True, MatchedAircraftImmatriculations: [], UseRuleForAllStartTypesExceptListed: True, MatchedStartTypes: [], UseRuleForAllFlightTypesExceptListed: True, MatchedFlightTypeCodes: [], ExtendMatchingFlightTypeCodesToGliderAndTowFlight: False, UseRuleForAllStartLocationsExceptListed: True, MatchedStartLocations: [], UseRuleForAllLdgLocationsExceptListed: True, MatchedLdgLocations: [], UseRuleForAllClubMemberNumbersExceptListed: False, MatchedClubMemberNumbers: ["424976"], UseRuleForAllFlightCrewTypesExceptListed: False, MatchedFlightCrewTypes: [3], UseRuleForAllAircraftsOnHomebaseExceptListed: True, MatchedAircraftsHomebase: [], UseRuleForAllMemberStatesExceptListed: True, MatchedMemberStates: [], UseRuleForAllPersonCategoriesExceptListed: True, MatchedPersonCategories: [], IsChargedToClubInternal: False, MinFlightTimeInSecondsMatchingValue: 0, MaxFlightTimeInSecondsMatchingValue: 2147483647, MinEngineTimeInSecondsMatchingValue: 0, MaxEngineTimeInSecondsMatchingValue: 2147483647, IncludeThresholdText: False, ThresholdText: , IncludeFlightTypeName: False, NoLandingTaxForGlider: False, NoLandingTaxForTowingAircraft: False, NoLandingTaxForAircraft: False, AccountingUnitTypeId: 10, CreatedOn: 05/25/2026 05:42:24, CreatedByUserId: 36073196-1ee3-4a97-a3fa-f5f60039f041, ModifiedOn: , ModifiedByUserId: , DeletedOn: , DeletedByUserId: , RecordState: 1, OwnerId: 0fa7b76f-47ba-4138-8f96-671400fd7c83, OwnershipType: 2, IsDeleted: False, Id: efe8570c-ffb6-4764-b234-f0d2c095a80b,  <- AccountingRuleFilter]

2026-05-25 05:42:24.2873 FLS.Server.Service.BaseService Start creating accounting for flight: Glider-Flight: HB-3407, Pilot: Stahel Morli, Flight-Date: 12/02/2025, Starttime: 00:00, LdgTime: 00:47, Flightcode: 63, Nr of Ldgs: 1/0, Flight-Air-State: 20, Flight-Process-State: 40 using 3 recipient rule filters and 3 accounting line rule filters.
2026-05-25 05:42:24.3049 FLS.Server.Service.RulesEngine.BaseRule NOT applied rule FlightCostPaidByPersonRule, Nr of Conditions=1, RuleApplied=False, StopRuleEngineWhenRuleApplied=False
2026-05-25 05:42:24.3445 FLS.Server.Service.RulesEngine.BaseRule Applied rule FlightCostPaidByPilotRule, Nr of Conditions=1, RuleApplied=True, StopRuleEngineWhenRuleApplied=False
2026-05-25 05:42:24.3539 FLS.Server.Service.RulesEngine.BaseRule Applied rule FlightDeliveryInfoRule, Nr of Conditions=1, RuleApplied=True, StopRuleEngineWhenRuleApplied=False
2026-05-25 05:42:24.3648 FLS.Server.Service.RulesEngine.BaseRule Applied rule AdditionalInfoRule, Nr of Conditions=1, RuleApplied=True, StopRuleEngineWhenRuleApplied=False
2026-05-25 05:42:24.3767 FLS.Server.Data.FLSDataEntities Insert AccountingRuleFilter with data: [AccountingRuleFilter -> AccountingRuleFilterId: 3cc42d93-c985-4a2d-963a-f409274a7552, ClubId: 0fa7b76f-47ba-4138-8f96-671400fd7c83, AccountingRuleFilterTypeId: 40, RuleFilterName: Instruktor-Honorar HUK, Description: HUK, IsActive: True, SortIndicator: 0, ArticleTarget: {"ArticleNumber":"19","DeliveryLineText":null}, RecipientTarget: , StopRuleEngineWhenRuleApplied: False, IsRuleForGliderFlights: True, IsRuleForTowingFlights: False, IsRuleForMotorFlights: False, UseRuleForAllAircraftsExceptListed: True, MatchedAircraftImmatriculations: [], UseRuleForAllStartTypesExceptListed: True, MatchedStartTypes: [], UseRuleForAllFlightTypesExceptListed: True, MatchedFlightTypeCodes: [], ExtendMatchingFlightTypeCodesToGliderAndTowFlight: False, UseRuleForAllStartLocationsExceptListed: True, MatchedStartLocations: [], UseRuleForAllLdgLocationsExceptListed: True, MatchedLdgLocations: [], UseRuleForAllClubMemberNumbersExceptListed: False, MatchedClubMemberNumbers: ["536594"], UseRuleForAllFlightCrewTypesExceptListed: False, MatchedFlightCrewTypes: [3], UseRuleForAllAircraftsOnHomebaseExceptListed: True, MatchedAircraftsHomebase: [], UseRuleForAllMemberStatesExceptListed: True, MatchedMemberStates: [], UseRuleForAllPersonCategoriesExceptListed: True, MatchedPersonCategories: [], IsChargedToClubInternal: False, MinFlightTimeInSecondsMatchingValue: 0, MaxFlightTimeInSecondsMatchingValue: 2147483647, MinEngineTimeInSecondsMatchingValue: 0, MaxEngineTimeInSecondsMatchingValue: 2147483647, IncludeThresholdText: False, ThresholdText: , IncludeFlightTypeName: False, NoLandingTaxForGlider: False, NoLandingTaxForTowingAircraft: False, NoLandingTaxForAircraft: False, AccountingUnitTypeId: 10, CreatedOn: 05/25/2026 05:42:24, CreatedByUserId: 36073196-1ee3-4a97-a3fa-f5f60039f041, ModifiedOn: , ModifiedByUserId: , DeletedOn: , DeletedByUserId: , RecordState: 1, OwnerId: 0fa7b76f-47ba-4138-8f96-671400fd7c83, OwnershipType: 2, IsDeleted: False, Id: 3cc42d93-c985-4a2d-963a-f409274a7552,  <- AccountingRuleFilter]

2026-05-25 05:42:24.3812 FLS.Server.Service.Accounting.RuleEngines.DeliveryItemRulesEngine No aircraft flight time mapping rule found for flight: Glider-Flight: HB-3407, Pilot: Stahel Morli, Flight-Date: 12/02/2025, Starttime: 00:00, LdgTime: 00:47, Flightcode: 63, Nr of Ldgs: 1/0, Flight-Air-State: 20, Flight-Process-State: 40.
2026-05-25 05:42:24.4029 FLS.Server.Service.Accounting.Rules.BaseAccountingRule NOT applied rule InstructorFeeRule, Nr of Conditions=2, RuleApplied=False, StopRuleEngineWhenRuleApplied=False, Rule-Filter: Instruktor-Honorar Silvan of type: FLS.Server.Service.Accounting.Rules.ItemRules.InstructorFeeRule has conditions: '(1 EQUALS 1 ==> True),('999999' INTERSECTS ANY  ==> False)' for Flight: Glider-Flight: HB-3407, Pilot: Stahel Morli, Flight-Date: 12/02/2025, Starttime: 00:00, LdgTime: 00:47, Flightcode: 63, Nr of Ldgs: 1/0, Flight-Air-State: 20, Flight-Process-State: 40
2026-05-25 05:42:24.4222 FLS.Server.Service.Accounting.Rules.BaseAccountingRule Added new delivery item line to delivery. Line: Pos: 1 Product: 9040 Text: Fluglehrer-Honorar  Qty: 47 of type: Minuten Discount: 0% Add. Info: 
2026-05-25 05:42:24.4388 FLS.Server.Service.Accounting.Rules.BaseAccountingRule Applied rule InstructorFeeRule, Nr of Conditions=1, RuleApplied=True, StopRuleEngineWhenRuleApplied=False, Rule-Filter: e2e InstructorFee of type: FLS.Server.Service.Accounting.Rules.ItemRules.InstructorFeeRule has conditions: '(1 EQUALS 1 ==> True)' for Flight: Glider-Flight: HB-3407, Pilot: Stahel Morli, Flight-Date: 12/02/2025, Starttime: 00:00, LdgTime: 00:47, Flightcode: 63, Nr of Ldgs: 1/0, Flight-Air-State: 20, Flight-Process-State: 40
2026-05-25 05:42:24.4682 FLS.Server.Service.Accounting.Rules.BaseAccountingRule Added new delivery item line to delivery. Line: Pos: 2 Product: 1003 Text: VSF-Gebühr Qty: 1 of type: Landung Discount: 0% Add. Info: 
2026-05-25 05:42:24.4868 FLS.Server.Service.Accounting.Rules.BaseAccountingRule Applied rule VsfFeeRule, Nr of Conditions=2, RuleApplied=True, StopRuleEngineWhenRuleApplied=False, Rule-Filter: VSF-Gebühr of type: FLS.Server.Service.Accounting.Rules.ItemRules.VsfFeeRule has conditions: '(1 EQUALS 1 ==> True),(collection: '5bfd35f5-1183-4f7a-84b5-8c0c19288ed3' CONTAINS key: 5bfd35f5-1183-4f7a-84b5-8c0c19288ed3 ==> True)' for Flight: Glider-Flight: HB-3407, Pilot: Stahel Morli, Flight-Date: 12/02/2025, Starttime: 00:00, LdgTime: 00:47, Flightcode: 63, Nr of Ldgs: 1/0, Flight-Air-State: 20, Flight-Process-State: 40
2026-05-25 05:42:24.5052 FLS.Server.Service.Accounting.Rules.BaseAccountingRule NOT applied rule VsfFeeOnStartLocationRule, Nr of Conditions=2, RuleApplied=False, StopRuleEngineWhenRuleApplied=False, Rule-Filter: VSF-Gebühr of type: FLS.Server.Service.Accounting.Rules.ItemRules.VsfFeeOnStartLocationRule has conditions: '(1 EQUALS 1 ==> True),(False EQUALS True ==> False)' for Flight: Glider-Flight: HB-3407, Pilot: Stahel Morli, Flight-Date: 12/02/2025, Starttime: 00:00, LdgTime: 00:47, Flightcode: 63, Nr of Ldgs: 1/0, Flight-Air-State: 20, Flight-Process-State: 40
2026-05-25 05:42:24.5041 FLS.Server.Data.FLSDataEntities Insert AccountingRuleFilter with data: [AccountingRuleFilter -> AccountingRuleFilterId: 8f9d1bd9-04ab-4798-b986-eee0b375fb79, ClubId: 0fa7b76f-47ba-4138-8f96-671400fd7c83, AccountingRuleFilterTypeId: 40, RuleFilterName: Instruktor-Honorar Päde, Description: Päde, IsActive: True, SortIndicator: 0, ArticleTarget: {"ArticleNumber":"116","DeliveryLineText":null}, RecipientTarget: , StopRuleEngineWhenRuleApplied: False, IsRuleForGliderFlights: True, IsRuleForTowingFlights: False, IsRuleForMotorFlights: False, UseRuleForAllAircraftsExceptListed: True, MatchedAircraftImmatriculations: [], UseRuleForAllStartTypesExceptListed: True, MatchedStartTypes: [], UseRuleForAllFlightTypesExceptListed: True, MatchedFlightTypeCodes: [], ExtendMatchingFlightTypeCodesToGliderAndTowFlight: False, UseRuleForAllStartLocationsExceptListed: True, MatchedStartLocations: [], UseRuleForAllLdgLocationsExceptListed: True, MatchedLdgLocations: [], UseRuleForAllClubMemberNumbersExceptListed: False, MatchedClubMemberNumbers: ["836001"], UseRuleForAllFlightCrewTypesExceptListed: False, MatchedFlightCrewTypes: [3], UseRuleForAllAircraftsOnHomebaseExceptListed: True, MatchedAircraftsHomebase: [], UseRuleForAllMemberStatesExceptListed: True, MatchedMemberStates: [], UseRuleForAllPersonCategoriesExceptListed: True, MatchedPersonCategories: [], IsChargedToClubInternal: False, MinFlightTimeInSecondsMatchingValue: 0, MaxFlightTimeInSecondsMatchingValue: 2147483647, MinEngineTimeInSecondsMatchingValue: 0, MaxEngineTimeInSecondsMatchingValue: 2147483647, IncludeThresholdText: False, ThresholdText: , IncludeFlightTypeName: False, NoLandingTaxForGlider: False, NoLandingTaxForTowingAircraft: False, NoLandingTaxForAircraft: False, AccountingUnitTypeId: 10, CreatedOn: 05/25/2026 05:42:24, CreatedByUserId: 36073196-1ee3-4a97-a3fa-f5f60039f041, ModifiedOn: , ModifiedByUserId: , DeletedOn: , DeletedByUserId: , RecordState: 1, OwnerId: 0fa7b76f-47ba-4138-8f96-671400fd7c83, OwnershipType: 2, IsDeleted: False, Id: 8f9d1bd9-04ab-4798-b986-eee0b375fb79,  <- AccountingRuleFilter]

2026-05-25 05:42:24.5196 FLS.Server.Service.BaseService Created accounting for Stahel Morli: Flight-Date: 12/02/2025 Aircraft: HB-3407 Nr of Lines: 2
2026-05-25 05:42:24.6356 FLS.Server.Data.FLSDataEntities Insert AccountingRuleFilter with data: [AccountingRuleFilter -> AccountingRuleFilterId: 1398b011-d080-43e0-ad21-52eafa595421, ClubId: 0fa7b76f-47ba-4138-8f96-671400fd7c83, AccountingRuleFilterTypeId: 40, RuleFilterName: Instruktor-Honorar Thomas, Description: Thomas, IsActive: True, SortIndicator: 0, ArticleTarget: {"ArticleNumber":"90","DeliveryLineText":null}, RecipientTarget: , StopRuleEngineWhenRuleApplied: False, IsRuleForGliderFlights: True, IsRuleForTowingFlights: False, IsRuleForMotorFlights: False, UseRuleForAllAircraftsExceptListed: True, MatchedAircraftImmatriculations: [], UseRuleForAllStartTypesExceptListed: True, MatchedStartTypes: [], UseRuleForAllFlightTypesExceptListed: True, MatchedFlightTypeCodes: [], ExtendMatchingFlightTypeCodesToGliderAndTowFlight: False, UseRuleForAllStartLocationsExceptListed: True, MatchedStartLocations: [], UseRuleForAllLdgLocationsExceptListed: True, MatchedLdgLocations: [], UseRuleForAllClubMemberNumbersExceptListed: False, MatchedClubMemberNumbers: ["888888"], UseRuleForAllFlightCrewTypesExceptListed: False, MatchedFlightCrewTypes: [3], UseRuleForAllAircraftsOnHomebaseExceptListed: True, MatchedAircraftsHomebase: [], UseRuleForAllMemberStatesExceptListed: True, MatchedMemberStates: [], UseRuleForAllPersonCategoriesExceptListed: True, MatchedPersonCategories: [], IsChargedToClubInternal: False, MinFlightTimeInSecondsMatchingValue: 0, MaxFlightTimeInSecondsMatchingValue: 2147483647, MinEngineTimeInSecondsMatchingValue: 0, MaxEngineTimeInSecondsMatchingValue: 2147483647, IncludeThresholdText: False, ThresholdText: , IncludeFlightTypeName: False, NoLandingTaxForGlider: False, NoLandingTaxForTowingAircraft: False, NoLandingTaxForAircraft: False, AccountingUnitTypeId: 10, CreatedOn: 05/25/2026 05:42:24, CreatedByUserId: 36073196-1ee3-4a97-a3fa-f5f60039f041, ModifiedOn: , ModifiedByUserId: , DeletedOn: , DeletedByUserId: , RecordState: 1, OwnerId: 0fa7b76f-47ba-4138-8f96-671400fd7c83, OwnershipType: 2, IsDeleted: False, Id: 1398b011-d080-43e0-ad21-52eafa595421,  <- AccountingRuleFilter]

2026-05-25 05:42:24.6646 FLS.Server.Data.FLSDataEntities Delete AccountingRuleFilter with Data: [AccountingRuleFilter -> AccountingRuleFilterId: a6d6fdf5-f17e-46e2-8848-9646e7c5a4ff, ClubId: 0fa7b76f-47ba-4138-8f96-671400fd7c83, AccountingRuleFilterTypeId: 40, RuleFilterName: e2e InstructorFee, Description: e2e #32: e2e InstructorFee, IsActive: True, SortIndicator: 1000, ArticleTarget: {"ArticleNumber":"9040","DeliveryLineText":"e2e instructor"}, RecipientTarget: , StopRuleEngineWhenRuleApplied: False, IsRuleForGliderFlights: True, IsRuleForTowingFlights: True, IsRuleForMotorFlights: True, UseRuleForAllAircraftsExceptListed: True, MatchedAircraftImmatriculations: [], UseRuleForAllStartTypesExceptListed: True, MatchedStartTypes: [], UseRuleForAllFlightTypesExceptListed: True, MatchedFlightTypeCodes: [], ExtendMatchingFlightTypeCodesToGliderAndTowFlight: False, UseRuleForAllStartLocationsExceptListed: True, MatchedStartLocations: [], UseRuleForAllLdgLocationsExceptListed: True, MatchedLdgLocations: [], UseRuleForAllClubMemberNumbersExceptListed: True, MatchedClubMemberNumbers: [], UseRuleForAllFlightCrewTypesExceptListed: True, MatchedFlightCrewTypes: [], UseRuleForAllAircraftsOnHomebaseExceptListed: True, MatchedAircraftsHomebase: [], UseRuleForAllMemberStatesExceptListed: True, MatchedMemberStates: [], UseRuleForAllPersonCategoriesExceptListed: True, MatchedPersonCategories: [], IsChargedToClubInternal: False, MinFlightTimeInSecondsMatchingValue: 0, MaxFlightTimeInSecondsMatchingValue: 2147483647, MinEngineTimeInSecondsMatchingValue: 0, MaxEngineTimeInSecondsMatchingValue: 2147483647, IncludeThresholdText: False, ThresholdText: , IncludeFlightTypeName: False, NoLandingTaxForGlider: False, NoLandingTaxForTowingAircraft: False, NoLandingTaxForAircraft: False, AccountingUnitTypeId: , CreatedOn: 05/25/2026 05:42:24, CreatedByUserId: 36073196-1ee3-4a97-a3fa-f5f60039f041, ModifiedOn: , ModifiedByUserId: , DeletedOn: 05/25/2026 05:42:24, DeletedByUserId: 36073196-1ee3-4a97-a3fa-f5f60039f041, RecordState: 99, OwnerId: 0fa7b76f-47ba-4138-8f96-671400fd7c83, OwnershipType: 2, IsDeleted: False, Id: a6d6fdf5-f17e-46e2-8848-9646e7c5a4ff,  <- AccountingRuleFilter]

2026-05-25 05:42:24.8296 FLS.Server.Data.FLSDataEntities Insert AccountingRuleFilter with data: [AccountingRuleFilter -> AccountingRuleFilterId: 54a90e7f-c31a-45ff-8c1a-e453a1bf22c0, ClubId: 0fa7b76f-47ba-4138-8f96-671400fd7c83, AccountingRuleFilterTypeId: 30, RuleFilterName: HB-3256 Schulung, Description: , IsActive: True, SortIndicator: 1, ArticleTarget: {"ArticleNumber":"1059","DeliveryLineText":"Schulung"}, RecipientTarget: , StopRuleEngineWhenRuleApplied: False, IsRuleForGliderFlights: True, IsRuleForTowingFlights: True, IsRuleForMotorFlights: False, UseRuleForAllAircraftsExceptListed: False, MatchedAircraftImmatriculations: ["HB-3256"], UseRuleForAllStartTypesExceptListed: True, MatchedStartTypes: [], UseRuleForAllFlightTypesExceptListed: False, MatchedFlightTypeCodes: ["70","80","66","68","69"], ExtendMatchingFlightTypeCodesToGliderAndTowFlight: False, UseRuleForAllStartLocationsExceptListed: True, MatchedStartLocations: [], UseRuleForAllLdgLocationsExceptListed: True, MatchedLdgLocations: [], UseRuleForAllClubMemberNumbersExceptListed: True, MatchedClubMemberNumbers: [], UseRuleForAllFlightCrewTypesExceptListed: True, MatchedFlightCrewTypes: [], UseRuleForAllAircraftsOnHomebaseExceptListed: True, MatchedAircraftsHomebase: [], UseRuleForAllMemberStatesExceptListed: True, MatchedMemberStates: [], UseRuleForAllPersonCategoriesExceptListed: True, MatchedPersonCategories: [], IsChargedToClubInternal: False, MinFlightTimeInSecondsMatchingValue: 0, MaxFlightTimeInSecondsMatchingValue: 2147483647, MinEngineTimeInSecondsMatchingValue: 0, MaxEngineTimeInSecondsMatchingValue: 2147483647, IncludeThresholdText: False, ThresholdText: , IncludeFlightTypeName: True, NoLandingTaxForGlider: False, NoLandingTaxForTowingAircraft: False, NoLandingTaxForAircraft: False, AccountingUnitTypeId: 10, CreatedOn: 05/25/2026 05:42:24, CreatedByUserId: 36073196-1ee3-4a97-a3fa-f5f60039f041, ModifiedOn: , ModifiedByUserId: , DeletedOn: , DeletedByUserId: , RecordState: 1, OwnerId: 0fa7b76f-47ba-4138-8f96-671400fd7c83, OwnershipType: 2, IsDeleted: False, Id: 54a90e7f-c31a-45ff-8c1a-e453a1bf22c0,  <- AccountingRuleFilter]

2026-05-25 05:42:24.8532 FLS.Server.Data.FLSDataEntities Insert AccountingRuleFilter with data: [AccountingRuleFilter -> AccountingRuleFilterId: ddc3cffb-21e5-4e6d-a06c-8a1b55c18844, ClubId: 0fa7b76f-47ba-4138-8f96-671400fd7c83, AccountingRuleFilterTypeId: 50, RuleFilterName: e2e AdditionalFuelFee, Description: e2e #32: e2e AdditionalFuelFee, IsActive: True, SortIndicator: 1000, ArticleTarget: {"ArticleNumber":"9050","DeliveryLineText":"e2e fuel"}, RecipientTarget: , StopRuleEngineWhenRuleApplied: False, IsRuleForGliderFlights: True, IsRuleForTowingFlights: True, IsRuleForMotorFlights: True, UseRuleForAllAircraftsExceptListed: True, MatchedAircraftImmatriculations: [], UseRuleForAllStartTypesExceptListed: True, MatchedStartTypes: [], UseRuleForAllFlightTypesExceptListed: True, MatchedFlightTypeCodes: [], ExtendMatchingFlightTypeCodesToGliderAndTowFlight: False, UseRuleForAllStartLocationsExceptListed: True, MatchedStartLocations: [], UseRuleForAllLdgLocationsExceptListed: True, MatchedLdgLocations: [], UseRuleForAllClubMemberNumbersExceptListed: True, MatchedClubMemberNumbers: [], UseRuleForAllFlightCrewTypesExceptListed: True, MatchedFlightCrewTypes: [], UseRuleForAllAircraftsOnHomebaseExceptListed: True, MatchedAircraftsHomebase: [], UseRuleForAllMemberStatesExceptListed: True, MatchedMemberStates: [], UseRuleForAllPersonCategoriesExceptListed: True, MatchedPersonCategories: [], IsChargedToClubInternal: False, MinFlightTimeInSecondsMatchingValue: 0, MaxFlightTimeInSecondsMatchingValue: 2147483647, MinEngineTimeInSecondsMatchingValue: 0, MaxEngineTimeInSecondsMatchingValue: 2147483647, IncludeThresholdText: False, ThresholdText: , IncludeFlightTypeName: False, NoLandingTaxForGlider: False, NoLandingTaxForTowingAircraft: False, NoLandingTaxForAircraft: False, AccountingUnitTypeId: 10, CreatedOn: 05/25/2026 05:42:24, CreatedByUserId: 36073196-1ee3-4a97-a3fa-f5f60039f041, ModifiedOn: , ModifiedByUserId: , DeletedOn: , DeletedByUserId: , RecordState: 1, OwnerId: 0fa7b76f-47ba-4138-8f96-671400fd7c83, OwnershipType: 2, IsDeleted: False, Id: ddc3cffb-21e5-4e6d-a06c-8a1b55c18844,  <- AccountingRuleFilter]

2026-05-25 05:42:24.9813 FLS.Server.Data.FLSDataEntities Insert AccountingRuleFilter with data: [AccountingRuleFilter -> AccountingRuleFilterId: 43969c8a-7427-48e3-b963-1abe662575d8, ClubId: 0fa7b76f-47ba-4138-8f96-671400fd7c83, AccountingRuleFilterTypeId: 30, RuleFilterName: HB-3407 Schulung, Description: , IsActive: True, SortIndicator: 2, ArticleTarget: {"ArticleNumber":"1061","DeliveryLineText":"Schulung"}, RecipientTarget: , StopRuleEngineWhenRuleApplied: False, IsRuleForGliderFlights: True, IsRuleForTowingFlights: True, IsRuleForMotorFlights: False, UseRuleForAllAircraftsExceptListed: False, MatchedAircraftImmatriculations: ["HB-3407"], UseRuleForAllStartTypesExceptListed: True, MatchedStartTypes: [], UseRuleForAllFlightTypesExceptListed: False, MatchedFlightTypeCodes: ["70","80","66","68","69"], ExtendMatchingFlightTypeCodesToGliderAndTowFlight: False, UseRuleForAllStartLocationsExceptListed: True, MatchedStartLocations: [], UseRuleForAllLdgLocationsExceptListed: True, MatchedLdgLocations: [], UseRuleForAllClubMemberNumbersExceptListed: True, MatchedClubMemberNumbers: [], UseRuleForAllFlightCrewTypesExceptListed: True, MatchedFlightCrewTypes: [], UseRuleForAllAircraftsOnHomebaseExceptListed: True, MatchedAircraftsHomebase: [], UseRuleForAllMemberStatesExceptListed: True, MatchedMemberStates: [], UseRuleForAllPersonCategoriesExceptListed: True, MatchedPersonCategories: [], IsChargedToClubInternal: False, MinFlightTimeInSecondsMatchingValue: 0, MaxFlightTimeInSecondsMatchingValue: 2147483647, MinEngineTimeInSecondsMatchingValue: 0, MaxEngineTimeInSecondsMatchingValue: 2147483647, IncludeThresholdText: False, ThresholdText: , IncludeFlightTypeName: True, NoLandingTaxForGlider: False, NoLandingTaxForTowingAircraft: False, NoLandingTaxForAircraft: False, AccountingUnitTypeId: 10, CreatedOn: 05/25/2026 05:42:24, CreatedByUserId: 36073196-1ee3-4a97-a3fa-f5f60039f041, ModifiedOn: , ModifiedByUserId: , DeletedOn: , DeletedByUserId: , RecordState: 1, OwnerId: 0fa7b76f-47ba-4138-8f96-671400fd7c83, OwnershipType: 2, IsDeleted: False, Id: 43969c8a-7427-48e3-b963-1abe662575d8,  <- AccountingRuleFilter]

2026-05-25 05:42:25.1786 FLS.Server.Data.FLSDataEntities Insert AccountingRuleFilter with data: [AccountingRuleFilter -> AccountingRuleFilterId: db5cf37b-1afc-4356-931a-b91458fb633b, ClubId: 0fa7b76f-47ba-4138-8f96-671400fd7c83, AccountingRuleFilterTypeId: 30, RuleFilterName: HB-1841 Schulung, Description: , IsActive: True, SortIndicator: 3, ArticleTarget: {"ArticleNumber":"1063","DeliveryLineText":"Schulung"}, RecipientTarget: , StopRuleEngineWhenRuleApplied: False, IsRuleForGliderFlights: True, IsRuleForTowingFlights: True, IsRuleForMotorFlights: False, UseRuleForAllAircraftsExceptListed: False, MatchedAircraftImmatriculations: ["HB-1841"], UseRuleForAllStartTypesExceptListed: True, MatchedStartTypes: [], UseRuleForAllFlightTypesExceptListed: False, MatchedFlightTypeCodes: ["70","80","66","68","69"], ExtendMatchingFlightTypeCodesToGliderAndTowFlight: False, UseRuleForAllStartLocationsExceptListed: True, MatchedStartLocations: [], UseRuleForAllLdgLocationsExceptListed: True, MatchedLdgLocations: [], UseRuleForAllClubMemberNumbersExceptListed: True, MatchedClubMemberNumbers: [], UseRuleForAllFlightCrewTypesExceptListed: True, MatchedFlightCrewTypes: [], UseRuleForAllAircraftsOnHomebaseExceptListed: True, MatchedAircraftsHomebase: [], UseRuleForAllMemberStatesExceptListed: True, MatchedMemberStates: [], UseRuleForAllPersonCategoriesExceptListed: True, MatchedPersonCategories: [], IsChargedToClubInternal: False, MinFlightTimeInSecondsMatchingValue: 0, MaxFlightTimeInSecondsMatchingValue: 2147483647, MinEngineTimeInSecondsMatchingValue: 0, MaxEngineTimeInSecondsMatchingValue: 2147483647, IncludeThresholdText: False, ThresholdText: , IncludeFlightTypeName: True, NoLandingTaxForGlider: False, NoLandingTaxForTowingAircraft: False, NoLandingTaxForAircraft: False, AccountingUnitTypeId: 10, CreatedOn: 05/25/2026 05:42:25, CreatedByUserId: 36073196-1ee3-4a97-a3fa-f5f60039f041, ModifiedOn: , ModifiedByUserId: , DeletedOn: , DeletedByUserId: , RecordState: 1, OwnerId: 0fa7b76f-47ba-4138-8f96-671400fd7c83, OwnershipType: 2, IsDeleted: False, Id: db5cf37b-1afc-4356-931a-b91458fb633b,  <- AccountingRuleFilter]

2026-05-25 05:42:25.2615 FLS.Server.Service.BaseService Get 10 AccountingRuleFilters of clubId: 0fa7b76f-47ba-4138-8f96-671400fd7c83
2026-05-25 05:42:25.2781 FLS.Server.Service.BaseService Start creating accounting for flight: Glider-Flight: HB-3407, Pilot: Stahel Morli, Flight-Date: 12/02/2025, Starttime: 00:00, LdgTime: 00:47, Flightcode: 63, Nr of Ldgs: 1/0, Flight-Air-State: 20, Flight-Process-State: 40 using 10 recipient rule filters and 10 accounting line rule filters.
2026-05-25 05:42:25.2850 FLS.Server.Service.RulesEngine.BaseRule NOT applied rule FlightCostPaidByPersonRule, Nr of Conditions=1, RuleApplied=False, StopRuleEngineWhenRuleApplied=False
2026-05-25 05:42:25.3104 FLS.Server.Service.RulesEngine.BaseRule Applied rule FlightCostPaidByPilotRule, Nr of Conditions=1, RuleApplied=True, StopRuleEngineWhenRuleApplied=False
2026-05-25 05:42:25.3226 FLS.Server.Service.RulesEngine.BaseRule Applied rule FlightDeliveryInfoRule, Nr of Conditions=1, RuleApplied=True, StopRuleEngineWhenRuleApplied=False
2026-05-25 05:42:25.3167 FLS.Server.Data.FLSDataEntities Insert AccountingRuleFilter with data: [AccountingRuleFilter -> AccountingRuleFilterId: 70dd795a-94bf-426c-8845-7e2f8b44ed0b, ClubId: 0fa7b76f-47ba-4138-8f96-671400fd7c83, AccountingRuleFilterTypeId: 30, RuleFilterName: HB-1824 Schulung, Description: , IsActive: True, SortIndicator: 4, ArticleTarget: {"ArticleNumber":"1065","DeliveryLineText":"Schulung"}, RecipientTarget: , StopRuleEngineWhenRuleApplied: False, IsRuleForGliderFlights: True, IsRuleForTowingFlights: True, IsRuleForMotorFlights: False, UseRuleForAllAircraftsExceptListed: False, MatchedAircraftImmatriculations: ["HB-1824"], UseRuleForAllStartTypesExceptListed: True, MatchedStartTypes: [], UseRuleForAllFlightTypesExceptListed: False, MatchedFlightTypeCodes: ["70","80","66","68","69"], ExtendMatchingFlightTypeCodesToGliderAndTowFlight: False, UseRuleForAllStartLocationsExceptListed: True, MatchedStartLocations: [], UseRuleForAllLdgLocationsExceptListed: True, MatchedLdgLocations: [], UseRuleForAllClubMemberNumbersExceptListed: True, MatchedClubMemberNumbers: [], UseRuleForAllFlightCrewTypesExceptListed: True, MatchedFlightCrewTypes: [], UseRuleForAllAircraftsOnHomebaseExceptListed: True, MatchedAircraftsHomebase: [], UseRuleForAllMemberStatesExceptListed: True, MatchedMemberStates: [], UseRuleForAllPersonCategoriesExceptListed: True, MatchedPersonCategories: [], IsChargedToClubInternal: False, MinFlightTimeInSecondsMatchingValue: 0, MaxFlightTimeInSecondsMatchingValue: 2147483647, MinEngineTimeInSecondsMatchingValue: 0, MaxEngineTimeInSecondsMatchingValue: 2147483647, IncludeThresholdText: False, ThresholdText: , IncludeFlightTypeName: True, NoLandingTaxForGlider: False, NoLandingTaxForTowingAircraft: False, NoLandingTaxForAircraft: False, AccountingUnitTypeId: 10, CreatedOn: 05/25/2026 05:42:25, CreatedByUserId: 36073196-1ee3-4a97-a3fa-f5f60039f041, ModifiedOn: , ModifiedByUserId: , DeletedOn: , DeletedByUserId: , RecordState: 1, OwnerId: 0fa7b76f-47ba-4138-8f96-671400fd7c83, OwnershipType: 2, IsDeleted: False, Id: 70dd795a-94bf-426c-8845-7e2f8b44ed0b,  <- AccountingRuleFilter]

2026-05-25 05:42:25.3356 FLS.Server.Service.RulesEngine.BaseRule Applied rule AdditionalInfoRule, Nr of Conditions=1, RuleApplied=True, StopRuleEngineWhenRuleApplied=False
2026-05-25 05:42:25.3563 FLS.Server.Service.Accounting.Rules.BaseAccountingRule NOT applied rule AircraftFlightTimeRule, Nr of Conditions=4, RuleApplied=False, StopRuleEngineWhenRuleApplied=False, Rule-Filter: HB-3407 Schulung of type: FLS.Server.Service.Accounting.Rules.ItemRules.AircraftFlightTimeRule has conditions: '(1 EQUALS 1 ==> True),(collection: '34896816-6341-43b1-ad93-16a600866ae6' CONTAINS key: 34896816-6341-43b1-ad93-16a600866ae6 ==> True),(null OR (collection: '70,80,66,68,69' CONTAINS key: 63 ==> False) ==> False),(Value: 2820 is BETWEEN 0 and 2147483647 (incl. minValue = False; maxValue = True ==> True)' for Flight: Glider-Flight: HB-3407, Pilot: Stahel Morli, Flight-Date: 12/02/2025, Starttime: 00:00, LdgTime: 00:47, Flightcode: 63, Nr of Ldgs: 1/0, Flight-Air-State: 20, Flight-Process-State: 40
2026-05-25 05:42:25.3806 FLS.Server.Service.Accounting.Rules.BaseAccountingRule NOT applied rule AircraftFlightTimeRule, Nr of Conditions=4, RuleApplied=False, StopRuleEngineWhenRuleApplied=False, Rule-Filter: HB-1841 Schulung of type: FLS.Server.Service.Accounting.Rules.ItemRules.AircraftFlightTimeRule has conditions: '(1 EQUALS 1 ==> True),(collection: '1850f1f0-96f3-42a8-acf5-8b358dfe5103' CONTAINS key: 34896816-6341-43b1-ad93-16a600866ae6 ==> False),(null OR (collection: '70,80,66,68,69' CONTAINS key: 63 ==> False) ==> False),(Value: 2820 is BETWEEN 0 and 2147483647 (incl. minValue = False; maxValue = True ==> True)' for Flight: Glider-Flight: HB-3407, Pilot: Stahel Morli, Flight-Date: 12/02/2025, Starttime: 00:00, LdgTime: 00:47, Flightcode: 63, Nr of Ldgs: 1/0, Flight-Air-State: 20, Flight-Process-State: 40
2026-05-25 05:42:25.4026 FLS.Server.Service.Accounting.Rules.BaseAccountingRule NOT applied rule AircraftFlightTimeRule, Nr of Conditions=4, RuleApplied=False, StopRuleEngineWhenRuleApplied=False, Rule-Filter: HB-3256 Schulung of type: FLS.Server.Service.Accounting.Rules.ItemRules.AircraftFlightTimeRule has conditions: '(1 EQUALS 1 ==> True),(collection: '4aa36c51-802a-4d94-a227-7a5286b3964c' CONTAINS key: 34896816-6341-43b1-ad93-16a600866ae6 ==> False),(null OR (collection: '70,80,66,68,69' CONTAINS key: 63 ==> False) ==> False),(Value: 2820 is BETWEEN 0 and 2147483647 (incl. minValue = False; maxValue = True ==> True)' for Flight: Glider-Flight: HB-3407, Pilot: Stahel Morli, Flight-Date: 12/02/2025, Starttime: 00:00, LdgTime: 00:47, Flightcode: 63, Nr of Ldgs: 1/0, Flight-Air-State: 20, Flight-Process-State: 40
2026-05-25 05:42:25.4177 FLS.Server.Service.Accounting.RuleEngines.DeliveryItemRulesEngine No aircraft flight time mapping rule found for flight: Glider-Flight: HB-3407, Pilot: Stahel Morli, Flight-Date: 12/02/2025, Starttime: 00:00, LdgTime: 00:47, Flightcode: 63, Nr of Ldgs: 1/0, Flight-Air-State: 20, Flight-Process-State: 40.
2026-05-25 05:42:25.4241 FLS.Server.Data.FLSDataEntities Insert AccountingRuleFilter with data: [AccountingRuleFilter -> AccountingRuleFilterId: fef3a2cb-b446-40fb-95e5-bb7fc88a8085, ClubId: 0fa7b76f-47ba-4138-8f96-671400fd7c83, AccountingRuleFilterTypeId: 30, RuleFilterName: HB-2464 Schulung, Description: , IsActive: True, SortIndicator: 5, ArticleTarget: {"ArticleNumber":"1072","DeliveryLineText":"Schulung"}, RecipientTarget: , StopRuleEngineWhenRuleApplied: False, IsRuleForGliderFlights: True, IsRuleForTowingFlights: True, IsRuleForMotorFlights: False, UseRuleForAllAircraftsExceptListed: False, MatchedAircraftImmatriculations: ["HB-2464"], UseRuleForAllStartTypesExceptListed: True, MatchedStartTypes: [], UseRuleForAllFlightTypesExceptListed: False, MatchedFlightTypeCodes: ["70","80","66","68","69"], ExtendMatchingFlightTypeCodesToGliderAndTowFlight: False, UseRuleForAllStartLocationsExceptListed: True, MatchedStartLocations: [], UseRuleForAllLdgLocationsExceptListed: True, MatchedLdgLocations: [], UseRuleForAllClubMemberNumbersExceptListed: True, MatchedClubMemberNumbers: [], UseRuleForAllFlightCrewTypesExceptListed: True, MatchedFlightCrewTypes: [], UseRuleForAllAircraftsOnHomebaseExceptListed: True, MatchedAircraftsHomebase: [], UseRuleForAllMemberStatesExceptListed: True, MatchedMemberStates: [], UseRuleForAllPersonCategoriesExceptListed: True, MatchedPersonCategories: [], IsChargedToClubInternal: False, MinFlightTimeInSecondsMatchingValue: 0, MaxFlightTimeInSecondsMatchingValue: 2147483647, MinEngineTimeInSecondsMatchingValue: 0, MaxEngineTimeInSecondsMatchingValue: 2147483647, IncludeThresholdText: False, ThresholdText: , IncludeFlightTypeName: True, NoLandingTaxForGlider: False, NoLandingTaxForTowingAircraft: False, NoLandingTaxForAircraft: False, AccountingUnitTypeId: 10, CreatedOn: 05/25/2026 05:42:25, CreatedByUserId: 36073196-1ee3-4a97-a3fa-f5f60039f041, ModifiedOn: , ModifiedByUserId: , DeletedOn: , DeletedByUserId: , RecordState: 1, OwnerId: 0fa7b76f-47ba-4138-8f96-671400fd7c83, OwnershipType: 2, IsDeleted: False, Id: fef3a2cb-b446-40fb-95e5-bb7fc88a8085,  <- AccountingRuleFilter]

2026-05-25 05:42:25.4366 FLS.Server.Service.Accounting.Rules.BaseAccountingRule NOT applied rule InstructorFeeRule, Nr of Conditions=2, RuleApplied=False, StopRuleEngineWhenRuleApplied=False, Rule-Filter: Instruktor-Honorar Thomas of type: FLS.Server.Service.Accounting.Rules.ItemRules.InstructorFeeRule has conditions: '(1 EQUALS 1 ==> True),('888888' INTERSECTS ANY  ==> False)' for Flight: Glider-Flight: HB-3407, Pilot: Stahel Morli, Flight-Date: 12/02/2025, Starttime: 00:00, LdgTime: 00:47, Flightcode: 63, Nr of Ldgs: 1/0, Flight-Air-State: 20, Flight-Process-State: 40
2026-05-25 05:42:25.4595 FLS.Server.Service.Accounting.Rules.BaseAccountingRule NOT applied rule InstructorFeeRule, Nr of Conditions=2, RuleApplied=False, StopRuleEngineWhenRuleApplied=False, Rule-Filter: Instruktor-Honorar Silvan of type: FLS.Server.Service.Accounting.Rules.ItemRules.InstructorFeeRule has conditions: '(1 EQUALS 1 ==> True),('999999' INTERSECTS ANY  ==> False)' for Flight: Glider-Flight: HB-3407, Pilot: Stahel Morli, Flight-Date: 12/02/2025, Starttime: 00:00, LdgTime: 00:47, Flightcode: 63, Nr of Ldgs: 1/0, Flight-Air-State: 20, Flight-Process-State: 40
2026-05-25 05:42:25.4887 FLS.Server.Service.Accounting.Rules.BaseAccountingRule NOT applied rule InstructorFeeRule, Nr of Conditions=2, RuleApplied=False, StopRuleEngineWhenRuleApplied=False, Rule-Filter: Instruktor-Honorar Päde of type: FLS.Server.Service.Accounting.Rules.ItemRules.InstructorFeeRule has conditions: '(1 EQUALS 1 ==> True),('836001' INTERSECTS ANY  ==> False)' for Flight: Glider-Flight: HB-3407, Pilot: Stahel Morli, Flight-Date: 12/02/2025, Starttime: 00:00, LdgTime: 00:47, Flightcode: 63, Nr of Ldgs: 1/0, Flight-Air-State: 20, Flight-Process-State: 40
2026-05-25 05:42:25.5198 FLS.Server.Service.Accounting.Rules.BaseAccountingRule NOT applied rule InstructorFeeRule, Nr of Conditions=2, RuleApplied=False, StopRuleEngineWhenRuleApplied=False, Rule-Filter: Instruktor-Honorar Karl of type: FLS.Server.Service.Accounting.Rules.ItemRules.InstructorFeeRule has conditions: '(1 EQUALS 1 ==> True),('424976' INTERSECTS ANY  ==> False)' for Flight: Glider-Flight: HB-3407, Pilot: Stahel Morli, Flight-Date: 12/02/2025, Starttime: 00:00, LdgTime: 00:47, Flightcode: 63, Nr of Ldgs: 1/0, Flight-Air-State: 20, Flight-Process-State: 40
2026-05-25 05:42:25.5469 FLS.Server.Data.FLSDataEntities Insert AccountingRuleFilter with data: [AccountingRuleFilter -> AccountingRuleFilterId: 795e8a6c-c2b2-4d98-b208-230b72947c50, ClubId: 0fa7b76f-47ba-4138-8f96-671400fd7c83, AccountingRuleFilterTypeId: 30, RuleFilterName: HB-3256 Weiterbildung ohne Pauschale, Description: , IsActive: True, SortIndicator: 6, ArticleTarget: {"ArticleNumber":"1059","DeliveryLineText":"Weiterbildung ohne Pauschale"}, RecipientTarget: , StopRuleEngineWhenRuleApplied: False, IsRuleForGliderFlights: True, IsRuleForTowingFlights: True, IsRuleForMotorFlights: False, UseRuleForAllAircraftsExceptListed: False, MatchedAircraftImmatriculations: ["HB-3256"], UseRuleForAllStartTypesExceptListed: True, MatchedStartTypes: [], UseRuleForAllFlightTypesExceptListed: False, MatchedFlightTypeCodes: ["77","88","78"], ExtendMatchingFlightTypeCodesToGliderAndTowFlight: False, UseRuleForAllStartLocationsExceptListed: True, MatchedStartLocations: [], UseRuleForAllLdgLocationsExceptListed: True, MatchedLdgLocations: [], UseRuleForAllClubMemberNumbersExceptListed: False, MatchedClubMemberNumbers: ["363289","897764","155264","463161","622976","686001"], UseRuleForAllFlightCrewTypesExceptListed: True, MatchedFlightCrewTypes: [], UseRuleForAllAircraftsOnHomebaseExceptListed: True, MatchedAircraftsHomebase: [], UseRuleForAllMemberStatesExceptListed: True, MatchedMemberStates: [], UseRuleForAllPersonCategoriesExceptListed: True, MatchedPersonCategories: [], IsChargedToClubInternal: False, MinFlightTimeInSecondsMatchingValue: 0, MaxFlightTimeInSecondsMatchingValue: 2147483647, MinEngineTimeInSecondsMatchingValue: 0, MaxEngineTimeInSecondsMatchingValue: 2147483647, IncludeThresholdText: False, ThresholdText: , IncludeFlightTypeName: True, NoLandingTaxForGlider: False, NoLandingTaxForTowingAircraft: False, NoLandingTaxForAircraft: False, AccountingUnitTypeId: 10, CreatedOn: 05/25/2026 05:42:25, CreatedByUserId: 36073196-1ee3-4a97-a3fa-f5f60039f041, ModifiedOn: , ModifiedByUserId: , DeletedOn: , DeletedByUserId: , RecordState: 1, OwnerId: 0fa7b76f-47ba-4138-8f96-671400fd7c83, OwnershipType: 2, IsDeleted: False, Id: 795e8a6c-c2b2-4d98-b208-230b72947c50,  <- AccountingRuleFilter]

2026-05-25 05:42:25.5508 FLS.Server.Service.Accounting.Rules.BaseAccountingRule NOT applied rule InstructorFeeRule, Nr of Conditions=2, RuleApplied=False, StopRuleEngineWhenRuleApplied=False, Rule-Filter: Instruktor-Honorar HUK of type: FLS.Server.Service.Accounting.Rules.ItemRules.InstructorFeeRule has conditions: '(1 EQUALS 1 ==> True),('536594' INTERSECTS ANY  ==> False)' for Flight: Glider-Flight: HB-3407, Pilot: Stahel Morli, Flight-Date: 12/02/2025, Starttime: 00:00, LdgTime: 00:47, Flightcode: 63, Nr of Ldgs: 1/0, Flight-Air-State: 20, Flight-Process-State: 40
2026-05-25 05:42:25.5780 FLS.Server.Service.Accounting.Rules.BaseAccountingRule Added new delivery item line to delivery. Line: Pos: 1 Product: 9050 Text: e2e fuel HB-3407 Qty: 47 of type: Minuten Discount: 0% Add. Info: 
2026-05-25 05:42:25.5999 FLS.Server.Service.Accounting.Rules.BaseAccountingRule Applied rule AdditionalFuelFeeRule, Nr of Conditions=1, RuleApplied=True, StopRuleEngineWhenRuleApplied=False, Rule-Filter: e2e AdditionalFuelFee of type: FLS.Server.Service.Accounting.Rules.ItemRules.AdditionalFuelFeeRule has conditions: '(1 EQUALS 1 ==> True)' for Flight: Glider-Flight: HB-3407, Pilot: Stahel Morli, Flight-Date: 12/02/2025, Starttime: 00:00, LdgTime: 00:47, Flightcode: 63, Nr of Ldgs: 1/0, Flight-Air-State: 20, Flight-Process-State: 40
2026-05-25 05:42:25.6191 FLS.Server.Service.Accounting.Rules.BaseAccountingRule Added new delivery item line to delivery. Line: Pos: 2 Product: 1003 Text: VSF-Gebühr Qty: 1 of type: Landung Discount: 0% Add. Info: 
2026-05-25 05:42:25.6262 FLS.Server.Service.Accounting.Rules.BaseAccountingRule Applied rule VsfFeeRule, Nr of Conditions=2, RuleApplied=True, StopRuleEngineWhenRuleApplied=False, Rule-Filter: VSF-Gebühr of type: FLS.Server.Service.Accounting.Rules.ItemRules.VsfFeeRule has conditions: '(1 EQUALS 1 ==> True),(collection: '5bfd35f5-1183-4f7a-84b5-8c0c19288ed3' CONTAINS key: 5bfd35f5-1183-4f7a-84b5-8c0c19288ed3 ==> True)' for Flight: Glider-Flight: HB-3407, Pilot: Stahel Morli, Flight-Date: 12/02/2025, Starttime: 00:00, LdgTime: 00:47, Flightcode: 63, Nr of Ldgs: 1/0, Flight-Air-State: 20, Flight-Process-State: 40
2026-05-25 05:42:25.6323 FLS.Server.Service.Accounting.Rules.BaseAccountingRule NOT applied rule VsfFeeOnStartLocationRule, Nr of Conditions=2, RuleApplied=False, StopRuleEngineWhenRuleApplied=False, Rule-Filter: VSF-Gebühr of type: FLS.Server.Service.Accounting.Rules.ItemRules.VsfFeeOnStartLocationRule has conditions: '(1 EQUALS 1 ==> True),(False EQUALS True ==> False)' for Flight: Glider-Flight: HB-3407, Pilot: Stahel Morli, Flight-Date: 12/02/2025, Starttime: 00:00, LdgTime: 00:47, Flightcode: 63, Nr of Ldgs: 1/0, Flight-Air-State: 20, Flight-Process-State: 40
2026-05-25 05:42:25.6382 FLS.Server.Service.BaseService Created accounting for Stahel Morli: Flight-Date: 12/02/2025 Aircraft: HB-3407 Nr of Lines: 2
2026-05-25 05:42:25.6532 FLS.Server.Data.FLSDataEntities Insert AccountingRuleFilter with data: [AccountingRuleFilter -> AccountingRuleFilterId: 0402ac40-57ad-4fd4-936b-a6bc369dc59f, ClubId: 0fa7b76f-47ba-4138-8f96-671400fd7c83, AccountingRuleFilterTypeId: 30, RuleFilterName: HB-3407 Weiterbildung ohne Pauschale, Description: , IsActive: True, SortIndicator: 7, ArticleTarget: {"ArticleNumber":"1061","DeliveryLineText":"Weiterbildung ohne Pauschale"}, RecipientTarget: , StopRuleEngineWhenRuleApplied: False, IsRuleForGliderFlights: True, IsRuleForTowingFlights: True, IsRuleForMotorFlights: False, UseRuleForAllAircraftsExceptListed: False, MatchedAircraftImmatriculations: ["HB-3407"], UseRuleForAllStartTypesExceptListed: True, MatchedStartTypes: [], UseRuleForAllFlightTypesExceptListed: False, MatchedFlightTypeCodes: ["77","88","78"], ExtendMatchingFlightTypeCodesToGliderAndTowFlight: False, UseRuleForAllStartLocationsExceptListed: True, MatchedStartLocations: [], UseRuleForAllLdgLocationsExceptListed: True, MatchedLdgLocations: [], UseRuleForAllClubMemberNumbersExceptListed: False, MatchedClubMemberNumbers: ["363289","897764","155264","463161","622976","686001"], UseRuleForAllFlightCrewTypesExceptListed: True, MatchedFlightCrewTypes: [], UseRuleForAllAircraftsOnHomebaseExceptListed: True, MatchedAircraftsHomebase: [], UseRuleForAllMemberStatesExceptListed: True, MatchedMemberStates: [], UseRuleForAllPersonCategoriesExceptListed: True, MatchedPersonCategories: [], IsChargedToClubInternal: False, MinFlightTimeInSecondsMatchingValue: 0, MaxFlightTimeInSecondsMatchingValue: 2147483647, MinEngineTimeInSecondsMatchingValue: 0, MaxEngineTimeInSecondsMatchingValue: 2147483647, IncludeThresholdText: False, ThresholdText: , IncludeFlightTypeName: True, NoLandingTaxForGlider: False, NoLandingTaxForTowingAircraft: False, NoLandingTaxForAircraft: False, AccountingUnitTypeId: 10, CreatedOn: 05/25/2026 05:42:25, CreatedByUserId: 36073196-1ee3-4a97-a3fa-f5f60039f041, ModifiedOn: , ModifiedByUserId: , DeletedOn: , DeletedByUserId: , RecordState: 1, OwnerId: 0fa7b76f-47ba-4138-8f96-671400fd7c83, OwnershipType: 2, IsDeleted: False, Id: 0402ac40-57ad-4fd4-936b-a6bc369dc59f,  <- AccountingRuleFilter]

2026-05-25 05:42:25.6821 FLS.Server.Data.FLSDataEntities Delete AccountingRuleFilter with Data: [AccountingRuleFilter -> AccountingRuleFilterId: ddc3cffb-21e5-4e6d-a06c-8a1b55c18844, ClubId: 0fa7b76f-47ba-4138-8f96-671400fd7c83, AccountingRuleFilterTypeId: 50, RuleFilterName: e2e AdditionalFuelFee, Description: e2e #32: e2e AdditionalFuelFee, IsActive: True, SortIndicator: 1000, ArticleTarget: {"ArticleNumber":"9050","DeliveryLineText":"e2e fuel"}, RecipientTarget: , StopRuleEngineWhenRuleApplied: False, IsRuleForGliderFlights: True, IsRuleForTowingFlights: True, IsRuleForMotorFlights: True, UseRuleForAllAircraftsExceptListed: True, MatchedAircraftImmatriculations: [], UseRuleForAllStartTypesExceptListed: True, MatchedStartTypes: [], UseRuleForAllFlightTypesExceptListed: True, MatchedFlightTypeCodes: [], ExtendMatchingFlightTypeCodesToGliderAndTowFlight: False, UseRuleForAllStartLocationsExceptListed: True, MatchedStartLocations: [], UseRuleForAllLdgLocationsExceptListed: True, MatchedLdgLocations: [], UseRuleForAllClubMemberNumbersExceptListed: True, MatchedClubMemberNumbers: [], UseRuleForAllFlightCrewTypesExceptListed: True, MatchedFlightCrewTypes: [], UseRuleForAllAircraftsOnHomebaseExceptListed: True, MatchedAircraftsHomebase: [], UseRuleForAllMemberStatesExceptListed: True, MatchedMemberStates: [], UseRuleForAllPersonCategoriesExceptListed: True, MatchedPersonCategories: [], IsChargedToClubInternal: False, MinFlightTimeInSecondsMatchingValue: 0, MaxFlightTimeInSecondsMatchingValue: 2147483647, MinEngineTimeInSecondsMatchingValue: 0, MaxEngineTimeInSecondsMatchingValue: 2147483647, IncludeThresholdText: False, ThresholdText: , IncludeFlightTypeName: False, NoLandingTaxForGlider: False, NoLandingTaxForTowingAircraft: False, NoLandingTaxForAircraft: False, AccountingUnitTypeId: , CreatedOn: 05/25/2026 05:42:24, CreatedByUserId: 36073196-1ee3-4a97-a3fa-f5f60039f041, ModifiedOn: , ModifiedByUserId: , DeletedOn: 05/25/2026 05:42:25, DeletedByUserId: 36073196-1ee3-4a97-a3fa-f5f60039f041, RecordState: 99, OwnerId: 0fa7b76f-47ba-4138-8f96-671400fd7c83, OwnershipType: 2, IsDeleted: False, Id: ddc3cffb-21e5-4e6d-a06c-8a1b55c18844,  <- AccountingRuleFilter]

2026-05-25 05:42:25.7289 FLS.Server.Data.FLSDataEntities Insert AccountingRuleFilter with data: [AccountingRuleFilter -> AccountingRuleFilterId: 9ec56f8e-f312-48d7-afa3-43be6e17def4, ClubId: 0fa7b76f-47ba-4138-8f96-671400fd7c83, AccountingRuleFilterTypeId: 30, RuleFilterName: HB-1841 Weiterbildung ohne Pauschale, Description: , IsActive: True, SortIndicator: 8, ArticleTarget: {"ArticleNumber":"1063","DeliveryLineText":"Weiterbildung ohne Pauschale"}, RecipientTarget: , StopRuleEngineWhenRuleApplied: False, IsRuleForGliderFlights: True, IsRuleForTowingFlights: True, IsRuleForMotorFlights: False, UseRuleForAllAircraftsExceptListed: False, MatchedAircraftImmatriculations: ["HB-1841"], UseRuleForAllStartTypesExceptListed: True, MatchedStartTypes: [], UseRuleForAllFlightTypesExceptListed: False, MatchedFlightTypeCodes: ["77","88","78"], ExtendMatchingFlightTypeCodesToGliderAndTowFlight: False, UseRuleForAllStartLocationsExceptListed: True, MatchedStartLocations: [], UseRuleForAllLdgLocationsExceptListed: True, MatchedLdgLocations: [], UseRuleForAllClubMemberNumbersExceptListed: False, MatchedClubMemberNumbers: ["363289","897764","155264","463161","622976","686001"], UseRuleForAllFlightCrewTypesExceptListed: True, MatchedFlightCrewTypes: [], UseRuleForAllAircraftsOnHomebaseExceptListed: True, MatchedAircraftsHomebase: [], UseRuleForAllMemberStatesExceptListed: True, MatchedMemberStates: [], UseRuleForAllPersonCategoriesExceptListed: True, MatchedPersonCategories: [], IsChargedToClubInternal: False, MinFlightTimeInSecondsMatchingValue: 0, MaxFlightTimeInSecondsMatchingValue: 2147483647, MinEngineTimeInSecondsMatchingValue: 0, MaxEngineTimeInSecondsMatchingValue: 2147483647, IncludeThresholdText: False, ThresholdText: , IncludeFlightTypeName: True, NoLandingTaxForGlider: False, NoLandingTaxForTowingAircraft: False, NoLandingTaxForAircraft: False, AccountingUnitTypeId: 10, CreatedOn: 05/25/2026 05:42:25, CreatedByUserId: 36073196-1ee3-4a97-a3fa-f5f60039f041, ModifiedOn: , ModifiedByUserId: , DeletedOn: , DeletedByUserId: , RecordState: 1, OwnerId: 0fa7b76f-47ba-4138-8f96-671400fd7c83, OwnershipType: 2, IsDeleted: False, Id: 9ec56f8e-f312-48d7-afa3-43be6e17def4,  <- AccountingRuleFilter]

2026-05-25 05:42:25.7662 FLS.Server.Data.FLSDataEntities Insert AccountingRuleFilter with data: [AccountingRuleFilter -> AccountingRuleFilterId: 5eeb32fd-6d2b-4698-9978-38680b0ee9a1, ClubId: 0fa7b76f-47ba-4138-8f96-671400fd7c83, AccountingRuleFilterTypeId: 55, RuleFilterName: e2e StartTax, Description: e2e #32: e2e StartTax, IsActive: True, SortIndicator: 1000, ArticleTarget: {"ArticleNumber":"9055","DeliveryLineText":"e2e starttax"}, RecipientTarget: , StopRuleEngineWhenRuleApplied: False, IsRuleForGliderFlights: True, IsRuleForTowingFlights: True, IsRuleForMotorFlights: True, UseRuleForAllAircraftsExceptListed: True, MatchedAircraftImmatriculations: [], UseRuleForAllStartTypesExceptListed: True, MatchedStartTypes: [], UseRuleForAllFlightTypesExceptListed: True, MatchedFlightTypeCodes: [], ExtendMatchingFlightTypeCodesToGliderAndTowFlight: False, UseRuleForAllStartLocationsExceptListed: True, MatchedStartLocations: [], UseRuleForAllLdgLocationsExceptListed: True, MatchedLdgLocations: [], UseRuleForAllClubMemberNumbersExceptListed: True, MatchedClubMemberNumbers: [], UseRuleForAllFlightCrewTypesExceptListed: True, MatchedFlightCrewTypes: [], UseRuleForAllAircraftsOnHomebaseExceptListed: True, MatchedAircraftsHomebase: [], UseRuleForAllMemberStatesExceptListed: True, MatchedMemberStates: [], UseRuleForAllPersonCategoriesExceptListed: True, MatchedPersonCategories: [], IsChargedToClubInternal: False, MinFlightTimeInSecondsMatchingValue: 0, MaxFlightTimeInSecondsMatchingValue: 2147483647, MinEngineTimeInSecondsMatchingValue: 0, MaxEngineTimeInSecondsMatchingValue: 2147483647, IncludeThresholdText: False, ThresholdText: , IncludeFlightTypeName: False, NoLandingTaxForGlider: False, NoLandingTaxForTowingAircraft: False, NoLandingTaxForAircraft: False, AccountingUnitTypeId: 40, CreatedOn: 05/25/2026 05:42:25, CreatedByUserId: 36073196-1ee3-4a97-a3fa-f5f60039f041, ModifiedOn: , ModifiedByUserId: , DeletedOn: , DeletedByUserId: , RecordState: 1, OwnerId: 0fa7b76f-47ba-4138-8f96-671400fd7c83, OwnershipType: 2, IsDeleted: False, Id: 5eeb32fd-6d2b-4698-9978-38680b0ee9a1,  <- AccountingRuleFilter]

2026-05-25 05:42:25.8068 FLS.Server.Data.FLSDataEntities Insert AccountingRuleFilter with data: [AccountingRuleFilter -> AccountingRuleFilterId: c074a31e-afcb-48ab-9043-48d3780c350f, ClubId: 0fa7b76f-47ba-4138-8f96-671400fd7c83, AccountingRuleFilterTypeId: 30, RuleFilterName: HB-1824 Weiterbildung ohne Pauschale, Description: , IsActive: True, SortIndicator: 9, ArticleTarget: {"ArticleNumber":"1065","DeliveryLineText":"Weiterbildung ohne Pauschale"}, RecipientTarget: , StopRuleEngineWhenRuleApplied: False, IsRuleForGliderFlights: True, IsRuleForTowingFlights: True, IsRuleForMotorFlights: False, UseRuleForAllAircraftsExceptListed: False, MatchedAircraftImmatriculations: ["HB-1824"], UseRuleForAllStartTypesExceptListed: True, MatchedStartTypes: [], UseRuleForAllFlightTypesExceptListed: False, MatchedFlightTypeCodes: ["77","88","78"], ExtendMatchingFlightTypeCodesToGliderAndTowFlight: False, UseRuleForAllStartLocationsExceptListed: True, MatchedStartLocations: [], UseRuleForAllLdgLocationsExceptListed: True, MatchedLdgLocations: [], UseRuleForAllClubMemberNumbersExceptListed: False, MatchedClubMemberNumbers: ["363289","897764","155264","463161","622976","686001"], UseRuleForAllFlightCrewTypesExceptListed: True, MatchedFlightCrewTypes: [], UseRuleForAllAircraftsOnHomebaseExceptListed: True, MatchedAircraftsHomebase: [], UseRuleForAllMemberStatesExceptListed: True, MatchedMemberStates: [], UseRuleForAllPersonCategoriesExceptListed: True, MatchedPersonCategories: [], IsChargedToClubInternal: False, MinFlightTimeInSecondsMatchingValue: 0, MaxFlightTimeInSecondsMatchingValue: 2147483647, MinEngineTimeInSecondsMatchingValue: 0, MaxEngineTimeInSecondsMatchingValue: 2147483647, IncludeThresholdText: False, ThresholdText: , IncludeFlightTypeName: True, NoLandingTaxForGlider: False, NoLandingTaxForTowingAircraft: False, NoLandingTaxForAircraft: False, AccountingUnitTypeId: 10, CreatedOn: 05/25/2026 05:42:25, CreatedByUserId: 36073196-1ee3-4a97-a3fa-f5f60039f041, ModifiedOn: , ModifiedByUserId: , DeletedOn: , DeletedByUserId: , RecordState: 1, OwnerId: 0fa7b76f-47ba-4138-8f96-671400fd7c83, OwnershipType: 2, IsDeleted: False, Id: c074a31e-afcb-48ab-9043-48d3780c350f,  <- AccountingRuleFilter]

2026-05-25 05:42:25.8546 FLS.Server.Service.RegistrationService New trial flight registration with following data (JSON): {"ClubKey":"TestClub","Firstname":"Trial","Lastname":"PilotA","AddressLine1":"Musterstrasse 1","ZipCode":"8000","City":"Zürich","CountryId":null,"PrivateEmail":"e2e-trial-pilot-jgxgndrcmpks4sww@e2e.fls.local","MobilePhoneNumber":null,"PrivatePhoneNumber":null,"BusinessPhoneNumber":null,"InvoiceAddressIsSame":true,"InvoiceToFirstname":null,"InvoiceToLastname":null,"InvoiceToAddressLine1":null,"InvoiceToZipCode":null,"InvoiceToCity":null,"InvoiceToCountryId":null,"NotificationEmail":null,"SelectedDay":"2026-06-15T00:00:00","SendCouponToInvoiceAddress":false,"Remarks":null}
2026-05-25 05:42:25.9192 FLS.Server.Data.FLSDataEntities Insert Person with data: [Person -> PersonId: ba371483-e66d-4067-9159-ddc6187e7a6b, Lastname: PilotA, Firstname: Trial, Midname: , CompanyName: , AddressLine1: Musterstrasse 1, AddressLine2: , Zip: 8000, City: Zürich, Region: , CountryId: , PrivatePhone: , MobilePhone: , BusinessPhone: , FaxNumber: , EmailPrivate: e2e-trial-pilot-jgxgndrcmpks4sww@e2e.fls.local, EmailBusiness: , PreferMailToBusinessMail: False, Birthday: , HasMotorPilotLicence: False, HasTowPilotLicence: False, HasGliderInstructorLicence: False, HasGliderPilotLicence: False, HasGliderTraineeLicence: True, HasGliderPAXLicence: False, HasTMGLicence: False, HasWinchOperatorLicence: False, HasMotorInstructorLicence: False, HasPartMLicence: False, LicenceNumber: , MedicalClass1ExpireDate: , MedicalClass2ExpireDate: , MedicalLaplExpireDate: , GliderInstructorLicenceExpireDate: , MotorInstructorLicenceExpireDate: , PartMLicenceExpireDate: , HasGliderTowingStartPermission: False, HasGliderSelfStartPermission: False, HasGliderWinchStartPermission: False, SpotLink: , ReceiveOwnedAircraftStatisticReports: False, EnableAddress: False, IsFastEntryRecord: False, CreatedOn: 05/25/2026 05:42:25, CreatedByUserId: 36073196-1ee3-4a97-a3fa-f5f60039f041, ModifiedOn: , ModifiedByUserId: , DeletedOn: , DeletedByUserId: , RecordState: 1, OwnerId: 0fa7b76f-47ba-4138-8f96-671400fd7c83, OwnershipType: 2, IsDeleted: False, DisplayName: PilotA Trial, EmailAddressForCommunication: e2e-trial-pilot-jgxgndrcmpks4sww@e2e.fls.local, Id: ba371483-e66d-4067-9159-ddc6187e7a6b, DoNotUpdateTimeStampsInMetaData: False,  <- Person]

2026-05-25 05:42:25.9266 FLS.Server.Data.FLSDataEntities Insert PersonClub with data: [PersonClub -> PersonId: 00000000-0000-0000-0000-000000000000, ClubId: 0fa7b76f-47ba-4138-8f96-671400fd7c83, MemberNumber: , MemberStateId: , IsMotorPilot: False, IsTowPilot: False, IsGliderInstructor: False, IsGliderPilot: False, IsGliderTrainee: True, IsPassenger: False, IsWinchOperator: False, IsMotorInstructor: False, ReceiveFlightReports: False, ReceiveAircraftReservationNotifications: False, ReceivePlanningDayRoleReminder: False, IsActive: False, CreatedOn: 05/25/2026 05:42:25, CreatedByUserId: 36073196-1ee3-4a97-a3fa-f5f60039f041, ModifiedOn: , ModifiedByUserId: , DeletedOn: , DeletedByUserId: , RecordState: 1, OwnerId: 0fa7b76f-47ba-4138-8f96-671400fd7c83, OwnershipType: 2, IsDeleted: False, Id: 00000000-0000-0000-0000-000000000000, DoNotUpdateTimeStampsInMetaData: False,  <- PersonClub]

2026-05-25 05:42:25.9343 FLS.Server.Data.FLSDataEntities Insert AircraftReservation with data: [AircraftReservation -> AircraftReservationId: e5d46a24-0e4d-4499-a05b-d22d10931a98, Start: 06/15/2026 00:00:00, End: 06/15/2026 23:59:59, IsAllDayReservation: True, AircraftId: 34896816-6341-43b1-ad93-16a600866ae6, PilotPersonId: 00000000-0000-0000-0000-000000000000, LocationId: 5bfd35f5-1183-4f7a-84b5-8c0c19288ed3, SecondCrewPersonId: , AircraftReservationTypeId: , FlightTypeId: , Remarks: Schnupperflug-Kandidat, ClubId: 0fa7b76f-47ba-4138-8f96-671400fd7c83, CreatedOn: 05/25/2026 05:42:25, CreatedByUserId: 36073196-1ee3-4a97-a3fa-f5f60039f041, ModifiedOn: , ModifiedByUserId: , Id: e5d46a24-0e4d-4499-a05b-d22d10931a98, DeletedOn: , DeletedByUserId: , RecordState: 1, OwnerId: 0fa7b76f-47ba-4138-8f96-671400fd7c83, OwnershipType: 2, IsDeleted: False,  <- AircraftReservation]

2026-05-25 05:42:25.9232 FLS.Server.Service.RegistrationService New trial flight registration with following data (JSON): {"ClubKey":"TestClub","Firstname":"Trial","Lastname":"OrgTestmpks4t1j","AddressLine1":"Musterstrasse 1","ZipCode":"8000","City":"Zürich","CountryId":null,"PrivateEmail":"e2e-trial-pilot-n77nmf3qmpks4t1j@e2e.fls.local","MobilePhoneNumber":null,"PrivatePhoneNumber":null,"BusinessPhoneNumber":null,"InvoiceAddressIsSame":true,"InvoiceToFirstname":null,"InvoiceToLastname":null,"InvoiceToAddressLine1":null,"InvoiceToZipCode":null,"InvoiceToCity":null,"InvoiceToCountryId":null,"NotificationEmail":null,"SelectedDay":"2026-06-15T00:00:00","SendCouponToInvoiceAddress":false,"Remarks":null}
2026-05-25 05:42:25.9620 FLS.Server.Data.FLSDataEntities Insert AccountingRuleFilter with data: [AccountingRuleFilter -> AccountingRuleFilterId: 24340013-2f06-48a3-bf9b-af971de473e2, ClubId: 0fa7b76f-47ba-4138-8f96-671400fd7c83, AccountingRuleFilterTypeId: 30, RuleFilterName: HB-2464 Weiterbildung ohne Pauschale, Description: , IsActive: True, SortIndicator: 10, ArticleTarget: {"ArticleNumber":"1072","DeliveryLineText":"Weiterbildung ohne Pauschale"}, RecipientTarget: , StopRuleEngineWhenRuleApplied: False, IsRuleForGliderFlights: True, IsRuleForTowingFlights: True, IsRuleForMotorFlights: False, UseRuleForAllAircraftsExceptListed: False, MatchedAircraftImmatriculations: ["HB-2464"], UseRuleForAllStartTypesExceptListed: True, MatchedStartTypes: [], UseRuleForAllFlightTypesExceptListed: False, MatchedFlightTypeCodes: ["77","88","78"], ExtendMatchingFlightTypeCodesToGliderAndTowFlight: False, UseRuleForAllStartLocationsExceptListed: True, MatchedStartLocations: [], UseRuleForAllLdgLocationsExceptListed: True, MatchedLdgLocations: [], UseRuleForAllClubMemberNumbersExceptListed: False, MatchedClubMemberNumbers: ["363289","897764","155264","463161","622976","686001"], UseRuleForAllFlightCrewTypesExceptListed: True, MatchedFlightCrewTypes: [], UseRuleForAllAircraftsOnHomebaseExceptListed: True, MatchedAircraftsHomebase: [], UseRuleForAllMemberStatesExceptListed: True, MatchedMemberStates: [], UseRuleForAllPersonCategoriesExceptListed: True, MatchedPersonCategories: [], IsChargedToClubInternal: False, MinFlightTimeInSecondsMatchingValue: 0, MaxFlightTimeInSecondsMatchingValue: 2147483647, MinEngineTimeInSecondsMatchingValue: 0, MaxEngineTimeInSecondsMatchingValue: 2147483647, IncludeThresholdText: False, ThresholdText: , IncludeFlightTypeName: True, NoLandingTaxForGlider: False, NoLandingTaxForTowingAircraft: False, NoLandingTaxForAircraft: False, AccountingUnitTypeId: 10, CreatedOn: 05/25/2026 05:42:25, CreatedByUserId: 36073196-1ee3-4a97-a3fa-f5f60039f041, ModifiedOn: , ModifiedByUserId: , DeletedOn: , DeletedByUserId: , RecordState: 1, OwnerId: 0fa7b76f-47ba-4138-8f96-671400fd7c83, OwnershipType: 2, IsDeleted: False, Id: 24340013-2f06-48a3-bf9b-af971de473e2,  <- AccountingRuleFilter]

2026-05-25 05:42:25.9739 FLS.Server.Data.FLSDataEntities Insert Person with data: [Person -> PersonId: 59463142-37fe-4ef8-af48-f66b3a13fbc5, Lastname: OrgTestmpks4t1j, Firstname: Trial, Midname: , CompanyName: , AddressLine1: Musterstrasse 1, AddressLine2: , Zip: 8000, City: Zürich, Region: , CountryId: , PrivatePhone: , MobilePhone: , BusinessPhone: , FaxNumber: , EmailPrivate: e2e-trial-pilot-n77nmf3qmpks4t1j@e2e.fls.local, EmailBusiness: , PreferMailToBusinessMail: False, Birthday: , HasMotorPilotLicence: False, HasTowPilotLicence: False, HasGliderInstructorLicence: False, HasGliderPilotLicence: False, HasGliderTraineeLicence: True, HasGliderPAXLicence: False, HasTMGLicence: False, HasWinchOperatorLicence: False, HasMotorInstructorLicence: False, HasPartMLicence: False, LicenceNumber: , MedicalClass1ExpireDate: , MedicalClass2ExpireDate: , MedicalLaplExpireDate: , GliderInstructorLicenceExpireDate: , MotorInstructorLicenceExpireDate: , PartMLicenceExpireDate: , HasGliderTowingStartPermission: False, HasGliderSelfStartPermission: False, HasGliderWinchStartPermission: False, SpotLink: , ReceiveOwnedAircraftStatisticReports: False, EnableAddress: False, IsFastEntryRecord: False, CreatedOn: 05/25/2026 05:42:25, CreatedByUserId: 36073196-1ee3-4a97-a3fa-f5f60039f041, ModifiedOn: , ModifiedByUserId: , DeletedOn: , DeletedByUserId: , RecordState: 1, OwnerId: 0fa7b76f-47ba-4138-8f96-671400fd7c83, OwnershipType: 2, IsDeleted: False, DisplayName: OrgTestmpks4t1j Trial, EmailAddressForCommunication: e2e-trial-pilot-n77nmf3qmpks4t1j@e2e.fls.local, Id: 59463142-37fe-4ef8-af48-f66b3a13fbc5, DoNotUpdateTimeStampsInMetaData: False,  <- Person]

2026-05-25 05:42:25.9809 FLS.Server.Data.FLSDataEntities Insert PersonClub with data: [PersonClub -> PersonId: 00000000-0000-0000-0000-000000000000, ClubId: 0fa7b76f-47ba-4138-8f96-671400fd7c83, MemberNumber: , MemberStateId: , IsMotorPilot: False, IsTowPilot: False, IsGliderInstructor: False, IsGliderPilot: False, IsGliderTrainee: True, IsPassenger: False, IsWinchOperator: False, IsMotorInstructor: False, ReceiveFlightReports: False, ReceiveAircraftReservationNotifications: False, ReceivePlanningDayRoleReminder: False, IsActive: False, CreatedOn: 05/25/2026 05:42:25, CreatedByUserId: 36073196-1ee3-4a97-a3fa-f5f60039f041, ModifiedOn: , ModifiedByUserId: , DeletedOn: , DeletedByUserId: , RecordState: 1, OwnerId: 0fa7b76f-47ba-4138-8f96-671400fd7c83, OwnershipType: 2, IsDeleted: False, Id: 00000000-0000-0000-0000-000000000000, DoNotUpdateTimeStampsInMetaData: False,  <- PersonClub]

2026-05-25 05:42:25.9905 FLS.Server.Data.FLSDataEntities Insert AircraftReservation with data: [AircraftReservation -> AircraftReservationId: d1551150-a23a-4bed-8b62-ca67300dcb41, Start: 06/15/2026 00:00:00, End: 06/15/2026 23:59:59, IsAllDayReservation: True, AircraftId: 34896816-6341-43b1-ad93-16a600866ae6, PilotPersonId: 00000000-0000-0000-0000-000000000000, LocationId: 5bfd35f5-1183-4f7a-84b5-8c0c19288ed3, SecondCrewPersonId: , AircraftReservationTypeId: , FlightTypeId: , Remarks: Schnupperflug-Kandidat, ClubId: 0fa7b76f-47ba-4138-8f96-671400fd7c83, CreatedOn: 05/25/2026 05:42:25, CreatedByUserId: 36073196-1ee3-4a97-a3fa-f5f60039f041, ModifiedOn: , ModifiedByUserId: , Id: d1551150-a23a-4bed-8b62-ca67300dcb41, DeletedOn: , DeletedByUserId: , RecordState: 1, OwnerId: 0fa7b76f-47ba-4138-8f96-671400fd7c83, OwnershipType: 2, IsDeleted: False,  <- AircraftReservation]

2026-05-25 05:42:26.0595 FLS.Server.Service.BaseService Get 17 AccountingRuleFilters of clubId: 0fa7b76f-47ba-4138-8f96-671400fd7c83
2026-05-25 05:42:26.0859 FLS.Server.Service.BaseService Start creating accounting for flight: Glider-Flight: HB-3407, Pilot: Stahel Morli, Flight-Date: 12/02/2025, Starttime: 00:00, LdgTime: 00:47, Flightcode: 63, Nr of Ldgs: 1/0, Flight-Air-State: 20, Flight-Process-State: 40 using 17 recipient rule filters and 17 accounting line rule filters.
2026-05-25 05:42:26.0958 FLS.Server.Data.FLSDataEntities Insert Flight with data: Glider-Flight: , Pilot: , Flight-Date: 05/25/2026, Starttime: 10:00, LdgTime: 10:30, Nr of Ldgs: 1/0, Flight-Air-State: 20, Flight-Process-State: 0
2026-05-25 05:42:26.0967 FLS.Server.Service.RulesEngine.BaseRule NOT applied rule FlightCostPaidByPersonRule, Nr of Conditions=1, RuleApplied=False, StopRuleEngineWhenRuleApplied=False
2026-05-25 05:42:26.1039 FLS.Server.Data.FLSDataEntities Insert FlightCrew with data: [FlightCrew -> FlightCrewId: 97322436-06fe-40d2-94bd-0478a8f98319, FlightId: 00000000-0000-0000-0000-000000000000, PersonId: 23004dec-9300-484d-bc2e-966f89edcb59, FlightCrewTypeId: 1, BeginFlightDateTime: 05/25/2026 10:00:00, EndFlightDateTime: 05/25/2026 10:30:00, BeginInstructionDateTime: , EndInstructionDateTime: , NrOfLdgs: 1, NrOfStarts: , CreatedOn: 05/25/2026 05:42:26, CreatedByUserId: 36073196-1ee3-4a97-a3fa-f5f60039f041, ModifiedOn: , ModifiedByUserId: , DeletedOn: , DeletedByUserId: , RecordState: 1, OwnerId: 0fa7b76f-47ba-4138-8f96-671400fd7c83, OwnershipType: 2, IsDeleted: False, Id: 97322436-06fe-40d2-94bd-0478a8f98319, HasPerson: True,  <- FlightCrew]

2026-05-25 05:42:26.1161 FLS.Server.Service.Email.EmailSendService Sent email to recipient: e2e-trial-pilot-jgxgndrcmpks4sww@e2e.fls.local with subject: Bestätigung für Schnupperflug-Registrierung, and Body: <!DOCTYPE html PUBLIC "-//W3C//DTD XHTML 1.0 Transitional//EN" "http://www.w3.org/TR/xhtml1/DTD/xhtml1-transitional.dtd">
<html xmlns="http://www.w3.org/1999/xhtml">

<head>
<meta content="en-gb" http-equiv="Content-Language" />
<meta content="text/html; charset=utf-8" http-equiv="Content-Type" />
<title>Bestätigung für Schnupperflug-Registrierung</title>
<style type="text/css">

body {
    font-family: Arial, Helvetica, Sans-Serif;
    font-size: 14px;
}
</style>
</head>

<body>
<p>
Hallo Trial PilotA
</p>
<p>
Danke für Ihre Anmeldung zu einem Schnupperflug.
</p>
<p>
Dies ist eine Bestätigung für die Registrierung zu einem Schnupperflug am <b>06/15/2026</b> in Speck Fehraltorf.</p>
<p>
Schnupperflug-Kandidat:<br>
PilotA Trial<br>
Musterstrasse 1<br>
8000 Zürich<br>
e2e-trial-pilot-jgxgndrcmpks4sww@e2e.fls.local<br>
Tel. Mobil: <br>
Tel. Privat: <br>
Tel. Geschäft: <br>
</p>
<p>
Bemerkungen: keine
</p>
<p>
Wir werden den Schnupperflug-Kandidaten am 06/13/2026 über die Durchführung des Schnupperflugtages informieren. Je nach Wetter kann der Schnupperflugtag nicht durchgeführt werden und muss verschoben werden.</p>

<p>
Die Rechnung wird an folgende Adresse gesendet:<br>
PilotA Trial<br>
Musterstrasse 1<br>
8000 Zürich<br>
</p>

<p>
Der Gutschein wird gesendet an: Schnupperflug-Kandidat
</p>

<p>Herzliche Grüsse<br>
Flugsportgruppe Zürcher Oberland</p>

</body>

</html>

2026-05-25 05:42:26.1189 FLS.Server.Service.RulesEngine.BaseRule Applied rule FlightCostPaidByPilotRule, Nr of Conditions=1, RuleApplied=True, StopRuleEngineWhenRuleApplied=False
2026-05-25 05:42:26.1266 FLS.Server.Data.FLSDataEntities Insert AccountingRuleFilter with data: [AccountingRuleFilter -> AccountingRuleFilterId: 96ed78c8-3575-4484-91fc-7994137bf272, ClubId: 0fa7b76f-47ba-4138-8f96-671400fd7c83, AccountingRuleFilterTypeId: 30, RuleFilterName: HB-3256 Weiterbildung mit Pauschale, Description: , IsActive: True, SortIndicator: 11, ArticleTarget: {"ArticleNumber":"1187","DeliveryLineText":"Weiterbildung mit Pauschale"}, RecipientTarget: , StopRuleEngineWhenRuleApplied: False, IsRuleForGliderFlights: True, IsRuleForTowingFlights: True, IsRuleForMotorFlights: False, UseRuleForAllAircraftsExceptListed: False, MatchedAircraftImmatriculations: ["HB-3256"], UseRuleForAllStartTypesExceptListed: True, MatchedStartTypes: [], UseRuleForAllFlightTypesExceptListed: False, MatchedFlightTypeCodes: ["77","88","78"], ExtendMatchingFlightTypeCodesToGliderAndTowFlight: False, UseRuleForAllStartLocationsExceptListed: True, MatchedStartLocations: [], UseRuleForAllLdgLocationsExceptListed: True, MatchedLdgLocations: [], UseRuleForAllClubMemberNumbersExceptListed: True, MatchedClubMemberNumbers: ["363289","897764","155264","463161","622976","686001"], UseRuleForAllFlightCrewTypesExceptListed: True, MatchedFlightCrewTypes: [], UseRuleForAllAircraftsOnHomebaseExceptListed: True, MatchedAircraftsHomebase: [], UseRuleForAllMemberStatesExceptListed: True, MatchedMemberStates: [], UseRuleForAllPersonCategoriesExceptListed: True, MatchedPersonCategories: [], IsChargedToClubInternal: False, MinFlightTimeInSecondsMatchingValue: 0, MaxFlightTimeInSecondsMatchingValue: 2147483647, MinEngineTimeInSecondsMatchingValue: 0, MaxEngineTimeInSecondsMatchingValue: 2147483647, IncludeThresholdText: False, ThresholdText: , IncludeFlightTypeName: True, NoLandingTaxForGlider: False, NoLandingTaxForTowingAircraft: False, NoLandingTaxForAircraft: False, AccountingUnitTypeId: 10, CreatedOn: 05/25/2026 05:42:26, CreatedByUserId: 36073196-1ee3-4a97-a3fa-f5f60039f041, ModifiedOn: , ModifiedByUserId: , DeletedOn: , DeletedByUserId: , RecordState: 1, OwnerId: 0fa7b76f-47ba-4138-8f96-671400fd7c83, OwnershipType: 2, IsDeleted: False, Id: 96ed78c8-3575-4484-91fc-7994137bf272,  <- AccountingRuleFilter]

2026-05-25 05:42:26.1354 FLS.Server.Service.RulesEngine.BaseRule Applied rule FlightDeliveryInfoRule, Nr of Conditions=1, RuleApplied=True, StopRuleEngineWhenRuleApplied=False
2026-05-25 05:42:26.1443 FLS.Server.Service.RulesEngine.BaseRule Applied rule AdditionalInfoRule, Nr of Conditions=1, RuleApplied=True, StopRuleEngineWhenRuleApplied=False
2026-05-25 05:42:26.1523 FLS.Server.Service.Accounting.Rules.BaseAccountingRule NOT applied rule AircraftFlightTimeRule, Nr of Conditions=4, RuleApplied=False, StopRuleEngineWhenRuleApplied=False, Rule-Filter: HB-3407 Schulung of type: FLS.Server.Service.Accounting.Rules.ItemRules.AircraftFlightTimeRule has conditions: '(1 EQUALS 1 ==> True),(collection: '34896816-6341-43b1-ad93-16a600866ae6' CONTAINS key: 34896816-6341-43b1-ad93-16a600866ae6 ==> True),(null OR (collection: '70,80,66,68,69' CONTAINS key: 63 ==> False) ==> False),(Value: 2820 is BETWEEN 0 and 2147483647 (incl. minValue = False; maxValue = True ==> True)' for Flight: Glider-Flight: HB-3407, Pilot: Stahel Morli, Flight-Date: 12/02/2025, Starttime: 00:00, LdgTime: 00:47, Flightcode: 63, Nr of Ldgs: 1/0, Flight-Air-State: 20, Flight-Process-State: 40
2026-05-25 05:42:26.1600 FLS.Server.Service.Accounting.Rules.BaseAccountingRule NOT applied rule AircraftFlightTimeRule, Nr of Conditions=5, RuleApplied=False, StopRuleEngineWhenRuleApplied=False, Rule-Filter: HB-3256 Weiterbildung ohne Pauschale of type: FLS.Server.Service.Accounting.Rules.ItemRules.AircraftFlightTimeRule has conditions: '(1 EQUALS 1 ==> True),(collection: '4aa36c51-802a-4d94-a227-7a5286b3964c' CONTAINS key: 34896816-6341-43b1-ad93-16a600866ae6 ==> False),(null OR (collection: '77,88,78' CONTAINS key: 63 ==> False) ==> False),('363289,897764,155264,463161,622976,686001' INTERSECTS ANY 222323 ==> False),(Value: 2820 is BETWEEN 0 and 2147483647 (incl. minValue = False; maxValue = True ==> True)' for Flight: Glider-Flight: HB-3407, Pilot: Stahel Morli, Flight-Date: 12/02/2025, Starttime: 00:00, LdgTime: 00:47, Flightcode: 63, Nr of Ldgs: 1/0, Flight-Air-State: 20, Flight-Process-State: 40
2026-05-25 05:42:26.1748 FLS.Server.Service.Accounting.Rules.BaseAccountingRule NOT applied rule AircraftFlightTimeRule, Nr of Conditions=5, RuleApplied=False, StopRuleEngineWhenRuleApplied=False, Rule-Filter: HB-1841 Weiterbildung ohne Pauschale of type: FLS.Server.Service.Accounting.Rules.ItemRules.AircraftFlightTimeRule has conditions: '(1 EQUALS 1 ==> True),(collection: '1850f1f0-96f3-42a8-acf5-8b358dfe5103' CONTAINS key: 34896816-6341-43b1-ad93-16a600866ae6 ==> False),(null OR (collection: '77,88,78' CONTAINS key: 63 ==> False) ==> False),('363289,897764,155264,463161,622976,686001' INTERSECTS ANY 222323 ==> False),(Value: 2820 is BETWEEN 0 and 2147483647 (incl. minValue = False; maxValue = True ==> True)' for Flight: Glider-Flight: HB-3407, Pilot: Stahel Morli, Flight-Date: 12/02/2025, Starttime: 00:00, LdgTime: 00:47, Flightcode: 63, Nr of Ldgs: 1/0, Flight-Air-State: 20, Flight-Process-State: 40
2026-05-25 05:42:26.1729 FLS.Server.Service.Email.EmailSendService Sent email to recipient: e2e-trial-pilot-n77nmf3qmpks4t1j@e2e.fls.local with subject: Bestätigung für Schnupperflug-Registrierung, and Body: <!DOCTYPE html PUBLIC "-//W3C//DTD XHTML 1.0 Transitional//EN" "http://www.w3.org/TR/xhtml1/DTD/xhtml1-transitional.dtd">
<html xmlns="http://www.w3.org/1999/xhtml">

<head>
<meta content="en-gb" http-equiv="Content-Language" />
<meta content="text/html; charset=utf-8" http-equiv="Content-Type" />
<title>Bestätigung für Schnupperflug-Registrierung</title>
<style type="text/css">

body {
    font-family: Arial, Helvetica, Sans-Serif;
    font-size: 14px;
}
</style>
</head>

<body>
<p>
Hallo Trial OrgTestmpks4t1j
</p>
<p>
Danke für Ihre Anmeldung zu einem Schnupperflug.
</p>
<p>
Dies ist eine Bestätigung für die Registrierung zu einem Schnupperflug am <b>06/15/2026</b> in Speck Fehraltorf.</p>
<p>
Schnupperflug-Kandidat:<br>
OrgTestmpks4t1j Trial<br>
Musterstrasse 1<br>
8000 Zürich<br>
e2e-trial-pilot-n77nmf3qmpks4t1j@e2e.fls.local<br>
Tel. Mobil: <br>
Tel. Privat: <br>
Tel. Geschäft: <br>
</p>
<p>
Bemerkungen: keine
</p>
<p>
Wir werden den Schnupperflug-Kandidaten am 06/13/2026 über die Durchführung des Schnupperflugtages informieren. Je nach Wetter kann der Schnupperflugtag nicht durchgeführt werden und muss verschoben werden.</p>

<p>
Die Rechnung wird an folgende Adresse gesendet:<br>
OrgTestmpks4t1j Trial<br>
Musterstrasse 1<br>
8000 Zürich<br>
</p>

<p>
Der Gutschein wird gesendet an: Schnupperflug-Kandidat
</p>

<p>Herzliche Grüsse<br>
Flugsportgruppe Zürcher Oberland</p>

</body>

</html>

2026-05-25 05:42:26.1825 FLS.Server.Service.Accounting.Rules.BaseAccountingRule NOT applied rule AircraftFlightTimeRule, Nr of Conditions=5, RuleApplied=False, StopRuleEngineWhenRuleApplied=False, Rule-Filter: HB-1824 Weiterbildung ohne Pauschale of type: FLS.Server.Service.Accounting.Rules.ItemRules.AircraftFlightTimeRule has conditions: '(1 EQUALS 1 ==> True),(collection: 'ea148d3d-b9e1-493c-b115-a99b60bcadb1' CONTAINS key: 34896816-6341-43b1-ad93-16a600866ae6 ==> False),(null OR (collection: '77,88,78' CONTAINS key: 63 ==> False) ==> False),('363289,897764,155264,463161,622976,686001' INTERSECTS ANY 222323 ==> False),(Value: 2820 is BETWEEN 0 and 2147483647 (incl. minValue = False; maxValue = True ==> True)' for Flight: Glider-Flight: HB-3407, Pilot: Stahel Morli, Flight-Date: 12/02/2025, Starttime: 00:00, LdgTime: 00:47, Flightcode: 63, Nr of Ldgs: 1/0, Flight-Air-State: 20, Flight-Process-State: 40
2026-05-25 05:42:26.1941 FLS.Server.Service.Accounting.Rules.BaseAccountingRule NOT applied rule AircraftFlightTimeRule, Nr of Conditions=4, RuleApplied=False, StopRuleEngineWhenRuleApplied=False, Rule-Filter: HB-1824 Schulung of type: FLS.Server.Service.Accounting.Rules.ItemRules.AircraftFlightTimeRule has conditions: '(1 EQUALS 1 ==> True),(collection: 'ea148d3d-b9e1-493c-b115-a99b60bcadb1' CONTAINS key: 34896816-6341-43b1-ad93-16a600866ae6 ==> False),(null OR (collection: '70,80,66,68,69' CONTAINS key: 63 ==> False) ==> False),(Value: 2820 is BETWEEN 0 and 2147483647 (incl. minValue = False; maxValue = True ==> True)' for Flight: Glider-Flight: HB-3407, Pilot: Stahel Morli, Flight-Date: 12/02/2025, Starttime: 00:00, LdgTime: 00:47, Flightcode: 63, Nr of Ldgs: 1/0, Flight-Air-State: 20, Flight-Process-State: 40
2026-05-25 05:42:26.2046 FLS.Server.Service.Accounting.Rules.BaseAccountingRule NOT applied rule AircraftFlightTimeRule, Nr of Conditions=5, RuleApplied=False, StopRuleEngineWhenRuleApplied=False, Rule-Filter: HB-3407 Weiterbildung ohne Pauschale of type: FLS.Server.Service.Accounting.Rules.ItemRules.AircraftFlightTimeRule has conditions: '(1 EQUALS 1 ==> True),(collection: '34896816-6341-43b1-ad93-16a600866ae6' CONTAINS key: 34896816-6341-43b1-ad93-16a600866ae6 ==> True),(null OR (collection: '77,88,78' CONTAINS key: 63 ==> False) ==> False),('363289,897764,155264,463161,622976,686001' INTERSECTS ANY 222323 ==> False),(Value: 2820 is BETWEEN 0 and 2147483647 (incl. minValue = False; maxValue = True ==> True)' for Flight: Glider-Flight: HB-3407, Pilot: Stahel Morli, Flight-Date: 12/02/2025, Starttime: 00:00, LdgTime: 00:47, Flightcode: 63, Nr of Ldgs: 1/0, Flight-Air-State: 20, Flight-Process-State: 40
2026-05-25 05:42:26.1968 FLS.Server.Service.Email.EmailSendService Sent email to recipient: trial-organizer@e2e.fls.local with subject: Neue Schnupperflug-Registrierung, and Body: <!DOCTYPE html PUBLIC "-//W3C//DTD XHTML 1.0 Transitional//EN" "http://www.w3.org/TR/xhtml1/DTD/xhtml1-transitional.dtd">
<html xmlns="http://www.w3.org/1999/xhtml">

<head>
<meta content="en-gb" http-equiv="Content-Language" />
<meta content="text/html; charset=utf-8" http-equiv="Content-Type" />
<title>Neue Schnupperflug-Registrierung</title>
<style type="text/css">

body {
    font-family: Arial, Helvetica, Sans-Serif;
    font-size: 14px;
}
</style>
</head>

<body>
<p>
Hallo
</p>
<p>
Es hat eine neue Registrierung zu einem Schnupperflug am <b>06/15/2026</b> in Speck Fehraltorf gegeben.</p>

<p>
Schnupperflug-Kandidat:<br>
PilotA Trial<br>
Musterstrasse 1<br>
8000 Zürich<br>
e2e-trial-pilot-jgxgndrcmpks4sww@e2e.fls.local<br>
Tel. Mobil: <br>
Tel. Privat: <br>
Tel. Geschäft: <br>
</p>

<p>
Rechnung an:<br>
PilotA Trial<br>
Musterstrasse 1<br>
8000 Zürich<br>
</p>

<p>
Gutschein an:<br>
Schnupperflug-Kandidat
</p>

<p>
Bemerkungen: keine
</p>

<p>
Flugzeug-Reservation: Reservation wurde erstellt.
</p>

<p>
Bitte Schnupperflug-Gutschein und Rechnung entsprechend ausstellen.
</p>

<p>
Der Schnupperflug-Kandidat soll durch den Organisator am 06/13/2026 über die Durchführung des Schnupperflugtages informiert werden. 
</p>

<p>Herzliche Grüsse</p>
<p>Flight Logging System</p>

</body>

</html>

2026-05-25 05:42:26.2138 FLS.Server.Service.Accounting.Rules.BaseAccountingRule NOT applied rule AircraftFlightTimeRule, Nr of Conditions=5, RuleApplied=False, StopRuleEngineWhenRuleApplied=False, Rule-Filter: HB-2464 Weiterbildung ohne Pauschale of type: FLS.Server.Service.Accounting.Rules.ItemRules.AircraftFlightTimeRule has conditions: '(1 EQUALS 1 ==> True),(collection: '7f2bfbdc-04f3-46b5-9ad0-5a687d040741' CONTAINS key: 34896816-6341-43b1-ad93-16a600866ae6 ==> False),(null OR (collection: '77,88,78' CONTAINS key: 63 ==> False) ==> False),('363289,897764,155264,463161,622976,686001' INTERSECTS ANY 222323 ==> False),(Value: 2820 is BETWEEN 0 and 2147483647 (incl. minValue = False; maxValue = True ==> True)' for Flight: Glider-Flight: HB-3407, Pilot: Stahel Morli, Flight-Date: 12/02/2025, Starttime: 00:00, LdgTime: 00:47, Flightcode: 63, Nr of Ldgs: 1/0, Flight-Air-State: 20, Flight-Process-State: 40
2026-05-25 05:42:26.2205 FLS.Server.Service.Accounting.Rules.BaseAccountingRule NOT applied rule AircraftFlightTimeRule, Nr of Conditions=4, RuleApplied=False, StopRuleEngineWhenRuleApplied=False, Rule-Filter: HB-1841 Schulung of type: FLS.Server.Service.Accounting.Rules.ItemRules.AircraftFlightTimeRule has conditions: '(1 EQUALS 1 ==> True),(collection: '1850f1f0-96f3-42a8-acf5-8b358dfe5103' CONTAINS key: 34896816-6341-43b1-ad93-16a600866ae6 ==> False),(null OR (collection: '70,80,66,68,69' CONTAINS key: 63 ==> False) ==> False),(Value: 2820 is BETWEEN 0 and 2147483647 (incl. minValue = False; maxValue = True ==> True)' for Flight: Glider-Flight: HB-3407, Pilot: Stahel Morli, Flight-Date: 12/02/2025, Starttime: 00:00, LdgTime: 00:47, Flightcode: 63, Nr of Ldgs: 1/0, Flight-Air-State: 20, Flight-Process-State: 40
2026-05-25 05:42:26.2374 FLS.Server.Service.Accounting.Rules.BaseAccountingRule NOT applied rule AircraftFlightTimeRule, Nr of Conditions=4, RuleApplied=False, StopRuleEngineWhenRuleApplied=False, Rule-Filter: HB-2464 Schulung of type: FLS.Server.Service.Accounting.Rules.ItemRules.AircraftFlightTimeRule has conditions: '(1 EQUALS 1 ==> True),(collection: '7f2bfbdc-04f3-46b5-9ad0-5a687d040741' CONTAINS key: 34896816-6341-43b1-ad93-16a600866ae6 ==> False),(null OR (collection: '70,80,66,68,69' CONTAINS key: 63 ==> False) ==> False),(Value: 2820 is BETWEEN 0 and 2147483647 (incl. minValue = False; maxValue = True ==> True)' for Flight: Glider-Flight: HB-3407, Pilot: Stahel Morli, Flight-Date: 12/02/2025, Starttime: 00:00, LdgTime: 00:47, Flightcode: 63, Nr of Ldgs: 1/0, Flight-Air-State: 20, Flight-Process-State: 40
2026-05-25 05:42:26.2545 FLS.Server.Service.Email.EmailSendService Sent email to recipient: trial-organizer@e2e.fls.local with subject: Neue Schnupperflug-Registrierung, and Body: <!DOCTYPE html PUBLIC "-//W3C//DTD XHTML 1.0 Transitional//EN" "http://www.w3.org/TR/xhtml1/DTD/xhtml1-transitional.dtd">
<html xmlns="http://www.w3.org/1999/xhtml">

<head>
<meta content="en-gb" http-equiv="Content-Language" />
<meta content="text/html; charset=utf-8" http-equiv="Content-Type" />
<title>Neue Schnupperflug-Registrierung</title>
<style type="text/css">

body {
    font-family: Arial, Helvetica, Sans-Serif;
    font-size: 14px;
}
</style>
</head>

<body>
<p>
Hallo
</p>
<p>
Es hat eine neue Registrierung zu einem Schnupperflug am <b>06/15/2026</b> in Speck Fehraltorf gegeben.</p>

<p>
Schnupperflug-Kandidat:<br>
OrgTestmpks4t1j Trial<br>
Musterstrasse 1<br>
8000 Zürich<br>
e2e-trial-pilot-n77nmf3qmpks4t1j@e2e.fls.local<br>
Tel. Mobil: <br>
Tel. Privat: <br>
Tel. Geschäft: <br>
</p>

<p>
Rechnung an:<br>
OrgTestmpks4t1j Trial<br>
Musterstrasse 1<br>
8000 Zürich<br>
</p>

<p>
Gutschein an:<br>
Schnupperflug-Kandidat
</p>

<p>
Bemerkungen: keine
</p>

<p>
Flugzeug-Reservation: Reservation wurde erstellt.
</p>

<p>
Bitte Schnupperflug-Gutschein und Rechnung entsprechend ausstellen.
</p>

<p>
Der Schnupperflug-Kandidat soll durch den Organisator am 06/13/2026 über die Durchführung des Schnupperflugtages informiert werden. 
</p>

<p>Herzliche Grüsse</p>
<p>Flight Logging System</p>

</body>

</html>

2026-05-25 05:42:26.2445 FLS.Server.Service.Accounting.Rules.BaseAccountingRule NOT applied rule AircraftFlightTimeRule, Nr of Conditions=4, RuleApplied=False, StopRuleEngineWhenRuleApplied=False, Rule-Filter: HB-3256 Schulung of type: FLS.Server.Service.Accounting.Rules.ItemRules.AircraftFlightTimeRule has conditions: '(1 EQUALS 1 ==> True),(collection: '4aa36c51-802a-4d94-a227-7a5286b3964c' CONTAINS key: 34896816-6341-43b1-ad93-16a600866ae6 ==> False),(null OR (collection: '70,80,66,68,69' CONTAINS key: 63 ==> False) ==> False),(Value: 2820 is BETWEEN 0 and 2147483647 (incl. minValue = False; maxValue = True ==> True)' for Flight: Glider-Flight: HB-3407, Pilot: Stahel Morli, Flight-Date: 12/02/2025, Starttime: 00:00, LdgTime: 00:47, Flightcode: 63, Nr of Ldgs: 1/0, Flight-Air-State: 20, Flight-Process-State: 40
2026-05-25 05:42:26.2543 FLS.Server.Data.FLSDataEntities Insert AccountingRuleFilter with data: [AccountingRuleFilter -> AccountingRuleFilterId: 286011f8-81aa-4766-a997-a50961d4cf7e, ClubId: 0fa7b76f-47ba-4138-8f96-671400fd7c83, AccountingRuleFilterTypeId: 30, RuleFilterName: HB-3407 Weiterbildung mit Pauschale, Description: , IsActive: True, SortIndicator: 12, ArticleTarget: {"ArticleNumber":"1186","DeliveryLineText":"Weiterbildung mit Pauschale"}, RecipientTarget: , StopRuleEngineWhenRuleApplied: False, IsRuleForGliderFlights: True, IsRuleForTowingFlights: True, IsRuleForMotorFlights: False, UseRuleForAllAircraftsExceptListed: False, MatchedAircraftImmatriculations: ["HB-3407"], UseRuleForAllStartTypesExceptListed: True, MatchedStartTypes: [], UseRuleForAllFlightTypesExceptListed: False, MatchedFlightTypeCodes: ["77","88","78"], ExtendMatchingFlightTypeCodesToGliderAndTowFlight: False, UseRuleForAllStartLocationsExceptListed: True, MatchedStartLocations: [], UseRuleForAllLdgLocationsExceptListed: True, MatchedLdgLocations: [], UseRuleForAllClubMemberNumbersExceptListed: True, MatchedClubMemberNumbers: ["363289","897764","155264","463161","622976","686001"], UseRuleForAllFlightCrewTypesExceptListed: True, MatchedFlightCrewTypes: [], UseRuleForAllAircraftsOnHomebaseExceptListed: True, MatchedAircraftsHomebase: [], UseRuleForAllMemberStatesExceptListed: True, MatchedMemberStates: [], UseRuleForAllPersonCategoriesExceptListed: True, MatchedPersonCategories: [], IsChargedToClubInternal: False, MinFlightTimeInSecondsMatchingValue: 0, MaxFlightTimeInSecondsMatchingValue: 2147483647, MinEngineTimeInSecondsMatchingValue: 0, MaxEngineTimeInSecondsMatchingValue: 2147483647, IncludeThresholdText: False, ThresholdText: , IncludeFlightTypeName: True, NoLandingTaxForGlider: False, NoLandingTaxForTowingAircraft: False, NoLandingTaxForAircraft: False, AccountingUnitTypeId: 10, CreatedOn: 05/25/2026 05:42:26, CreatedByUserId: 36073196-1ee3-4a97-a3fa-f5f60039f041, ModifiedOn: , ModifiedByUserId: , DeletedOn: , DeletedByUserId: , RecordState: 1, OwnerId: 0fa7b76f-47ba-4138-8f96-671400fd7c83, OwnershipType: 2, IsDeleted: False, Id: 286011f8-81aa-4766-a997-a50961d4cf7e,  <- AccountingRuleFilter]

2026-05-25 05:42:26.2685 FLS.Server.Service.Accounting.RuleEngines.DeliveryItemRulesEngine No aircraft flight time mapping rule found for flight: Glider-Flight: HB-3407, Pilot: Stahel Morli, Flight-Date: 12/02/2025, Starttime: 00:00, LdgTime: 00:47, Flightcode: 63, Nr of Ldgs: 1/0, Flight-Air-State: 20, Flight-Process-State: 40.
2026-05-25 05:42:26.2890 FLS.Server.Service.Accounting.Rules.BaseAccountingRule NOT applied rule InstructorFeeRule, Nr of Conditions=2, RuleApplied=False, StopRuleEngineWhenRuleApplied=False, Rule-Filter: Instruktor-Honorar Thomas of type: FLS.Server.Service.Accounting.Rules.ItemRules.InstructorFeeRule has conditions: '(1 EQUALS 1 ==> True),('888888' INTERSECTS ANY  ==> False)' for Flight: Glider-Flight: HB-3407, Pilot: Stahel Morli, Flight-Date: 12/02/2025, Starttime: 00:00, LdgTime: 00:47, Flightcode: 63, Nr of Ldgs: 1/0, Flight-Air-State: 20, Flight-Process-State: 40
2026-05-25 05:42:26.3111 FLS.Server.Service.Accounting.Rules.BaseAccountingRule NOT applied rule InstructorFeeRule, Nr of Conditions=2, RuleApplied=False, StopRuleEngineWhenRuleApplied=False, Rule-Filter: Instruktor-Honorar Silvan of type: FLS.Server.Service.Accounting.Rules.ItemRules.InstructorFeeRule has conditions: '(1 EQUALS 1 ==> True),('999999' INTERSECTS ANY  ==> False)' for Flight: Glider-Flight: HB-3407, Pilot: Stahel Morli, Flight-Date: 12/02/2025, Starttime: 00:00, LdgTime: 00:47, Flightcode: 63, Nr of Ldgs: 1/0, Flight-Air-State: 20, Flight-Process-State: 40
2026-05-25 05:42:26.3307 FLS.Server.Service.Accounting.Rules.BaseAccountingRule NOT applied rule InstructorFeeRule, Nr of Conditions=2, RuleApplied=False, StopRuleEngineWhenRuleApplied=False, Rule-Filter: Instruktor-Honorar Päde of type: FLS.Server.Service.Accounting.Rules.ItemRules.InstructorFeeRule has conditions: '(1 EQUALS 1 ==> True),('836001' INTERSECTS ANY  ==> False)' for Flight: Glider-Flight: HB-3407, Pilot: Stahel Morli, Flight-Date: 12/02/2025, Starttime: 00:00, LdgTime: 00:47, Flightcode: 63, Nr of Ldgs: 1/0, Flight-Air-State: 20, Flight-Process-State: 40
2026-05-25 05:42:26.3991 FLS.Server.Service.Accounting.Rules.BaseAccountingRule NOT applied rule InstructorFeeRule, Nr of Conditions=2, RuleApplied=False, StopRuleEngineWhenRuleApplied=False, Rule-Filter: Instruktor-Honorar Karl of type: FLS.Server.Service.Accounting.Rules.ItemRules.InstructorFeeRule has conditions: '(1 EQUALS 1 ==> True),('424976' INTERSECTS ANY  ==> False)' for Flight: Glider-Flight: HB-3407, Pilot: Stahel Morli, Flight-Date: 12/02/2025, Starttime: 00:00, LdgTime: 00:47, Flightcode: 63, Nr of Ldgs: 1/0, Flight-Air-State: 20, Flight-Process-State: 40
2026-05-25 05:42:26.4366 FLS.Server.Service.Accounting.Rules.BaseAccountingRule NOT applied rule InstructorFeeRule, Nr of Conditions=2, RuleApplied=False, StopRuleEngineWhenRuleApplied=False, Rule-Filter: Instruktor-Honorar HUK of type: FLS.Server.Service.Accounting.Rules.ItemRules.InstructorFeeRule has conditions: '(1 EQUALS 1 ==> True),('536594' INTERSECTS ANY  ==> False)' for Flight: Glider-Flight: HB-3407, Pilot: Stahel Morli, Flight-Date: 12/02/2025, Starttime: 00:00, LdgTime: 00:47, Flightcode: 63, Nr of Ldgs: 1/0, Flight-Air-State: 20, Flight-Process-State: 40
2026-05-25 05:42:26.4396 FLS.Server.Service.RegistrationService New passenger flight registration with following data (JSON): {"ClubKey":"TestClub","Firstname":"Pax","Lastname":"SampleA","AddressLine1":"Bergstrasse 2","ZipCode":"3000","City":"Bern","CountryId":null,"PrivateEmail":"e2e-passenger-5j6h3q3ampks4tok@e2e.fls.local","MobilePhoneNumber":null,"PrivatePhoneNumber":null,"BusinessPhoneNumber":null,"InvoiceAddressIsSame":true,"InvoiceToFirstname":null,"InvoiceToLastname":null,"InvoiceToAddressLine1":null,"InvoiceToZipCode":null,"InvoiceToCity":null,"InvoiceToCountryId":null,"NotificationEmail":null,"SendCouponToInvoiceAddress":false,"Remarks":null}
2026-05-25 05:42:26.4841 FLS.Server.Data.FLSDataEntities Insert AccountingRuleFilter with data: [AccountingRuleFilter -> AccountingRuleFilterId: 09291423-36e6-4474-a899-18d05fc90d5d, ClubId: 0fa7b76f-47ba-4138-8f96-671400fd7c83, AccountingRuleFilterTypeId: 30, RuleFilterName: HB-1841 Weiterbildung mit Pauschale, Description: , IsActive: True, SortIndicator: 13, ArticleTarget: {"ArticleNumber":"1189","DeliveryLineText":"Weiterbildung mit Pauschale"}, RecipientTarget: , StopRuleEngineWhenRuleApplied: False, IsRuleForGliderFlights: True, IsRuleForTowingFlights: True, IsRuleForMotorFlights: False, UseRuleForAllAircraftsExceptListed: False, MatchedAircraftImmatriculations: ["HB-1841"], UseRuleForAllStartTypesExceptListed: True, MatchedStartTypes: [], UseRuleForAllFlightTypesExceptListed: False, MatchedFlightTypeCodes: ["77","88","78"], ExtendMatchingFlightTypeCodesToGliderAndTowFlight: False, UseRuleForAllStartLocationsExceptListed: True, MatchedStartLocations: [], UseRuleForAllLdgLocationsExceptListed: True, MatchedLdgLocations: [], UseRuleForAllClubMemberNumbersExceptListed: True, MatchedClubMemberNumbers: ["363289","897764","155264","463161","622976","686001"], UseRuleForAllFlightCrewTypesExceptListed: True, MatchedFlightCrewTypes: [], UseRuleForAllAircraftsOnHomebaseExceptListed: True, MatchedAircraftsHomebase: [], UseRuleForAllMemberStatesExceptListed: True, MatchedMemberStates: [], UseRuleForAllPersonCategoriesExceptListed: True, MatchedPersonCategories: [], IsChargedToClubInternal: False, MinFlightTimeInSecondsMatchingValue: 0, MaxFlightTimeInSecondsMatchingValue: 2147483647, MinEngineTimeInSecondsMatchingValue: 0, MaxEngineTimeInSecondsMatchingValue: 2147483647, IncludeThresholdText: False, ThresholdText: , IncludeFlightTypeName: True, NoLandingTaxForGlider: False, NoLandingTaxForTowingAircraft: False, NoLandingTaxForAircraft: False, AccountingUnitTypeId: 10, CreatedOn: 05/25/2026 05:42:26, CreatedByUserId: 36073196-1ee3-4a97-a3fa-f5f60039f041, ModifiedOn: , ModifiedByUserId: , DeletedOn: , DeletedByUserId: , RecordState: 1, OwnerId: 0fa7b76f-47ba-4138-8f96-671400fd7c83, OwnershipType: 2, IsDeleted: False, Id: 09291423-36e6-4474-a899-18d05fc90d5d,  <- AccountingRuleFilter]

2026-05-25 05:42:26.4869 FLS.Server.Service.Accounting.Rules.BaseAccountingRule Added new delivery item line to delivery. Line: Pos: 1 Product: 9055 Text: e2e starttax Qty: 1 of type: Start Discount: 0% Add. Info: 
2026-05-25 05:42:26.5089 FLS.Server.Data.FLSDataEntities Insert Person with data: [Person -> PersonId: 1ed6c558-25aa-4809-a869-a618e5453b6a, Lastname: SampleA, Firstname: Pax, Midname: , CompanyName: , AddressLine1: Bergstrasse 2, AddressLine2: , Zip: 3000, City: Bern, Region: , CountryId: , PrivatePhone: , MobilePhone: , BusinessPhone: , FaxNumber: , EmailPrivate: e2e-passenger-5j6h3q3ampks4tok@e2e.fls.local, EmailBusiness: , PreferMailToBusinessMail: False, Birthday: , HasMotorPilotLicence: False, HasTowPilotLicence: False, HasGliderInstructorLicence: False, HasGliderPilotLicence: False, HasGliderTraineeLicence: False, HasGliderPAXLicence: False, HasTMGLicence: False, HasWinchOperatorLicence: False, HasMotorInstructorLicence: False, HasPartMLicence: False, LicenceNumber: , MedicalClass1ExpireDate: , MedicalClass2ExpireDate: , MedicalLaplExpireDate: , GliderInstructorLicenceExpireDate: , MotorInstructorLicenceExpireDate: , PartMLicenceExpireDate: , HasGliderTowingStartPermission: False, HasGliderSelfStartPermission: False, HasGliderWinchStartPermission: False, SpotLink: , ReceiveOwnedAircraftStatisticReports: False, EnableAddress: False, IsFastEntryRecord: False, CreatedOn: 05/25/2026 05:42:26, CreatedByUserId: 36073196-1ee3-4a97-a3fa-f5f60039f041, ModifiedOn: , ModifiedByUserId: , DeletedOn: , DeletedByUserId: , RecordState: 1, OwnerId: 0fa7b76f-47ba-4138-8f96-671400fd7c83, OwnershipType: 2, IsDeleted: False, DisplayName: SampleA Pax, EmailAddressForCommunication: e2e-passenger-5j6h3q3ampks4tok@e2e.fls.local, Id: 1ed6c558-25aa-4809-a869-a618e5453b6a, DoNotUpdateTimeStampsInMetaData: False,  <- Person]

2026-05-25 05:42:26.5161 FLS.Server.Service.Accounting.Rules.BaseAccountingRule Applied rule StartTaxRule, Nr of Conditions=2, RuleApplied=True, StopRuleEngineWhenRuleApplied=False, Rule-Filter: e2e StartTax of type: FLS.Server.Service.Accounting.Rules.ItemRules.StartTaxRule has conditions: '(1 EQUALS 1 ==> True),(Value: 2820 is BETWEEN 0 and 2147483647 (incl. minValue = False; maxValue = True ==> True)' for Flight: Glider-Flight: HB-3407, Pilot: Stahel Morli, Flight-Date: 12/02/2025, Starttime: 00:00, LdgTime: 00:47, Flightcode: 63, Nr of Ldgs: 1/0, Flight-Air-State: 20, Flight-Process-State: 40
2026-05-25 05:42:26.5277 FLS.Server.Data.FLSDataEntities Insert PersonClub with data: [PersonClub -> PersonId: 00000000-0000-0000-0000-000000000000, ClubId: 0fa7b76f-47ba-4138-8f96-671400fd7c83, MemberNumber: , MemberStateId: , IsMotorPilot: False, IsTowPilot: False, IsGliderInstructor: False, IsGliderPilot: False, IsGliderTrainee: False, IsPassenger: False, IsWinchOperator: False, IsMotorInstructor: False, ReceiveFlightReports: False, ReceiveAircraftReservationNotifications: False, ReceivePlanningDayRoleReminder: False, IsActive: False, CreatedOn: 05/25/2026 05:42:26, CreatedByUserId: 36073196-1ee3-4a97-a3fa-f5f60039f041, ModifiedOn: , ModifiedByUserId: , DeletedOn: , DeletedByUserId: , RecordState: 1, OwnerId: 0fa7b76f-47ba-4138-8f96-671400fd7c83, OwnershipType: 2, IsDeleted: False, Id: 00000000-0000-0000-0000-000000000000, DoNotUpdateTimeStampsInMetaData: False,  <- PersonClub]

2026-05-25 05:42:26.5407 FLS.Server.Service.Accounting.Rules.BaseAccountingRule Added new delivery item line to delivery. Line: Pos: 2 Product: 1003 Text: VSF-Gebühr Qty: 1 of type: Landung Discount: 0% Add. Info: 
2026-05-25 05:42:26.5713 FLS.Server.Service.Accounting.Rules.BaseAccountingRule Applied rule VsfFeeRule, Nr of Conditions=2, RuleApplied=True, StopRuleEngineWhenRuleApplied=False, Rule-Filter: VSF-Gebühr of type: FLS.Server.Service.Accounting.Rules.ItemRules.VsfFeeRule has conditions: '(1 EQUALS 1 ==> True),(collection: '5bfd35f5-1183-4f7a-84b5-8c0c19288ed3' CONTAINS key: 5bfd35f5-1183-4f7a-84b5-8c0c19288ed3 ==> True)' for Flight: Glider-Flight: HB-3407, Pilot: Stahel Morli, Flight-Date: 12/02/2025, Starttime: 00:00, LdgTime: 00:47, Flightcode: 63, Nr of Ldgs: 1/0, Flight-Air-State: 20, Flight-Process-State: 40
2026-05-25 05:42:26.5887 FLS.Server.Service.Accounting.Rules.BaseAccountingRule NOT applied rule VsfFeeOnStartLocationRule, Nr of Conditions=2, RuleApplied=False, StopRuleEngineWhenRuleApplied=False, Rule-Filter: VSF-Gebühr of type: FLS.Server.Service.Accounting.Rules.ItemRules.VsfFeeOnStartLocationRule has conditions: '(1 EQUALS 1 ==> True),(False EQUALS True ==> False)' for Flight: Glider-Flight: HB-3407, Pilot: Stahel Morli, Flight-Date: 12/02/2025, Starttime: 00:00, LdgTime: 00:47, Flightcode: 63, Nr of Ldgs: 1/0, Flight-Air-State: 20, Flight-Process-State: 40
2026-05-25 05:42:26.6007 FLS.Server.Service.BaseService Created accounting for Stahel Morli: Flight-Date: 12/02/2025 Aircraft: HB-3407 Nr of Lines: 2
2026-05-25 05:42:26.6113 FLS.Server.Service.RegistrationService New passenger flight registration with following data (JSON): {"ClubKey":"TestClub","Firstname":"Pax","Lastname":"OrgTestmpks4ttk","AddressLine1":"Bergstrasse 2","ZipCode":"3000","City":"Bern","CountryId":null,"PrivateEmail":"e2e-passenger-8481y7vxmpks4ttk@e2e.fls.local","MobilePhoneNumber":null,"PrivatePhoneNumber":null,"BusinessPhoneNumber":null,"InvoiceAddressIsSame":true,"InvoiceToFirstname":null,"InvoiceToLastname":null,"InvoiceToAddressLine1":null,"InvoiceToZipCode":null,"InvoiceToCity":null,"InvoiceToCountryId":null,"NotificationEmail":null,"SendCouponToInvoiceAddress":false,"Remarks":null}
2026-05-25 05:42:26.6538 FLS.Server.Data.FLSDataEntities Insert Person with data: [Person -> PersonId: 65fad017-7bf8-44e0-9ae2-066b82ecbad5, Lastname: OrgTestmpks4ttk, Firstname: Pax, Midname: , CompanyName: , AddressLine1: Bergstrasse 2, AddressLine2: , Zip: 3000, City: Bern, Region: , CountryId: , PrivatePhone: , MobilePhone: , BusinessPhone: , FaxNumber: , EmailPrivate: e2e-passenger-8481y7vxmpks4ttk@e2e.fls.local, EmailBusiness: , PreferMailToBusinessMail: False, Birthday: , HasMotorPilotLicence: False, HasTowPilotLicence: False, HasGliderInstructorLicence: False, HasGliderPilotLicence: False, HasGliderTraineeLicence: False, HasGliderPAXLicence: False, HasTMGLicence: False, HasWinchOperatorLicence: False, HasMotorInstructorLicence: False, HasPartMLicence: False, LicenceNumber: , MedicalClass1ExpireDate: , MedicalClass2ExpireDate: , MedicalLaplExpireDate: , GliderInstructorLicenceExpireDate: , MotorInstructorLicenceExpireDate: , PartMLicenceExpireDate: , HasGliderTowingStartPermission: False, HasGliderSelfStartPermission: False, HasGliderWinchStartPermission: False, SpotLink: , ReceiveOwnedAircraftStatisticReports: False, EnableAddress: False, IsFastEntryRecord: False, CreatedOn: 05/25/2026 05:42:26, CreatedByUserId: 36073196-1ee3-4a97-a3fa-f5f60039f041, ModifiedOn: , ModifiedByUserId: , DeletedOn: , DeletedByUserId: , RecordState: 1, OwnerId: 0fa7b76f-47ba-4138-8f96-671400fd7c83, OwnershipType: 2, IsDeleted: False, DisplayName: OrgTestmpks4ttk Pax, EmailAddressForCommunication: e2e-passenger-8481y7vxmpks4ttk@e2e.fls.local, Id: 65fad017-7bf8-44e0-9ae2-066b82ecbad5, DoNotUpdateTimeStampsInMetaData: False,  <- Person]

2026-05-25 05:42:26.6493 FLS.Server.Data.FLSDataEntities Insert AccountingRuleFilter with data: [AccountingRuleFilter -> AccountingRuleFilterId: 47023ba5-2ef7-44a5-9f90-20e0ee2c8a05, ClubId: 0fa7b76f-47ba-4138-8f96-671400fd7c83, AccountingRuleFilterTypeId: 30, RuleFilterName: HB-1824 Weiterbildung mit Pauschale, Description: , IsActive: True, SortIndicator: 14, ArticleTarget: {"ArticleNumber":"1188","DeliveryLineText":"Weiterbildung mit Pauschale"}, RecipientTarget: , StopRuleEngineWhenRuleApplied: False, IsRuleForGliderFlights: True, IsRuleForTowingFlights: True, IsRuleForMotorFlights: False, UseRuleForAllAircraftsExceptListed: False, MatchedAircraftImmatriculations: ["HB-1824"], UseRuleForAllStartTypesExceptListed: True, MatchedStartTypes: [], UseRuleForAllFlightTypesExceptListed: False, MatchedFlightTypeCodes: ["77","88","78"], ExtendMatchingFlightTypeCodesToGliderAndTowFlight: False, UseRuleForAllStartLocationsExceptListed: True, MatchedStartLocations: [], UseRuleForAllLdgLocationsExceptListed: True, MatchedLdgLocations: [], UseRuleForAllClubMemberNumbersExceptListed: True, MatchedClubMemberNumbers: ["363289","897764","155264","463161","622976","686001"], UseRuleForAllFlightCrewTypesExceptListed: True, MatchedFlightCrewTypes: [], UseRuleForAllAircraftsOnHomebaseExceptListed: True, MatchedAircraftsHomebase: [], UseRuleForAllMemberStatesExceptListed: True, MatchedMemberStates: [], UseRuleForAllPersonCategoriesExceptListed: True, MatchedPersonCategories: [], IsChargedToClubInternal: False, MinFlightTimeInSecondsMatchingValue: 0, MaxFlightTimeInSecondsMatchingValue: 2147483647, MinEngineTimeInSecondsMatchingValue: 0, MaxEngineTimeInSecondsMatchingValue: 2147483647, IncludeThresholdText: False, ThresholdText: , IncludeFlightTypeName: True, NoLandingTaxForGlider: False, NoLandingTaxForTowingAircraft: False, NoLandingTaxForAircraft: False, AccountingUnitTypeId: 10, CreatedOn: 05/25/2026 05:42:26, CreatedByUserId: 36073196-1ee3-4a97-a3fa-f5f60039f041, ModifiedOn: , ModifiedByUserId: , DeletedOn: , DeletedByUserId: , RecordState: 1, OwnerId: 0fa7b76f-47ba-4138-8f96-671400fd7c83, OwnershipType: 2, IsDeleted: False, Id: 47023ba5-2ef7-44a5-9f90-20e0ee2c8a05,  <- AccountingRuleFilter]

2026-05-25 05:42:26.6679 FLS.Server.Data.FLSDataEntities Insert PersonClub with data: [PersonClub -> PersonId: 00000000-0000-0000-0000-000000000000, ClubId: 0fa7b76f-47ba-4138-8f96-671400fd7c83, MemberNumber: , MemberStateId: , IsMotorPilot: False, IsTowPilot: False, IsGliderInstructor: False, IsGliderPilot: False, IsGliderTrainee: False, IsPassenger: False, IsWinchOperator: False, IsMotorInstructor: False, ReceiveFlightReports: False, ReceiveAircraftReservationNotifications: False, ReceivePlanningDayRoleReminder: False, IsActive: False, CreatedOn: 05/25/2026 05:42:26, CreatedByUserId: 36073196-1ee3-4a97-a3fa-f5f60039f041, ModifiedOn: , ModifiedByUserId: , DeletedOn: , DeletedByUserId: , RecordState: 1, OwnerId: 0fa7b76f-47ba-4138-8f96-671400fd7c83, OwnershipType: 2, IsDeleted: False, Id: 00000000-0000-0000-0000-000000000000, DoNotUpdateTimeStampsInMetaData: False,  <- PersonClub]

2026-05-25 05:42:26.7063 FLS.Server.Service.Email.EmailSendService Sent email to recipient: e2e-passenger-5j6h3q3ampks4tok@e2e.fls.local with subject: Bestätigung für Passagierflug-Registrierung, and Body: <html><body>Hallo Pax SampleA</body></html>
2026-05-25 05:42:26.7202 FLS.Server.Data.FLSDataEntities Delete AccountingRuleFilter with Data: [AccountingRuleFilter -> AccountingRuleFilterId: 5eeb32fd-6d2b-4698-9978-38680b0ee9a1, ClubId: 0fa7b76f-47ba-4138-8f96-671400fd7c83, AccountingRuleFilterTypeId: 55, RuleFilterName: e2e StartTax, Description: e2e #32: e2e StartTax, IsActive: True, SortIndicator: 1000, ArticleTarget: {"ArticleNumber":"9055","DeliveryLineText":"e2e starttax"}, RecipientTarget: , StopRuleEngineWhenRuleApplied: False, IsRuleForGliderFlights: True, IsRuleForTowingFlights: True, IsRuleForMotorFlights: True, UseRuleForAllAircraftsExceptListed: True, MatchedAircraftImmatriculations: [], UseRuleForAllStartTypesExceptListed: True, MatchedStartTypes: [], UseRuleForAllFlightTypesExceptListed: True, MatchedFlightTypeCodes: [], ExtendMatchingFlightTypeCodesToGliderAndTowFlight: False, UseRuleForAllStartLocationsExceptListed: True, MatchedStartLocations: [], UseRuleForAllLdgLocationsExceptListed: True, MatchedLdgLocations: [], UseRuleForAllClubMemberNumbersExceptListed: True, MatchedClubMemberNumbers: [], UseRuleForAllFlightCrewTypesExceptListed: True, MatchedFlightCrewTypes: [], UseRuleForAllAircraftsOnHomebaseExceptListed: True, MatchedAircraftsHomebase: [], UseRuleForAllMemberStatesExceptListed: True, MatchedMemberStates: [], UseRuleForAllPersonCategoriesExceptListed: True, MatchedPersonCategories: [], IsChargedToClubInternal: False, MinFlightTimeInSecondsMatchingValue: 0, MaxFlightTimeInSecondsMatchingValue: 2147483647, MinEngineTimeInSecondsMatchingValue: 0, MaxEngineTimeInSecondsMatchingValue: 2147483647, IncludeThresholdText: False, ThresholdText: , IncludeFlightTypeName: False, NoLandingTaxForGlider: False, NoLandingTaxForTowingAircraft: False, NoLandingTaxForAircraft: False, AccountingUnitTypeId: , CreatedOn: 05/25/2026 05:42:25, CreatedByUserId: 36073196-1ee3-4a97-a3fa-f5f60039f041, ModifiedOn: , ModifiedByUserId: , DeletedOn: 05/25/2026 05:42:26, DeletedByUserId: 36073196-1ee3-4a97-a3fa-f5f60039f041, RecordState: 99, OwnerId: 0fa7b76f-47ba-4138-8f96-671400fd7c83, OwnershipType: 2, IsDeleted: False, Id: 5eeb32fd-6d2b-4698-9978-38680b0ee9a1,  <- AccountingRuleFilter]

2026-05-25 05:42:26.7402 FLS.Server.Data.FLSDataEntities Insert AccountingRuleFilter with data: [AccountingRuleFilter -> AccountingRuleFilterId: dd22c7aa-5b95-44dd-96f0-02470cbc93c7, ClubId: 0fa7b76f-47ba-4138-8f96-671400fd7c83, AccountingRuleFilterTypeId: 30, RuleFilterName: HB-2464 Weiterbildung mit Pauschale, Description: , IsActive: True, SortIndicator: 15, ArticleTarget: {"ArticleNumber":"1190","DeliveryLineText":"Weiterbildung mit Pauschale"}, RecipientTarget: , StopRuleEngineWhenRuleApplied: False, IsRuleForGliderFlights: True, IsRuleForTowingFlights: True, IsRuleForMotorFlights: False, UseRuleForAllAircraftsExceptListed: False, MatchedAircraftImmatriculations: ["HB-2464"], UseRuleForAllStartTypesExceptListed: True, MatchedStartTypes: [], UseRuleForAllFlightTypesExceptListed: False, MatchedFlightTypeCodes: ["77","88","78"], ExtendMatchingFlightTypeCodesToGliderAndTowFlight: False, UseRuleForAllStartLocationsExceptListed: True, MatchedStartLocations: [], UseRuleForAllLdgLocationsExceptListed: True, MatchedLdgLocations: [], UseRuleForAllClubMemberNumbersExceptListed: True, MatchedClubMemberNumbers: ["363289","897764","155264","463161","622976","686001"], UseRuleForAllFlightCrewTypesExceptListed: True, MatchedFlightCrewTypes: [], UseRuleForAllAircraftsOnHomebaseExceptListed: True, MatchedAircraftsHomebase: [], UseRuleForAllMemberStatesExceptListed: True, MatchedMemberStates: [], UseRuleForAllPersonCategoriesExceptListed: True, MatchedPersonCategories: [], IsChargedToClubInternal: False, MinFlightTimeInSecondsMatchingValue: 0, MaxFlightTimeInSecondsMatchingValue: 2147483647, MinEngineTimeInSecondsMatchingValue: 0, MaxEngineTimeInSecondsMatchingValue: 2147483647, IncludeThresholdText: False, ThresholdText: , IncludeFlightTypeName: True, NoLandingTaxForGlider: False, NoLandingTaxForTowingAircraft: False, NoLandingTaxForAircraft: False, AccountingUnitTypeId: 10, CreatedOn: 05/25/2026 05:42:26, CreatedByUserId: 36073196-1ee3-4a97-a3fa-f5f60039f041, ModifiedOn: , ModifiedByUserId: , DeletedOn: , DeletedByUserId: , RecordState: 1, OwnerId: 0fa7b76f-47ba-4138-8f96-671400fd7c83, OwnershipType: 2, IsDeleted: False, Id: dd22c7aa-5b95-44dd-96f0-02470cbc93c7,  <- AccountingRuleFilter]

2026-05-25 05:42:26.7837 FLS.Server.Data.FLSDataEntities Insert AccountingRuleFilter with data: [AccountingRuleFilter -> AccountingRuleFilterId: facd32a2-fedc-40d8-85a8-288326f82b73, ClubId: 0fa7b76f-47ba-4138-8f96-671400fd7c83, AccountingRuleFilterTypeId: 60, RuleFilterName: e2e LandingTax, Description: e2e #32: e2e LandingTax, IsActive: True, SortIndicator: 1000, ArticleTarget: {"ArticleNumber":"9060","DeliveryLineText":"e2e landingtax"}, RecipientTarget: , StopRuleEngineWhenRuleApplied: False, IsRuleForGliderFlights: True, IsRuleForTowingFlights: True, IsRuleForMotorFlights: True, UseRuleForAllAircraftsExceptListed: True, MatchedAircraftImmatriculations: [], UseRuleForAllStartTypesExceptListed: True, MatchedStartTypes: [], UseRuleForAllFlightTypesExceptListed: True, MatchedFlightTypeCodes: [], ExtendMatchingFlightTypeCodesToGliderAndTowFlight: False, UseRuleForAllStartLocationsExceptListed: True, MatchedStartLocations: [], UseRuleForAllLdgLocationsExceptListed: True, MatchedLdgLocations: [], UseRuleForAllClubMemberNumbersExceptListed: True, MatchedClubMemberNumbers: [], UseRuleForAllFlightCrewTypesExceptListed: True, MatchedFlightCrewTypes: [], UseRuleForAllAircraftsOnHomebaseExceptListed: True, MatchedAircraftsHomebase: [], UseRuleForAllMemberStatesExceptListed: True, MatchedMemberStates: [], UseRuleForAllPersonCategoriesExceptListed: True, MatchedPersonCategories: [], IsChargedToClubInternal: False, MinFlightTimeInSecondsMatchingValue: 0, MaxFlightTimeInSecondsMatchingValue: 2147483647, MinEngineTimeInSecondsMatchingValue: 0, MaxEngineTimeInSecondsMatchingValue: 2147483647, IncludeThresholdText: False, ThresholdText: , IncludeFlightTypeName: False, NoLandingTaxForGlider: False, NoLandingTaxForTowingAircraft: False, NoLandingTaxForAircraft: False, AccountingUnitTypeId: 30, CreatedOn: 05/25/2026 05:42:26, CreatedByUserId: 36073196-1ee3-4a97-a3fa-f5f60039f041, ModifiedOn: , ModifiedByUserId: , DeletedOn: , DeletedByUserId: , RecordState: 1, OwnerId: 0fa7b76f-47ba-4138-8f96-671400fd7c83, OwnershipType: 2, IsDeleted: False, Id: facd32a2-fedc-40d8-85a8-288326f82b73,  <- AccountingRuleFilter]

2026-05-25 05:42:26.7956 FLS.Server.Data.FLSDataEntities Insert AccountingRuleFilter with data: [AccountingRuleFilter -> AccountingRuleFilterId: a9df4f39-dd4e-435a-aec7-f1d7f9a1b86f, ClubId: 0fa7b76f-47ba-4138-8f96-671400fd7c83, AccountingRuleFilterTypeId: 30, RuleFilterName: HB-3256 Privat, Description: , IsActive: True, SortIndicator: 1, ArticleTarget: {"ArticleNumber":"1058","DeliveryLineText":"Privat"}, RecipientTarget: , StopRuleEngineWhenRuleApplied: False, IsRuleForGliderFlights: True, IsRuleForTowingFlights: True, IsRuleForMotorFlights: False, UseRuleForAllAircraftsExceptListed: False, MatchedAircraftImmatriculations: ["HB-3256"], UseRuleForAllStartTypesExceptListed: True, MatchedStartTypes: [], UseRuleForAllFlightTypesExceptListed: True, MatchedFlightTypeCodes: ["70","80","66","68","69","77","88","78"], ExtendMatchingFlightTypeCodesToGliderAndTowFlight: False, UseRuleForAllStartLocationsExceptListed: True, MatchedStartLocations: [], UseRuleForAllLdgLocationsExceptListed: True, MatchedLdgLocations: [], UseRuleForAllClubMemberNumbersExceptListed: True, MatchedClubMemberNumbers: [], UseRuleForAllFlightCrewTypesExceptListed: True, MatchedFlightCrewTypes: [], UseRuleForAllAircraftsOnHomebaseExceptListed: True, MatchedAircraftsHomebase: [], UseRuleForAllMemberStatesExceptListed: True, MatchedMemberStates: [], UseRuleForAllPersonCategoriesExceptListed: True, MatchedPersonCategories: [], IsChargedToClubInternal: False, MinFlightTimeInSecondsMatchingValue: 0, MaxFlightTimeInSecondsMatchingValue: 2147483647, MinEngineTimeInSecondsMatchingValue: 0, MaxEngineTimeInSecondsMatchingValue: 2147483647, IncludeThresholdText: False, ThresholdText: , IncludeFlightTypeName: True, NoLandingTaxForGlider: False, NoLandingTaxForTowingAircraft: False, NoLandingTaxForAircraft: False, AccountingUnitTypeId: 10, CreatedOn: 05/25/2026 05:42:26, CreatedByUserId: 36073196-1ee3-4a97-a3fa-f5f60039f041, ModifiedOn: , ModifiedByUserId: , DeletedOn: , DeletedByUserId: , RecordState: 1, OwnerId: 0fa7b76f-47ba-4138-8f96-671400fd7c83, OwnershipType: 2, IsDeleted: False, Id: a9df4f39-dd4e-435a-aec7-f1d7f9a1b86f,  <- AccountingRuleFilter]

2026-05-25 05:42:26.8523 FLS.Server.Data.FLSDataEntities Insert AccountingRuleFilter with data: [AccountingRuleFilter -> AccountingRuleFilterId: a078f2fb-358c-4810-84bc-b96e915df24b, ClubId: 0fa7b76f-47ba-4138-8f96-671400fd7c83, AccountingRuleFilterTypeId: 30, RuleFilterName: HB-3407 Privat, Description: , IsActive: True, SortIndicator: 2, ArticleTarget: {"ArticleNumber":"1060","DeliveryLineText":"Privat"}, RecipientTarget: , StopRuleEngineWhenRuleApplied: False, IsRuleForGliderFlights: True, IsRuleForTowingFlights: True, IsRuleForMotorFlights: False, UseRuleForAllAircraftsExceptListed: False, MatchedAircraftImmatriculations: ["HB-3407"], UseRuleForAllStartTypesExceptListed: True, MatchedStartTypes: [], UseRuleForAllFlightTypesExceptListed: True, MatchedFlightTypeCodes: ["70","80","66","68","69","77","88","78"], ExtendMatchingFlightTypeCodesToGliderAndTowFlight: False, UseRuleForAllStartLocationsExceptListed: True, MatchedStartLocations: [], UseRuleForAllLdgLocationsExceptListed: True, MatchedLdgLocations: [], UseRuleForAllClubMemberNumbersExceptListed: True, MatchedClubMemberNumbers: [], UseRuleForAllFlightCrewTypesExceptListed: True, MatchedFlightCrewTypes: [], UseRuleForAllAircraftsOnHomebaseExceptListed: True, MatchedAircraftsHomebase: [], UseRuleForAllMemberStatesExceptListed: True, MatchedMemberStates: [], UseRuleForAllPersonCategoriesExceptListed: True, MatchedPersonCategories: [], IsChargedToClubInternal: False, MinFlightTimeInSecondsMatchingValue: 0, MaxFlightTimeInSecondsMatchingValue: 2147483647, MinEngineTimeInSecondsMatchingValue: 0, MaxEngineTimeInSecondsMatchingValue: 2147483647, IncludeThresholdText: False, ThresholdText: , IncludeFlightTypeName: True, NoLandingTaxForGlider: False, NoLandingTaxForTowingAircraft: False, NoLandingTaxForAircraft: False, AccountingUnitTypeId: 10, CreatedOn: 05/25/2026 05:42:26, CreatedByUserId: 36073196-1ee3-4a97-a3fa-f5f60039f041, ModifiedOn: , ModifiedByUserId: , DeletedOn: , DeletedByUserId: , RecordState: 1, OwnerId: 0fa7b76f-47ba-4138-8f96-671400fd7c83, OwnershipType: 2, IsDeleted: False, Id: a078f2fb-358c-4810-84bc-b96e915df24b,  <- AccountingRuleFilter]

2026-05-25 05:42:26.8576 FLS.Server.Service.Email.EmailSendService Sent email to recipient: passenger-organizer@e2e.fls.local with subject: Neue Passagierflug-Registrierung, and Body: <html><body>Neue Passagier-Registrierung: SampleA Pax</body></html>
2026-05-25 05:42:26.8629 FLS.Server.Service.Email.EmailSendService Sent email to recipient: e2e-passenger-8481y7vxmpks4ttk@e2e.fls.local with subject: Bestätigung für Passagierflug-Registrierung, and Body: <html><body>Hallo Pax OrgTestmpks4ttk</body></html>
2026-05-25 05:42:26.9207 FLS.Server.Service.BaseService Get 24 AccountingRuleFilters of clubId: 0fa7b76f-47ba-4138-8f96-671400fd7c83
2026-05-25 05:42:26.9507 FLS.Server.WebApi.Controllers.UsersController Password reset token: Code: 4sN6VvLCVzTS4Eh543PcWdyZcyzk6zGzbr+Pljen2lOa9B/VO0jrHsjkDvzMTr0gAPDqrQU5tkljFxpMgClWVO3e32YoWcipatuNn9Gfcjd7HNviDe9iVwsZ9WQn5sl1xRsYB3CBZjj9WgcrEr+8IeRmLG+TzUUrgaDXEo5+/tw=, Base64: NHNONlZ2TENWelRTNEVoNTQzUGNXZHlaY3l6azZ6R3picitQbGplbjJsT2E5Qi9WTzBqckhzamtEdnpNVHIwZ0FQRHFyUVU1dGtsakZ4cE1nQ2xXVk8zZTMyWW9XY2lwYXR1Tm45R2ZjamQ3SE52aURlOWlWd3NaOVdRbjVzbDF4UnNZQjNDQlpqajlXZ2NyRXIrOEllUm1MRytUelVVcmdhRFhFbzUrL3R3PQ==
2026-05-25 05:42:26.9525 FLS.Server.Service.Email.EmailSendService Sent email to recipient: passenger-organizer@e2e.fls.local with subject: Neue Passagierflug-Registrierung, and Body: <html><body>Neue Passagier-Registrierung: OrgTestmpks4ttk Pax</body></html>
2026-05-25 05:42:26.9393 FLS.Server.Service.BaseService Start creating accounting for flight: Glider-Flight: HB-3407, Pilot: Stahel Morli, Flight-Date: 12/02/2025, Starttime: 00:00, LdgTime: 00:47, Flightcode: 63, Nr of Ldgs: 1/0, Flight-Air-State: 20, Flight-Process-State: 40 using 24 recipient rule filters and 24 accounting line rule filters.
2026-05-25 05:42:26.9866 FLS.Server.Service.RulesEngine.BaseRule NOT applied rule FlightCostPaidByPersonRule, Nr of Conditions=1, RuleApplied=False, StopRuleEngineWhenRuleApplied=False
2026-05-25 05:42:27.0069 FLS.Server.Data.FLSDataEntities Insert AccountingRuleFilter with data: [AccountingRuleFilter -> AccountingRuleFilterId: acd40c1f-c3f2-40ae-bcb6-007d1016a1ba, ClubId: 0fa7b76f-47ba-4138-8f96-671400fd7c83, AccountingRuleFilterTypeId: 30, RuleFilterName: HB-1841 Privat, Description: , IsActive: True, SortIndicator: 3, ArticleTarget: {"ArticleNumber":"1062","DeliveryLineText":"Privat"}, RecipientTarget: , StopRuleEngineWhenRuleApplied: False, IsRuleForGliderFlights: True, IsRuleForTowingFlights: True, IsRuleForMotorFlights: False, UseRuleForAllAircraftsExceptListed: False, MatchedAircraftImmatriculations: ["HB-1841"], UseRuleForAllStartTypesExceptListed: True, MatchedStartTypes: [], UseRuleForAllFlightTypesExceptListed: True, MatchedFlightTypeCodes: ["70","80","66","68","69","77","88","78"], ExtendMatchingFlightTypeCodesToGliderAndTowFlight: False, UseRuleForAllStartLocationsExceptListed: True, MatchedStartLocations: [], UseRuleForAllLdgLocationsExceptListed: True, MatchedLdgLocations: [], UseRuleForAllClubMemberNumbersExceptListed: True, MatchedClubMemberNumbers: [], UseRuleForAllFlightCrewTypesExceptListed: True, MatchedFlightCrewTypes: [], UseRuleForAllAircraftsOnHomebaseExceptListed: True, MatchedAircraftsHomebase: [], UseRuleForAllMemberStatesExceptListed: True, MatchedMemberStates: [], UseRuleForAllPersonCategoriesExceptListed: True, MatchedPersonCategories: [], IsChargedToClubInternal: False, MinFlightTimeInSecondsMatchingValue: 0, MaxFlightTimeInSecondsMatchingValue: 2147483647, MinEngineTimeInSecondsMatchingValue: 0, MaxEngineTimeInSecondsMatchingValue: 2147483647, IncludeThresholdText: False, ThresholdText: , IncludeFlightTypeName: True, NoLandingTaxForGlider: False, NoLandingTaxForTowingAircraft: False, NoLandingTaxForAircraft: False, AccountingUnitTypeId: 10, CreatedOn: 05/25/2026 05:42:27, CreatedByUserId: 36073196-1ee3-4a97-a3fa-f5f60039f041, ModifiedOn: , ModifiedByUserId: , DeletedOn: , DeletedByUserId: , RecordState: 1, OwnerId: 0fa7b76f-47ba-4138-8f96-671400fd7c83, OwnershipType: 2, IsDeleted: False, Id: acd40c1f-c3f2-40ae-bcb6-007d1016a1ba,  <- AccountingRuleFilter]

2026-05-25 05:42:27.0274 FLS.Server.Service.RulesEngine.BaseRule Applied rule FlightCostPaidByPilotRule, Nr of Conditions=1, RuleApplied=True, StopRuleEngineWhenRuleApplied=False
2026-05-25 05:42:27.0361 FLS.Server.Service.RulesEngine.BaseRule Applied rule FlightDeliveryInfoRule, Nr of Conditions=1, RuleApplied=True, StopRuleEngineWhenRuleApplied=False
2026-05-25 05:42:27.0443 FLS.Server.Service.RulesEngine.BaseRule Applied rule AdditionalInfoRule, Nr of Conditions=1, RuleApplied=True, StopRuleEngineWhenRuleApplied=False
2026-05-25 05:42:27.0443 FLS.Server.Service.Email.EmailSendService Sent email to recipient: schuele@galaxy-net.ch with subject: Passwort-Reset für Flight Logging System Zugang, and Body: 
2026-05-25 05:42:27.0509 FLS.Server.Service.Accounting.Rules.BaseAccountingRule NOT applied rule AircraftFlightTimeRule, Nr of Conditions=5, RuleApplied=False, StopRuleEngineWhenRuleApplied=False, Rule-Filter: HB-2464 Weiterbildung mit Pauschale of type: FLS.Server.Service.Accounting.Rules.ItemRules.AircraftFlightTimeRule has conditions: '(1 EQUALS 1 ==> True),(collection: '7f2bfbdc-04f3-46b5-9ad0-5a687d040741' CONTAINS key: 34896816-6341-43b1-ad93-16a600866ae6 ==> False),(null OR (collection: '77,88,78' CONTAINS key: 63 ==> False) ==> False),(INVERTS condition: ('363289,897764,155264,463161,622976,686001' INTERSECTS ANY 222323 ==> False) ==> True),(Value: 2820 is BETWEEN 0 and 2147483647 (incl. minValue = False; maxValue = True ==> True)' for Flight: Glider-Flight: HB-3407, Pilot: Stahel Morli, Flight-Date: 12/02/2025, Starttime: 00:00, LdgTime: 00:47, Flightcode: 63, Nr of Ldgs: 1/0, Flight-Air-State: 20, Flight-Process-State: 40
2026-05-25 05:42:27.0571 FLS.Server.Service.Accounting.Rules.BaseAccountingRule NOT applied rule AircraftFlightTimeRule, Nr of Conditions=5, RuleApplied=False, StopRuleEngineWhenRuleApplied=False, Rule-Filter: HB-1841 Weiterbildung mit Pauschale of type: FLS.Server.Service.Accounting.Rules.ItemRules.AircraftFlightTimeRule has conditions: '(1 EQUALS 1 ==> True),(collection: '1850f1f0-96f3-42a8-acf5-8b358dfe5103' CONTAINS key: 34896816-6341-43b1-ad93-16a600866ae6 ==> False),(null OR (collection: '77,88,78' CONTAINS key: 63 ==> False) ==> False),(INVERTS condition: ('363289,897764,155264,463161,622976,686001' INTERSECTS ANY 222323 ==> False) ==> True),(Value: 2820 is BETWEEN 0 and 2147483647 (incl. minValue = False; maxValue = True ==> True)' for Flight: Glider-Flight: HB-3407, Pilot: Stahel Morli, Flight-Date: 12/02/2025, Starttime: 00:00, LdgTime: 00:47, Flightcode: 63, Nr of Ldgs: 1/0, Flight-Air-State: 20, Flight-Process-State: 40
2026-05-25 05:42:27.0649 FLS.Server.Service.Accounting.Rules.BaseAccountingRule NOT applied rule AircraftFlightTimeRule, Nr of Conditions=4, RuleApplied=False, StopRuleEngineWhenRuleApplied=False, Rule-Filter: HB-3407 Schulung of type: FLS.Server.Service.Accounting.Rules.ItemRules.AircraftFlightTimeRule has conditions: '(1 EQUALS 1 ==> True),(collection: '34896816-6341-43b1-ad93-16a600866ae6' CONTAINS key: 34896816-6341-43b1-ad93-16a600866ae6 ==> True),(null OR (collection: '70,80,66,68,69' CONTAINS key: 63 ==> False) ==> False),(Value: 2820 is BETWEEN 0 and 2147483647 (incl. minValue = False; maxValue = True ==> True)' for Flight: Glider-Flight: HB-3407, Pilot: Stahel Morli, Flight-Date: 12/02/2025, Starttime: 00:00, LdgTime: 00:47, Flightcode: 63, Nr of Ldgs: 1/0, Flight-Air-State: 20, Flight-Process-State: 40
2026-05-25 05:42:27.0723 FLS.Server.Service.Accounting.Rules.BaseAccountingRule NOT applied rule AircraftFlightTimeRule, Nr of Conditions=5, RuleApplied=False, StopRuleEngineWhenRuleApplied=False, Rule-Filter: HB-1824 Weiterbildung mit Pauschale of type: FLS.Server.Service.Accounting.Rules.ItemRules.AircraftFlightTimeRule has conditions: '(1 EQUALS 1 ==> True),(collection: 'ea148d3d-b9e1-493c-b115-a99b60bcadb1' CONTAINS key: 34896816-6341-43b1-ad93-16a600866ae6 ==> False),(null OR (collection: '77,88,78' CONTAINS key: 63 ==> False) ==> False),(INVERTS condition: ('363289,897764,155264,463161,622976,686001' INTERSECTS ANY 222323 ==> False) ==> True),(Value: 2820 is BETWEEN 0 and 2147483647 (incl. minValue = False; maxValue = True ==> True)' for Flight: Glider-Flight: HB-3407, Pilot: Stahel Morli, Flight-Date: 12/02/2025, Starttime: 00:00, LdgTime: 00:47, Flightcode: 63, Nr of Ldgs: 1/0, Flight-Air-State: 20, Flight-Process-State: 40
2026-05-25 05:42:27.0789 FLS.Server.Service.Accounting.Rules.BaseAccountingRule NOT applied rule AircraftFlightTimeRule, Nr of Conditions=5, RuleApplied=False, StopRuleEngineWhenRuleApplied=False, Rule-Filter: HB-3256 Weiterbildung ohne Pauschale of type: FLS.Server.Service.Accounting.Rules.ItemRules.AircraftFlightTimeRule has conditions: '(1 EQUALS 1 ==> True),(collection: '4aa36c51-802a-4d94-a227-7a5286b3964c' CONTAINS key: 34896816-6341-43b1-ad93-16a600866ae6 ==> False),(null OR (collection: '77,88,78' CONTAINS key: 63 ==> False) ==> False),('363289,897764,155264,463161,622976,686001' INTERSECTS ANY 222323 ==> False),(Value: 2820 is BETWEEN 0 and 2147483647 (incl. minValue = False; maxValue = True ==> True)' for Flight: Glider-Flight: HB-3407, Pilot: Stahel Morli, Flight-Date: 12/02/2025, Starttime: 00:00, LdgTime: 00:47, Flightcode: 63, Nr of Ldgs: 1/0, Flight-Air-State: 20, Flight-Process-State: 40
2026-05-25 05:42:27.0913 FLS.Server.Service.Accounting.Rules.BaseAccountingRule NOT applied rule AircraftFlightTimeRule, Nr of Conditions=5, RuleApplied=False, StopRuleEngineWhenRuleApplied=False, Rule-Filter: HB-1841 Weiterbildung ohne Pauschale of type: FLS.Server.Service.Accounting.Rules.ItemRules.AircraftFlightTimeRule has conditions: '(1 EQUALS 1 ==> True),(collection: '1850f1f0-96f3-42a8-acf5-8b358dfe5103' CONTAINS key: 34896816-6341-43b1-ad93-16a600866ae6 ==> False),(null OR (collection: '77,88,78' CONTAINS key: 63 ==> False) ==> False),('363289,897764,155264,463161,622976,686001' INTERSECTS ANY 222323 ==> False),(Value: 2820 is BETWEEN 0 and 2147483647 (incl. minValue = False; maxValue = True ==> True)' for Flight: Glider-Flight: HB-3407, Pilot: Stahel Morli, Flight-Date: 12/02/2025, Starttime: 00:00, LdgTime: 00:47, Flightcode: 63, Nr of Ldgs: 1/0, Flight-Air-State: 20, Flight-Process-State: 40
2026-05-25 05:42:27.1016 FLS.Server.Service.Accounting.Rules.BaseAccountingRule NOT applied rule AircraftFlightTimeRule, Nr of Conditions=5, RuleApplied=False, StopRuleEngineWhenRuleApplied=False, Rule-Filter: HB-1824 Weiterbildung ohne Pauschale of type: FLS.Server.Service.Accounting.Rules.ItemRules.AircraftFlightTimeRule has conditions: '(1 EQUALS 1 ==> True),(collection: 'ea148d3d-b9e1-493c-b115-a99b60bcadb1' CONTAINS key: 34896816-6341-43b1-ad93-16a600866ae6 ==> False),(null OR (collection: '77,88,78' CONTAINS key: 63 ==> False) ==> False),('363289,897764,155264,463161,622976,686001' INTERSECTS ANY 222323 ==> False),(Value: 2820 is BETWEEN 0 and 2147483647 (incl. minValue = False; maxValue = True ==> True)' for Flight: Glider-Flight: HB-3407, Pilot: Stahel Morli, Flight-Date: 12/02/2025, Starttime: 00:00, LdgTime: 00:47, Flightcode: 63, Nr of Ldgs: 1/0, Flight-Air-State: 20, Flight-Process-State: 40
2026-05-25 05:42:27.1094 FLS.Server.Service.Accounting.Rules.BaseAccountingRule NOT applied rule AircraftFlightTimeRule, Nr of Conditions=5, RuleApplied=False, StopRuleEngineWhenRuleApplied=False, Rule-Filter: HB-3256 Weiterbildung mit Pauschale of type: FLS.Server.Service.Accounting.Rules.ItemRules.AircraftFlightTimeRule has conditions: '(1 EQUALS 1 ==> True),(collection: '4aa36c51-802a-4d94-a227-7a5286b3964c' CONTAINS key: 34896816-6341-43b1-ad93-16a600866ae6 ==> False),(null OR (collection: '77,88,78' CONTAINS key: 63 ==> False) ==> False),(INVERTS condition: ('363289,897764,155264,463161,622976,686001' INTERSECTS ANY 222323 ==> False) ==> True),(Value: 2820 is BETWEEN 0 and 2147483647 (incl. minValue = False; maxValue = True ==> True)' for Flight: Glider-Flight: HB-3407, Pilot: Stahel Morli, Flight-Date: 12/02/2025, Starttime: 00:00, LdgTime: 00:47, Flightcode: 63, Nr of Ldgs: 1/0, Flight-Air-State: 20, Flight-Process-State: 40
2026-05-25 05:42:27.1180 FLS.Server.Data.FLSDataEntities Insert AccountingRuleFilter with data: [AccountingRuleFilter -> AccountingRuleFilterId: 716a0f9b-25cb-4446-a368-e14cf7bbdd97, ClubId: 0fa7b76f-47ba-4138-8f96-671400fd7c83, AccountingRuleFilterTypeId: 30, RuleFilterName: HB-1824 Privat, Description: , IsActive: True, SortIndicator: 4, ArticleTarget: {"ArticleNumber":"1064","DeliveryLineText":"Privat"}, RecipientTarget: , StopRuleEngineWhenRuleApplied: False, IsRuleForGliderFlights: True, IsRuleForTowingFlights: True, IsRuleForMotorFlights: False, UseRuleForAllAircraftsExceptListed: False, MatchedAircraftImmatriculations: ["HB-1824"], UseRuleForAllStartTypesExceptListed: True, MatchedStartTypes: [], UseRuleForAllFlightTypesExceptListed: True, MatchedFlightTypeCodes: ["70","80","66","68","69","77","88","78"], ExtendMatchingFlightTypeCodesToGliderAndTowFlight: False, UseRuleForAllStartLocationsExceptListed: True, MatchedStartLocations: [], UseRuleForAllLdgLocationsExceptListed: True, MatchedLdgLocations: [], UseRuleForAllClubMemberNumbersExceptListed: True, MatchedClubMemberNumbers: [], UseRuleForAllFlightCrewTypesExceptListed: True, MatchedFlightCrewTypes: [], UseRuleForAllAircraftsOnHomebaseExceptListed: True, MatchedAircraftsHomebase: [], UseRuleForAllMemberStatesExceptListed: True, MatchedMemberStates: [], UseRuleForAllPersonCategoriesExceptListed: True, MatchedPersonCategories: [], IsChargedToClubInternal: False, MinFlightTimeInSecondsMatchingValue: 0, MaxFlightTimeInSecondsMatchingValue: 2147483647, MinEngineTimeInSecondsMatchingValue: 0, MaxEngineTimeInSecondsMatchingValue: 2147483647, IncludeThresholdText: False, ThresholdText: , IncludeFlightTypeName: True, NoLandingTaxForGlider: False, NoLandingTaxForTowingAircraft: False, NoLandingTaxForAircraft: False, AccountingUnitTypeId: 10, CreatedOn: 05/25/2026 05:42:27, CreatedByUserId: 36073196-1ee3-4a97-a3fa-f5f60039f041, ModifiedOn: , ModifiedByUserId: , DeletedOn: , DeletedByUserId: , RecordState: 1, OwnerId: 0fa7b76f-47ba-4138-8f96-671400fd7c83, OwnershipType: 2, IsDeleted: False, Id: 716a0f9b-25cb-4446-a368-e14cf7bbdd97,  <- AccountingRuleFilter]

2026-05-25 05:42:27.1211 FLS.Server.Service.Accounting.Rules.BaseAccountingRule NOT applied rule AircraftFlightTimeRule, Nr of Conditions=4, RuleApplied=False, StopRuleEngineWhenRuleApplied=False, Rule-Filter: HB-1824 Schulung of type: FLS.Server.Service.Accounting.Rules.ItemRules.AircraftFlightTimeRule has conditions: '(1 EQUALS 1 ==> True),(collection: 'ea148d3d-b9e1-493c-b115-a99b60bcadb1' CONTAINS key: 34896816-6341-43b1-ad93-16a600866ae6 ==> False),(null OR (collection: '70,80,66,68,69' CONTAINS key: 63 ==> False) ==> False),(Value: 2820 is BETWEEN 0 and 2147483647 (incl. minValue = False; maxValue = True ==> True)' for Flight: Glider-Flight: HB-3407, Pilot: Stahel Morli, Flight-Date: 12/02/2025, Starttime: 00:00, LdgTime: 00:47, Flightcode: 63, Nr of Ldgs: 1/0, Flight-Air-State: 20, Flight-Process-State: 40
2026-05-25 05:42:27.1267 FLS.Server.Service.Accounting.Rules.BaseAccountingRule NOT applied rule AircraftFlightTimeRule, Nr of Conditions=5, RuleApplied=False, StopRuleEngineWhenRuleApplied=False, Rule-Filter: HB-3407 Weiterbildung mit Pauschale of type: FLS.Server.Service.Accounting.Rules.ItemRules.AircraftFlightTimeRule has conditions: '(1 EQUALS 1 ==> True),(collection: '34896816-6341-43b1-ad93-16a600866ae6' CONTAINS key: 34896816-6341-43b1-ad93-16a600866ae6 ==> True),(null OR (collection: '77,88,78' CONTAINS key: 63 ==> False) ==> False),(INVERTS condition: ('363289,897764,155264,463161,622976,686001' INTERSECTS ANY 222323 ==> False) ==> True),(Value: 2820 is BETWEEN 0 and 2147483647 (incl. minValue = False; maxValue = True ==> True)' for Flight: Glider-Flight: HB-3407, Pilot: Stahel Morli, Flight-Date: 12/02/2025, Starttime: 00:00, LdgTime: 00:47, Flightcode: 63, Nr of Ldgs: 1/0, Flight-Air-State: 20, Flight-Process-State: 40
2026-05-25 05:42:27.1327 FLS.Server.Service.Accounting.Rules.BaseAccountingRule NOT applied rule AircraftFlightTimeRule, Nr of Conditions=5, RuleApplied=False, StopRuleEngineWhenRuleApplied=False, Rule-Filter: HB-3407 Weiterbildung ohne Pauschale of type: FLS.Server.Service.Accounting.Rules.ItemRules.AircraftFlightTimeRule has conditions: '(1 EQUALS 1 ==> True),(collection: '34896816-6341-43b1-ad93-16a600866ae6' CONTAINS key: 34896816-6341-43b1-ad93-16a600866ae6 ==> True),(null OR (collection: '77,88,78' CONTAINS key: 63 ==> False) ==> False),('363289,897764,155264,463161,622976,686001' INTERSECTS ANY 222323 ==> False),(Value: 2820 is BETWEEN 0 and 2147483647 (incl. minValue = False; maxValue = True ==> True)' for Flight: Glider-Flight: HB-3407, Pilot: Stahel Morli, Flight-Date: 12/02/2025, Starttime: 00:00, LdgTime: 00:47, Flightcode: 63, Nr of Ldgs: 1/0, Flight-Air-State: 20, Flight-Process-State: 40
2026-05-25 05:42:27.1307 FLS.Server.Data.FLSDataEntities Insert Flight with data: Glider-Flight: , Pilot: , Flight-Date: 05/25/2026, Starttime: 10:00, LdgTime: 10:30, Nr of Ldgs: 1/0, Flight-Air-State: 20, Flight-Process-State: 0
2026-05-25 05:42:27.1425 FLS.Server.Service.Accounting.Rules.BaseAccountingRule NOT applied rule AircraftFlightTimeRule, Nr of Conditions=5, RuleApplied=False, StopRuleEngineWhenRuleApplied=False, Rule-Filter: HB-2464 Weiterbildung ohne Pauschale of type: FLS.Server.Service.Accounting.Rules.ItemRules.AircraftFlightTimeRule has conditions: '(1 EQUALS 1 ==> True),(collection: '7f2bfbdc-04f3-46b5-9ad0-5a687d040741' CONTAINS key: 34896816-6341-43b1-ad93-16a600866ae6 ==> False),(null OR (collection: '77,88,78' CONTAINS key: 63 ==> False) ==> False),('363289,897764,155264,463161,622976,686001' INTERSECTS ANY 222323 ==> False),(Value: 2820 is BETWEEN 0 and 2147483647 (incl. minValue = False; maxValue = True ==> True)' for Flight: Glider-Flight: HB-3407, Pilot: Stahel Morli, Flight-Date: 12/02/2025, Starttime: 00:00, LdgTime: 00:47, Flightcode: 63, Nr of Ldgs: 1/0, Flight-Air-State: 20, Flight-Process-State: 40
2026-05-25 05:42:27.1506 FLS.Server.Service.Accounting.Rules.BaseAccountingRule NOT applied rule AircraftFlightTimeRule, Nr of Conditions=4, RuleApplied=False, StopRuleEngineWhenRuleApplied=False, Rule-Filter: HB-1841 Schulung of type: FLS.Server.Service.Accounting.Rules.ItemRules.AircraftFlightTimeRule has conditions: '(1 EQUALS 1 ==> True),(collection: '1850f1f0-96f3-42a8-acf5-8b358dfe5103' CONTAINS key: 34896816-6341-43b1-ad93-16a600866ae6 ==> False),(null OR (collection: '70,80,66,68,69' CONTAINS key: 63 ==> False) ==> False),(Value: 2820 is BETWEEN 0 and 2147483647 (incl. minValue = False; maxValue = True ==> True)' for Flight: Glider-Flight: HB-3407, Pilot: Stahel Morli, Flight-Date: 12/02/2025, Starttime: 00:00, LdgTime: 00:47, Flightcode: 63, Nr of Ldgs: 1/0, Flight-Air-State: 20, Flight-Process-State: 40
2026-05-25 05:42:27.1452 FLS.Server.Data.FLSDataEntities Insert FlightCrew with data: [FlightCrew -> FlightCrewId: bee47fc8-8d4e-4da6-b963-128c57d215ad, FlightId: 00000000-0000-0000-0000-000000000000, PersonId: 23004dec-9300-484d-bc2e-966f89edcb59, FlightCrewTypeId: 1, BeginFlightDateTime: 05/25/2026 10:00:00, EndFlightDateTime: 05/25/2026 10:30:00, BeginInstructionDateTime: , EndInstructionDateTime: , NrOfLdgs: 1, NrOfStarts: , CreatedOn: 05/25/2026 05:42:27, CreatedByUserId: 36073196-1ee3-4a97-a3fa-f5f60039f041, ModifiedOn: , ModifiedByUserId: , DeletedOn: , DeletedByUserId: , RecordState: 1, OwnerId: 0fa7b76f-47ba-4138-8f96-671400fd7c83, OwnershipType: 2, IsDeleted: False, Id: bee47fc8-8d4e-4da6-b963-128c57d215ad, HasPerson: True,  <- FlightCrew]

2026-05-25 05:42:27.1601 FLS.Server.Service.Accounting.Rules.BaseAccountingRule Added new delivery item line to Delivery. Line: Pos: 1 Product: 1060 Text: HB-3407 Privat Passagierflug Bar Qty: 47 of type: Minuten Discount: 0% Add. Info: 
2026-05-25 05:42:27.1720 FLS.Server.Service.WorkflowService Execute daily report job.
2026-05-25 05:42:27.1726 FLS.Server.Service.Accounting.Rules.BaseAccountingRule Applied rule AircraftFlightTimeRule, Nr of Conditions=4, RuleApplied=True, StopRuleEngineWhenRuleApplied=False, Rule-Filter: HB-3407 Privat of type: FLS.Server.Service.Accounting.Rules.ItemRules.AircraftFlightTimeRule has conditions: '(1 EQUALS 1 ==> True),(collection: '34896816-6341-43b1-ad93-16a600866ae6' CONTAINS key: 34896816-6341-43b1-ad93-16a600866ae6 ==> True),(INVERTS condition: (null OR (collection: '70,80,66,68,69,77,88,78' CONTAINS key: 63 ==> False) ==> False) ==> True),(Value: 2820 is BETWEEN 0 and 2147483647 (incl. minValue = False; maxValue = True ==> True)' for Flight: Glider-Flight: HB-3407, Pilot: Stahel Morli, Flight-Date: 12/02/2025, Starttime: 00:00, LdgTime: 00:47, Flightcode: 63, Nr of Ldgs: 1/0, Flight-Air-State: 20, Flight-Process-State: 40
2026-05-25 05:42:27.1807 FLS.Server.Service.Accounting.Rules.BaseAccountingRule NOT applied rule AircraftFlightTimeRule, Nr of Conditions=4, RuleApplied=False, StopRuleEngineWhenRuleApplied=False, Rule-Filter: HB-2464 Schulung of type: FLS.Server.Service.Accounting.Rules.ItemRules.AircraftFlightTimeRule has conditions: '(1 EQUALS 1 ==> True),(collection: '7f2bfbdc-04f3-46b5-9ad0-5a687d040741' CONTAINS key: 34896816-6341-43b1-ad93-16a600866ae6 ==> False),(null OR (collection: '70,80,66,68,69' CONTAINS key: 63 ==> False) ==> False),(Value: 0 is BETWEEN 0 and 2147483647 (incl. minValue = False; maxValue = True ==> False)' for Flight: Glider-Flight: HB-3407, Pilot: Stahel Morli, Flight-Date: 12/02/2025, Starttime: 00:00, LdgTime: 00:47, Flightcode: 63, Nr of Ldgs: 1/0, Flight-Air-State: 20, Flight-Process-State: 40
2026-05-25 05:42:27.1876 FLS.Server.Service.Accounting.Rules.BaseAccountingRule NOT applied rule AircraftFlightTimeRule, Nr of Conditions=4, RuleApplied=False, StopRuleEngineWhenRuleApplied=False, Rule-Filter: HB-3256 Schulung of type: FLS.Server.Service.Accounting.Rules.ItemRules.AircraftFlightTimeRule has conditions: '(1 EQUALS 1 ==> True),(collection: '4aa36c51-802a-4d94-a227-7a5286b3964c' CONTAINS key: 34896816-6341-43b1-ad93-16a600866ae6 ==> False),(null OR (collection: '70,80,66,68,69' CONTAINS key: 63 ==> False) ==> False),(Value: 0 is BETWEEN 0 and 2147483647 (incl. minValue = False; maxValue = True ==> False)' for Flight: Glider-Flight: HB-3407, Pilot: Stahel Morli, Flight-Date: 12/02/2025, Starttime: 00:00, LdgTime: 00:47, Flightcode: 63, Nr of Ldgs: 1/0, Flight-Air-State: 20, Flight-Process-State: 40
2026-05-25 05:42:27.1832 FLS.Server.Service.Jobs.DailyReportJob Executing daily report job
2026-05-25 05:42:27.1944 FLS.Server.Service.Accounting.Rules.BaseAccountingRule NOT applied rule AircraftFlightTimeRule, Nr of Conditions=4, RuleApplied=False, StopRuleEngineWhenRuleApplied=False, Rule-Filter: HB-3256 Privat of type: FLS.Server.Service.Accounting.Rules.ItemRules.AircraftFlightTimeRule has conditions: '(1 EQUALS 1 ==> True),(collection: '4aa36c51-802a-4d94-a227-7a5286b3964c' CONTAINS key: 34896816-6341-43b1-ad93-16a600866ae6 ==> False),(INVERTS condition: (null OR (collection: '70,80,66,68,69,77,88,78' CONTAINS key: 63 ==> False) ==> False) ==> True),(Value: 0 is BETWEEN 0 and 2147483647 (incl. minValue = False; maxValue = True ==> False)' for Flight: Glider-Flight: HB-3407, Pilot: Stahel Morli, Flight-Date: 12/02/2025, Starttime: 00:00, LdgTime: 00:47, Flightcode: 63, Nr of Ldgs: 1/0, Flight-Air-State: 20, Flight-Process-State: 40
2026-05-25 05:42:27.2010 FLS.Server.Service.Accounting.Rules.BaseAccountingRule NOT applied rule InstructorFeeRule, Nr of Conditions=2, RuleApplied=False, StopRuleEngineWhenRuleApplied=False, Rule-Filter: Instruktor-Honorar Thomas of type: FLS.Server.Service.Accounting.Rules.ItemRules.InstructorFeeRule has conditions: '(1 EQUALS 1 ==> True),('888888' INTERSECTS ANY  ==> False)' for Flight: Glider-Flight: HB-3407, Pilot: Stahel Morli, Flight-Date: 12/02/2025, Starttime: 00:00, LdgTime: 00:47, Flightcode: 63, Nr of Ldgs: 1/0, Flight-Air-State: 20, Flight-Process-State: 40
2026-05-25 05:42:27.2019 FLS.Server.Service.Jobs.DailyReportJob Executing daily report job for club: Flugsportgruppe Zueri-Oberland
2026-05-25 05:42:27.2070 FLS.Server.Service.Accounting.Rules.BaseAccountingRule NOT applied rule InstructorFeeRule, Nr of Conditions=2, RuleApplied=False, StopRuleEngineWhenRuleApplied=False, Rule-Filter: Instruktor-Honorar Silvan of type: FLS.Server.Service.Accounting.Rules.ItemRules.InstructorFeeRule has conditions: '(1 EQUALS 1 ==> True),('999999' INTERSECTS ANY  ==> False)' for Flight: Glider-Flight: HB-3407, Pilot: Stahel Morli, Flight-Date: 12/02/2025, Starttime: 00:00, LdgTime: 00:47, Flightcode: 63, Nr of Ldgs: 1/0, Flight-Air-State: 20, Flight-Process-State: 40
2026-05-25 05:42:27.2062 FLS.Server.Data.FLSDataEntities Insert AccountingRuleFilter with data: [AccountingRuleFilter -> AccountingRuleFilterId: 5f8cc85a-52e5-409d-8fe3-98c708a61c2e, ClubId: 0fa7b76f-47ba-4138-8f96-671400fd7c83, AccountingRuleFilterTypeId: 30, RuleFilterName: HB-2464 Privat, Description: , IsActive: True, SortIndicator: 5, ArticleTarget: {"ArticleNumber":"1071","DeliveryLineText":"Privat"}, RecipientTarget: , StopRuleEngineWhenRuleApplied: False, IsRuleForGliderFlights: True, IsRuleForTowingFlights: True, IsRuleForMotorFlights: False, UseRuleForAllAircraftsExceptListed: False, MatchedAircraftImmatriculations: ["HB-2464"], UseRuleForAllStartTypesExceptListed: True, MatchedStartTypes: [], UseRuleForAllFlightTypesExceptListed: True, MatchedFlightTypeCodes: ["70","80","66","68","69","77","88","78"], ExtendMatchingFlightTypeCodesToGliderAndTowFlight: False, UseRuleForAllStartLocationsExceptListed: True, MatchedStartLocations: [], UseRuleForAllLdgLocationsExceptListed: True, MatchedLdgLocations: [], UseRuleForAllClubMemberNumbersExceptListed: True, MatchedClubMemberNumbers: [], UseRuleForAllFlightCrewTypesExceptListed: True, MatchedFlightCrewTypes: [], UseRuleForAllAircraftsOnHomebaseExceptListed: True, MatchedAircraftsHomebase: [], UseRuleForAllMemberStatesExceptListed: True, MatchedMemberStates: [], UseRuleForAllPersonCategoriesExceptListed: True, MatchedPersonCategories: [], IsChargedToClubInternal: False, MinFlightTimeInSecondsMatchingValue: 0, MaxFlightTimeInSecondsMatchingValue: 2147483647, MinEngineTimeInSecondsMatchingValue: 0, MaxEngineTimeInSecondsMatchingValue: 2147483647, IncludeThresholdText: False, ThresholdText: , IncludeFlightTypeName: True, NoLandingTaxForGlider: False, NoLandingTaxForTowingAircraft: False, NoLandingTaxForAircraft: False, AccountingUnitTypeId: 10, CreatedOn: 05/25/2026 05:42:27, CreatedByUserId: 36073196-1ee3-4a97-a3fa-f5f60039f041, ModifiedOn: , ModifiedByUserId: , DeletedOn: , DeletedByUserId: , RecordState: 1, OwnerId: 0fa7b76f-47ba-4138-8f96-671400fd7c83, OwnershipType: 2, IsDeleted: False, Id: 5f8cc85a-52e5-409d-8fe3-98c708a61c2e,  <- AccountingRuleFilter]

2026-05-25 05:42:27.2164 FLS.Server.Service.Accounting.Rules.BaseAccountingRule NOT applied rule InstructorFeeRule, Nr of Conditions=2, RuleApplied=False, StopRuleEngineWhenRuleApplied=False, Rule-Filter: Instruktor-Honorar Päde of type: FLS.Server.Service.Accounting.Rules.ItemRules.InstructorFeeRule has conditions: '(1 EQUALS 1 ==> True),('836001' INTERSECTS ANY  ==> False)' for Flight: Glider-Flight: HB-3407, Pilot: Stahel Morli, Flight-Date: 12/02/2025, Starttime: 00:00, LdgTime: 00:47, Flightcode: 63, Nr of Ldgs: 1/0, Flight-Air-State: 20, Flight-Process-State: 40
2026-05-25 05:42:27.2242 FLS.Server.Service.Accounting.Rules.BaseAccountingRule NOT applied rule InstructorFeeRule, Nr of Conditions=2, RuleApplied=False, StopRuleEngineWhenRuleApplied=False, Rule-Filter: Instruktor-Honorar Karl of type: FLS.Server.Service.Accounting.Rules.ItemRules.InstructorFeeRule has conditions: '(1 EQUALS 1 ==> True),('424976' INTERSECTS ANY  ==> False)' for Flight: Glider-Flight: HB-3407, Pilot: Stahel Morli, Flight-Date: 12/02/2025, Starttime: 00:00, LdgTime: 00:47, Flightcode: 63, Nr of Ldgs: 1/0, Flight-Air-State: 20, Flight-Process-State: 40
2026-05-25 05:42:27.2361 FLS.Server.Service.Accounting.Rules.BaseAccountingRule NOT applied rule InstructorFeeRule, Nr of Conditions=2, RuleApplied=False, StopRuleEngineWhenRuleApplied=False, Rule-Filter: Instruktor-Honorar HUK of type: FLS.Server.Service.Accounting.Rules.ItemRules.InstructorFeeRule has conditions: '(1 EQUALS 1 ==> True),('536594' INTERSECTS ANY  ==> False)' for Flight: Glider-Flight: HB-3407, Pilot: Stahel Morli, Flight-Date: 12/02/2025, Starttime: 00:00, LdgTime: 00:47, Flightcode: 63, Nr of Ldgs: 1/0, Flight-Air-State: 20, Flight-Process-State: 40
2026-05-25 05:42:27.2491 FLS.Server.Service.Accounting.Rules.BaseAccountingRule Added new delivery item line to delivery. Line: Pos: 2 Product: 9060 Text: e2e landingtax Qty: 1 of type: Landung Discount: 0% Add. Info: 
2026-05-25 05:42:27.2535 FLS.Server.Service.WorkflowService Execute planning day mail job.
2026-05-25 05:42:27.2565 FLS.Server.Service.Accounting.Rules.BaseAccountingRule Applied rule LandingTaxRule, Nr of Conditions=2, RuleApplied=True, StopRuleEngineWhenRuleApplied=False, Rule-Filter: e2e LandingTax of type: FLS.Server.Service.Accounting.Rules.ItemRules.LandingTaxRule has conditions: '(1 EQUALS 1 ==> True),(Value: 2820 is BETWEEN 0 and 2147483647 (incl. minValue = False; maxValue = True ==> True)' for Flight: Glider-Flight: HB-3407, Pilot: Stahel Morli, Flight-Date: 12/02/2025, Starttime: 00:00, LdgTime: 00:47, Flightcode: 63, Nr of Ldgs: 1/0, Flight-Air-State: 20, Flight-Process-State: 40
2026-05-25 05:42:27.2640 FLS.Server.Service.Jobs.PlanningDayNotificationJob Executing planning day notification job
2026-05-25 05:42:27.2657 FLS.Server.Service.Accounting.Rules.BaseAccountingRule NOT applied rule LandingTaxOnStartLocationRule, Nr of Conditions=3, RuleApplied=False, StopRuleEngineWhenRuleApplied=False, Rule-Filter: e2e LandingTax of type: FLS.Server.Service.Accounting.Rules.ItemRules.LandingTaxOnStartLocationRule has conditions: '(1 EQUALS 1 ==> True),(False EQUALS True ==> False),(Value: 2820 is BETWEEN 0 and 2147483647 (incl. minValue = False; maxValue = True ==> True)' for Flight: Glider-Flight: HB-3407, Pilot: Stahel Morli, Flight-Date: 12/02/2025, Starttime: 00:00, LdgTime: 00:47, Flightcode: 63, Nr of Ldgs: 1/0, Flight-Air-State: 20, Flight-Process-State: 40
2026-05-25 05:42:27.2722 FLS.Server.Service.Accounting.Rules.BaseAccountingRule Added new delivery item line to delivery. Line: Pos: 3 Product: 1003 Text: VSF-Gebühr Qty: 1 of type: Landung Discount: 0% Add. Info: 
2026-05-25 05:42:27.2817 FLS.Server.Service.Accounting.Rules.BaseAccountingRule Applied rule VsfFeeRule, Nr of Conditions=2, RuleApplied=True, StopRuleEngineWhenRuleApplied=False, Rule-Filter: VSF-Gebühr of type: FLS.Server.Service.Accounting.Rules.ItemRules.VsfFeeRule has conditions: '(1 EQUALS 1 ==> True),(collection: '5bfd35f5-1183-4f7a-84b5-8c0c19288ed3' CONTAINS key: 5bfd35f5-1183-4f7a-84b5-8c0c19288ed3 ==> True)' for Flight: Glider-Flight: HB-3407, Pilot: Stahel Morli, Flight-Date: 12/02/2025, Starttime: 00:00, LdgTime: 00:47, Flightcode: 63, Nr of Ldgs: 1/0, Flight-Air-State: 20, Flight-Process-State: 40
2026-05-25 05:42:27.2990 FLS.Server.Service.Accounting.Rules.BaseAccountingRule NOT applied rule VsfFeeOnStartLocationRule, Nr of Conditions=2, RuleApplied=False, StopRuleEngineWhenRuleApplied=False, Rule-Filter: VSF-Gebühr of type: FLS.Server.Service.Accounting.Rules.ItemRules.VsfFeeOnStartLocationRule has conditions: '(1 EQUALS 1 ==> True),(False EQUALS True ==> False)' for Flight: Glider-Flight: HB-3407, Pilot: Stahel Morli, Flight-Date: 12/02/2025, Starttime: 00:00, LdgTime: 00:47, Flightcode: 63, Nr of Ldgs: 1/0, Flight-Air-State: 20, Flight-Process-State: 40
2026-05-25 05:42:27.3108 FLS.Server.Service.BaseService Created accounting for Stahel Morli: Flight-Date: 12/02/2025 Aircraft: HB-3407 Nr of Lines: 3
2026-05-25 05:42:27.3245 FLS.Server.Data.FLSDataEntities Insert AccountingRuleFilter with data: [AccountingRuleFilter -> AccountingRuleFilterId: 57a936f2-4bbb-40df-8715-56ed42d02588, ClubId: 0fa7b76f-47ba-4138-8f96-671400fd7c83, AccountingRuleFilterTypeId: 30, RuleFilterName: HB-KCB Schulung bis 10min, Description: , IsActive: True, SortIndicator: 6, ArticleTarget: {"ArticleNumber":"1068","DeliveryLineText":"Schulung"}, RecipientTarget: , StopRuleEngineWhenRuleApplied: False, IsRuleForGliderFlights: True, IsRuleForTowingFlights: True, IsRuleForMotorFlights: False, UseRuleForAllAircraftsExceptListed: False, MatchedAircraftImmatriculations: ["HB-KCB"], UseRuleForAllStartTypesExceptListed: True, MatchedStartTypes: [], UseRuleForAllFlightTypesExceptListed: False, MatchedFlightTypeCodes: ["70","80","66","68","69","77","88","78"], ExtendMatchingFlightTypeCodesToGliderAndTowFlight: True, UseRuleForAllStartLocationsExceptListed: False, MatchedStartLocations: ["LSZK"], UseRuleForAllLdgLocationsExceptListed: True, MatchedLdgLocations: [], UseRuleForAllClubMemberNumbersExceptListed: True, MatchedClubMemberNumbers: [], UseRuleForAllFlightCrewTypesExceptListed: True, MatchedFlightCrewTypes: [], UseRuleForAllAircraftsOnHomebaseExceptListed: True, MatchedAircraftsHomebase: [], UseRuleForAllMemberStatesExceptListed: True, MatchedMemberStates: [], UseRuleForAllPersonCategoriesExceptListed: True, MatchedPersonCategories: [], IsChargedToClubInternal: False, MinFlightTimeInSecondsMatchingValue: 0, MaxFlightTimeInSecondsMatchingValue: 600, MinEngineTimeInSecondsMatchingValue: 0, MaxEngineTimeInSecondsMatchingValue: 2147483647, IncludeThresholdText: True, ThresholdText: 1. bis 10. Min., IncludeFlightTypeName: False, NoLandingTaxForGlider: False, NoLandingTaxForTowingAircraft: False, NoLandingTaxForAircraft: False, AccountingUnitTypeId: 10, CreatedOn: 05/25/2026 05:42:27, CreatedByUserId: 36073196-1ee3-4a97-a3fa-f5f60039f041, ModifiedOn: , ModifiedByUserId: , DeletedOn: , DeletedByUserId: , RecordState: 1, OwnerId: 0fa7b76f-47ba-4138-8f96-671400fd7c83, OwnershipType: 2, IsDeleted: False, Id: 57a936f2-4bbb-40df-8715-56ed42d02588,  <- AccountingRuleFilter]

2026-05-25 05:42:27.3910 FLS.Server.Data.FLSDataEntities Delete AccountingRuleFilter with Data: [AccountingRuleFilter -> AccountingRuleFilterId: facd32a2-fedc-40d8-85a8-288326f82b73, ClubId: 0fa7b76f-47ba-4138-8f96-671400fd7c83, AccountingRuleFilterTypeId: 60, RuleFilterName: e2e LandingTax, Description: e2e #32: e2e LandingTax, IsActive: True, SortIndicator: 1000, ArticleTarget: {"ArticleNumber":"9060","DeliveryLineText":"e2e landingtax"}, RecipientTarget: , StopRuleEngineWhenRuleApplied: False, IsRuleForGliderFlights: True, IsRuleForTowingFlights: True, IsRuleForMotorFlights: True, UseRuleForAllAircraftsExceptListed: True, MatchedAircraftImmatriculations: [], UseRuleForAllStartTypesExceptListed: True, MatchedStartTypes: [], UseRuleForAllFlightTypesExceptListed: True, MatchedFlightTypeCodes: [], ExtendMatchingFlightTypeCodesToGliderAndTowFlight: False, UseRuleForAllStartLocationsExceptListed: True, MatchedStartLocations: [], UseRuleForAllLdgLocationsExceptListed: True, MatchedLdgLocations: [], UseRuleForAllClubMemberNumbersExceptListed: True, MatchedClubMemberNumbers: [], UseRuleForAllFlightCrewTypesExceptListed: True, MatchedFlightCrewTypes: [], UseRuleForAllAircraftsOnHomebaseExceptListed: True, MatchedAircraftsHomebase: [], UseRuleForAllMemberStatesExceptListed: True, MatchedMemberStates: [], UseRuleForAllPersonCategoriesExceptListed: True, MatchedPersonCategories: [], IsChargedToClubInternal: False, MinFlightTimeInSecondsMatchingValue: 0, MaxFlightTimeInSecondsMatchingValue: 2147483647, MinEngineTimeInSecondsMatchingValue: 0, MaxEngineTimeInSecondsMatchingValue: 2147483647, IncludeThresholdText: False, ThresholdText: , IncludeFlightTypeName: False, NoLandingTaxForGlider: False, NoLandingTaxForTowingAircraft: False, NoLandingTaxForAircraft: False, AccountingUnitTypeId: , CreatedOn: 05/25/2026 05:42:26, CreatedByUserId: 36073196-1ee3-4a97-a3fa-f5f60039f041, ModifiedOn: , ModifiedByUserId: , DeletedOn: 05/25/2026 05:42:27, DeletedByUserId: 36073196-1ee3-4a97-a3fa-f5f60039f041, RecordState: 99, OwnerId: 0fa7b76f-47ba-4138-8f96-671400fd7c83, OwnershipType: 2, IsDeleted: False, Id: facd32a2-fedc-40d8-85a8-288326f82b73,  <- AccountingRuleFilter]

2026-05-25 05:42:27.4576 FLS.Server.Data.FLSDataEntities Insert AccountingRuleFilter with data: [AccountingRuleFilter -> AccountingRuleFilterId: bee68c5d-badf-4da8-978d-8e0499520a03, ClubId: 0fa7b76f-47ba-4138-8f96-671400fd7c83, AccountingRuleFilterTypeId: 30, RuleFilterName: HB-KCB Schulung ab 11.min, Description: , IsActive: True, SortIndicator: 7, ArticleTarget: {"ArticleNumber":"1069","DeliveryLineText":"Schulung"}, RecipientTarget: , StopRuleEngineWhenRuleApplied: False, IsRuleForGliderFlights: True, IsRuleForTowingFlights: True, IsRuleForMotorFlights: False, UseRuleForAllAircraftsExceptListed: False, MatchedAircraftImmatriculations: ["HB-KCB"], UseRuleForAllStartTypesExceptListed: True, MatchedStartTypes: [], UseRuleForAllFlightTypesExceptListed: False, MatchedFlightTypeCodes: ["70","80","66","68","69","77","88","78"], ExtendMatchingFlightTypeCodesToGliderAndTowFlight: True, UseRuleForAllStartLocationsExceptListed: False, MatchedStartLocations: ["LSZK"], UseRuleForAllLdgLocationsExceptListed: True, MatchedLdgLocations: [], UseRuleForAllClubMemberNumbersExceptListed: True, MatchedClubMemberNumbers: [], UseRuleForAllFlightCrewTypesExceptListed: True, MatchedFlightCrewTypes: [], UseRuleForAllAircraftsOnHomebaseExceptListed: True, MatchedAircraftsHomebase: [], UseRuleForAllMemberStatesExceptListed: True, MatchedMemberStates: [], UseRuleForAllPersonCategoriesExceptListed: True, MatchedPersonCategories: [], IsChargedToClubInternal: False, MinFlightTimeInSecondsMatchingValue: 600, MaxFlightTimeInSecondsMatchingValue: 2147483647, MinEngineTimeInSecondsMatchingValue: 0, MaxEngineTimeInSecondsMatchingValue: 2147483647, IncludeThresholdText: True, ThresholdText: ab 11. Min., IncludeFlightTypeName: False, NoLandingTaxForGlider: False, NoLandingTaxForTowingAircraft: False, NoLandingTaxForAircraft: False, AccountingUnitTypeId: 10, CreatedOn: 05/25/2026 05:42:27, CreatedByUserId: 36073196-1ee3-4a97-a3fa-f5f60039f041, ModifiedOn: , ModifiedByUserId: , DeletedOn: , DeletedByUserId: , RecordState: 1, OwnerId: 0fa7b76f-47ba-4138-8f96-671400fd7c83, OwnershipType: 2, IsDeleted: False, Id: bee68c5d-badf-4da8-978d-8e0499520a03,  <- AccountingRuleFilter]

2026-05-25 05:42:27.4712 FLS.Server.Data.FLSDataEntities Insert AccountingRuleFilter with data: [AccountingRuleFilter -> AccountingRuleFilterId: 98884c83-cf7d-4771-a8d7-fa09266aee88, ClubId: 0fa7b76f-47ba-4138-8f96-671400fd7c83, AccountingRuleFilterTypeId: 70, RuleFilterName: e2e VsfFee, Description: e2e #32: e2e VsfFee, IsActive: True, SortIndicator: 1000, ArticleTarget: {"ArticleNumber":"9070","DeliveryLineText":"e2e vsf"}, RecipientTarget: , StopRuleEngineWhenRuleApplied: False, IsRuleForGliderFlights: True, IsRuleForTowingFlights: True, IsRuleForMotorFlights: True, UseRuleForAllAircraftsExceptListed: True, MatchedAircraftImmatriculations: [], UseRuleForAllStartTypesExceptListed: True, MatchedStartTypes: [], UseRuleForAllFlightTypesExceptListed: True, MatchedFlightTypeCodes: [], ExtendMatchingFlightTypeCodesToGliderAndTowFlight: False, UseRuleForAllStartLocationsExceptListed: True, MatchedStartLocations: [], UseRuleForAllLdgLocationsExceptListed: True, MatchedLdgLocations: [], UseRuleForAllClubMemberNumbersExceptListed: True, MatchedClubMemberNumbers: [], UseRuleForAllFlightCrewTypesExceptListed: True, MatchedFlightCrewTypes: [], UseRuleForAllAircraftsOnHomebaseExceptListed: True, MatchedAircraftsHomebase: [], UseRuleForAllMemberStatesExceptListed: True, MatchedMemberStates: [], UseRuleForAllPersonCategoriesExceptListed: True, MatchedPersonCategories: [], IsChargedToClubInternal: False, MinFlightTimeInSecondsMatchingValue: 0, MaxFlightTimeInSecondsMatchingValue: 2147483647, MinEngineTimeInSecondsMatchingValue: 0, MaxEngineTimeInSecondsMatchingValue: 2147483647, IncludeThresholdText: False, ThresholdText: , IncludeFlightTypeName: False, NoLandingTaxForGlider: False, NoLandingTaxForTowingAircraft: False, NoLandingTaxForAircraft: False, AccountingUnitTypeId: 30, CreatedOn: 05/25/2026 05:42:27, CreatedByUserId: 36073196-1ee3-4a97-a3fa-f5f60039f041, ModifiedOn: , ModifiedByUserId: , DeletedOn: , DeletedByUserId: , RecordState: 1, OwnerId: 0fa7b76f-47ba-4138-8f96-671400fd7c83, OwnershipType: 2, IsDeleted: False, Id: 98884c83-cf7d-4771-a8d7-fa09266aee88,  <- AccountingRuleFilter]

2026-05-25 05:42:27.5317 FLS.Server.Service.Jobs.PlanningDayNotificationJob No planning days for tomorrow for club Flugsportgruppe Zueri-Oberland found, no email will be sent.
2026-05-25 05:42:27.5737 FLS.Server.Service.Jobs.PlanningDayNotificationJob No planning days for tomorrow for club Other-Test-Club found, no email will be sent.
2026-05-25 05:42:27.6024 FLS.Server.Data.FLSDataEntities Insert AccountingRuleFilter with data: [AccountingRuleFilter -> AccountingRuleFilterId: dcfb4066-63e2-4e11-b878-49c4fd8a5712, ClubId: 0fa7b76f-47ba-4138-8f96-671400fd7c83, AccountingRuleFilterTypeId: 30, RuleFilterName: HB-KCB Privat bis 10min, Description: , IsActive: True, SortIndicator: 8, ArticleTarget: {"ArticleNumber":"1066","DeliveryLineText":"Privat"}, RecipientTarget: , StopRuleEngineWhenRuleApplied: False, IsRuleForGliderFlights: True, IsRuleForTowingFlights: True, IsRuleForMotorFlights: False, UseRuleForAllAircraftsExceptListed: False, MatchedAircraftImmatriculations: ["HB-KCB"], UseRuleForAllStartTypesExceptListed: True, MatchedStartTypes: [], UseRuleForAllFlightTypesExceptListed: True, MatchedFlightTypeCodes: ["70","80","66","68","69","77","88","78"], ExtendMatchingFlightTypeCodesToGliderAndTowFlight: True, UseRuleForAllStartLocationsExceptListed: False, MatchedStartLocations: ["LSZK"], UseRuleForAllLdgLocationsExceptListed: True, MatchedLdgLocations: [], UseRuleForAllClubMemberNumbersExceptListed: True, MatchedClubMemberNumbers: [], UseRuleForAllFlightCrewTypesExceptListed: True, MatchedFlightCrewTypes: [], UseRuleForAllAircraftsOnHomebaseExceptListed: True, MatchedAircraftsHomebase: [], UseRuleForAllMemberStatesExceptListed: True, MatchedMemberStates: [], UseRuleForAllPersonCategoriesExceptListed: True, MatchedPersonCategories: [], IsChargedToClubInternal: False, MinFlightTimeInSecondsMatchingValue: 0, MaxFlightTimeInSecondsMatchingValue: 600, MinEngineTimeInSecondsMatchingValue: 0, MaxEngineTimeInSecondsMatchingValue: 2147483647, IncludeThresholdText: True, ThresholdText: 1. bis 10. Min., IncludeFlightTypeName: False, NoLandingTaxForGlider: False, NoLandingTaxForTowingAircraft: False, NoLandingTaxForAircraft: False, AccountingUnitTypeId: 10, CreatedOn: 05/25/2026 05:42:27, CreatedByUserId: 36073196-1ee3-4a97-a3fa-f5f60039f041, ModifiedOn: , ModifiedByUserId: , DeletedOn: , DeletedByUserId: , RecordState: 1, OwnerId: 0fa7b76f-47ba-4138-8f96-671400fd7c83, OwnershipType: 2, IsDeleted: False, Id: dcfb4066-63e2-4e11-b878-49c4fd8a5712,  <- AccountingRuleFilter]

2026-05-25 05:42:27.7355 FLS.Server.Service.BaseService Get 30 AccountingRuleFilters of clubId: 0fa7b76f-47ba-4138-8f96-671400fd7c83
2026-05-25 05:42:27.7499 FLS.Server.Service.BaseService Start creating accounting for flight: Glider-Flight: HB-3407, Pilot: Stahel Morli, Flight-Date: 12/02/2025, Starttime: 00:00, LdgTime: 00:47, Flightcode: 63, Nr of Ldgs: 1/0, Flight-Air-State: 20, Flight-Process-State: 40 using 30 recipient rule filters and 30 accounting line rule filters.
2026-05-25 05:42:27.7715 FLS.Server.Service.RulesEngine.BaseRule NOT applied rule FlightCostPaidByPersonRule, Nr of Conditions=1, RuleApplied=False, StopRuleEngineWhenRuleApplied=False
2026-05-25 05:42:27.7998 FLS.Server.Data.FLSDataEntities Insert AccountingRuleFilter with data: [AccountingRuleFilter -> AccountingRuleFilterId: aaac8095-6cdb-4681-918a-3b240ab45238, ClubId: 0fa7b76f-47ba-4138-8f96-671400fd7c83, AccountingRuleFilterTypeId: 30, RuleFilterName: HB-KCB Privat ab 11.min, Description: , IsActive: True, SortIndicator: 9, ArticleTarget: {"ArticleNumber":"1067","DeliveryLineText":"Privat"}, RecipientTarget: , StopRuleEngineWhenRuleApplied: False, IsRuleForGliderFlights: True, IsRuleForTowingFlights: True, IsRuleForMotorFlights: False, UseRuleForAllAircraftsExceptListed: False, MatchedAircraftImmatriculations: ["HB-KCB"], UseRuleForAllStartTypesExceptListed: True, MatchedStartTypes: [], UseRuleForAllFlightTypesExceptListed: True, MatchedFlightTypeCodes: ["70","80","66","68","69","77","88","78"], ExtendMatchingFlightTypeCodesToGliderAndTowFlight: True, UseRuleForAllStartLocationsExceptListed: False, MatchedStartLocations: ["LSZK"], UseRuleForAllLdgLocationsExceptListed: True, MatchedLdgLocations: [], UseRuleForAllClubMemberNumbersExceptListed: True, MatchedClubMemberNumbers: [], UseRuleForAllFlightCrewTypesExceptListed: True, MatchedFlightCrewTypes: [], UseRuleForAllAircraftsOnHomebaseExceptListed: True, MatchedAircraftsHomebase: [], UseRuleForAllMemberStatesExceptListed: True, MatchedMemberStates: [], UseRuleForAllPersonCategoriesExceptListed: True, MatchedPersonCategories: [], IsChargedToClubInternal: False, MinFlightTimeInSecondsMatchingValue: 600, MaxFlightTimeInSecondsMatchingValue: 2147483647, MinEngineTimeInSecondsMatchingValue: 0, MaxEngineTimeInSecondsMatchingValue: 2147483647, IncludeThresholdText: True, ThresholdText: ab 11. Min., IncludeFlightTypeName: False, NoLandingTaxForGlider: False, NoLandingTaxForTowingAircraft: False, NoLandingTaxForAircraft: False, AccountingUnitTypeId: 10, CreatedOn: 05/25/2026 05:42:27, CreatedByUserId: 36073196-1ee3-4a97-a3fa-f5f60039f041, ModifiedOn: , ModifiedByUserId: , DeletedOn: , DeletedByUserId: , RecordState: 1, OwnerId: 0fa7b76f-47ba-4138-8f96-671400fd7c83, OwnershipType: 2, IsDeleted: False, Id: aaac8095-6cdb-4681-918a-3b240ab45238,  <- AccountingRuleFilter]

2026-05-25 05:42:27.8028 FLS.Server.Service.RulesEngine.BaseRule Applied rule FlightCostPaidByPilotRule, Nr of Conditions=1, RuleApplied=True, StopRuleEngineWhenRuleApplied=False
2026-05-25 05:42:27.8327 FLS.Server.Service.RulesEngine.BaseRule Applied rule FlightDeliveryInfoRule, Nr of Conditions=1, RuleApplied=True, StopRuleEngineWhenRuleApplied=False
2026-05-25 05:42:27.8397 FLS.Server.Service.RulesEngine.BaseRule Applied rule AdditionalInfoRule, Nr of Conditions=1, RuleApplied=True, StopRuleEngineWhenRuleApplied=False
2026-05-25 05:42:27.8487 FLS.Server.Service.Accounting.Rules.BaseAccountingRule NOT applied rule AircraftFlightTimeRule, Nr of Conditions=4, RuleApplied=False, StopRuleEngineWhenRuleApplied=False, Rule-Filter: HB-1841 Privat of type: FLS.Server.Service.Accounting.Rules.ItemRules.AircraftFlightTimeRule has conditions: '(1 EQUALS 1 ==> True),(collection: '1850f1f0-96f3-42a8-acf5-8b358dfe5103' CONTAINS key: 34896816-6341-43b1-ad93-16a600866ae6 ==> False),(INVERTS condition: (null OR (collection: '70,80,66,68,69,77,88,78' CONTAINS key: 63 ==> False) ==> False) ==> True),(Value: 2820 is BETWEEN 0 and 2147483647 (incl. minValue = False; maxValue = True ==> True)' for Flight: Glider-Flight: HB-3407, Pilot: Stahel Morli, Flight-Date: 12/02/2025, Starttime: 00:00, LdgTime: 00:47, Flightcode: 63, Nr of Ldgs: 1/0, Flight-Air-State: 20, Flight-Process-State: 40
2026-05-25 05:42:27.8618 FLS.Server.Service.Accounting.Rules.BaseAccountingRule NOT applied rule AircraftFlightTimeRule, Nr of Conditions=5, RuleApplied=False, StopRuleEngineWhenRuleApplied=False, Rule-Filter: HB-2464 Weiterbildung mit Pauschale of type: FLS.Server.Service.Accounting.Rules.ItemRules.AircraftFlightTimeRule has conditions: '(1 EQUALS 1 ==> True),(collection: '7f2bfbdc-04f3-46b5-9ad0-5a687d040741' CONTAINS key: 34896816-6341-43b1-ad93-16a600866ae6 ==> False),(null OR (collection: '77,88,78' CONTAINS key: 63 ==> False) ==> False),(INVERTS condition: ('363289,897764,155264,463161,622976,686001' INTERSECTS ANY 222323 ==> False) ==> True),(Value: 2820 is BETWEEN 0 and 2147483647 (incl. minValue = False; maxValue = True ==> True)' for Flight: Glider-Flight: HB-3407, Pilot: Stahel Morli, Flight-Date: 12/02/2025, Starttime: 00:00, LdgTime: 00:47, Flightcode: 63, Nr of Ldgs: 1/0, Flight-Air-State: 20, Flight-Process-State: 40
2026-05-25 05:42:27.8685 FLS.Server.Service.Accounting.Rules.BaseAccountingRule NOT applied rule AircraftFlightTimeRule, Nr of Conditions=5, RuleApplied=False, StopRuleEngineWhenRuleApplied=False, Rule-Filter: HB-1841 Weiterbildung mit Pauschale of type: FLS.Server.Service.Accounting.Rules.ItemRules.AircraftFlightTimeRule has conditions: '(1 EQUALS 1 ==> True),(collection: '1850f1f0-96f3-42a8-acf5-8b358dfe5103' CONTAINS key: 34896816-6341-43b1-ad93-16a600866ae6 ==> False),(null OR (collection: '77,88,78' CONTAINS key: 63 ==> False) ==> False),(INVERTS condition: ('363289,897764,155264,463161,622976,686001' INTERSECTS ANY 222323 ==> False) ==> True),(Value: 2820 is BETWEEN 0 and 2147483647 (incl. minValue = False; maxValue = True ==> True)' for Flight: Glider-Flight: HB-3407, Pilot: Stahel Morli, Flight-Date: 12/02/2025, Starttime: 00:00, LdgTime: 00:47, Flightcode: 63, Nr of Ldgs: 1/0, Flight-Air-State: 20, Flight-Process-State: 40
2026-05-25 05:42:27.8866 FLS.Server.Service.Accounting.Rules.BaseAccountingRule NOT applied rule AircraftFlightTimeRule, Nr of Conditions=4, RuleApplied=False, StopRuleEngineWhenRuleApplied=False, Rule-Filter: HB-3407 Schulung of type: FLS.Server.Service.Accounting.Rules.ItemRules.AircraftFlightTimeRule has conditions: '(1 EQUALS 1 ==> True),(collection: '34896816-6341-43b1-ad93-16a600866ae6' CONTAINS key: 34896816-6341-43b1-ad93-16a600866ae6 ==> True),(null OR (collection: '70,80,66,68,69' CONTAINS key: 63 ==> False) ==> False),(Value: 2820 is BETWEEN 0 and 2147483647 (incl. minValue = False; maxValue = True ==> True)' for Flight: Glider-Flight: HB-3407, Pilot: Stahel Morli, Flight-Date: 12/02/2025, Starttime: 00:00, LdgTime: 00:47, Flightcode: 63, Nr of Ldgs: 1/0, Flight-Air-State: 20, Flight-Process-State: 40
2026-05-25 05:42:27.9170 FLS.Server.Service.Accounting.Rules.BaseAccountingRule NOT applied rule AircraftFlightTimeRule, Nr of Conditions=5, RuleApplied=False, StopRuleEngineWhenRuleApplied=False, Rule-Filter: HB-1824 Weiterbildung mit Pauschale of type: FLS.Server.Service.Accounting.Rules.ItemRules.AircraftFlightTimeRule has conditions: '(1 EQUALS 1 ==> True),(collection: 'ea148d3d-b9e1-493c-b115-a99b60bcadb1' CONTAINS key: 34896816-6341-43b1-ad93-16a600866ae6 ==> False),(null OR (collection: '77,88,78' CONTAINS key: 63 ==> False) ==> False),(INVERTS condition: ('363289,897764,155264,463161,622976,686001' INTERSECTS ANY 222323 ==> False) ==> True),(Value: 2820 is BETWEEN 0 and 2147483647 (incl. minValue = False; maxValue = True ==> True)' for Flight: Glider-Flight: HB-3407, Pilot: Stahel Morli, Flight-Date: 12/02/2025, Starttime: 00:00, LdgTime: 00:47, Flightcode: 63, Nr of Ldgs: 1/0, Flight-Air-State: 20, Flight-Process-State: 40
2026-05-25 05:42:27.9336 FLS.Server.Service.Accounting.Rules.BaseAccountingRule NOT applied rule AircraftFlightTimeRule, Nr of Conditions=5, RuleApplied=False, StopRuleEngineWhenRuleApplied=False, Rule-Filter: HB-3256 Weiterbildung ohne Pauschale of type: FLS.Server.Service.Accounting.Rules.ItemRules.AircraftFlightTimeRule has conditions: '(1 EQUALS 1 ==> True),(collection: '4aa36c51-802a-4d94-a227-7a5286b3964c' CONTAINS key: 34896816-6341-43b1-ad93-16a600866ae6 ==> False),(null OR (collection: '77,88,78' CONTAINS key: 63 ==> False) ==> False),('363289,897764,155264,463161,622976,686001' INTERSECTS ANY 222323 ==> False),(Value: 2820 is BETWEEN 0 and 2147483647 (incl. minValue = False; maxValue = True ==> True)' for Flight: Glider-Flight: HB-3407, Pilot: Stahel Morli, Flight-Date: 12/02/2025, Starttime: 00:00, LdgTime: 00:47, Flightcode: 63, Nr of Ldgs: 1/0, Flight-Air-State: 20, Flight-Process-State: 40
2026-05-25 05:42:27.9363 FLS.Server.Data.FLSDataEntities Insert AccountingRuleFilter with data: [AccountingRuleFilter -> AccountingRuleFilterId: dc8a09f8-16b9-4bf1-8497-9fa37d0af830, ClubId: 0fa7b76f-47ba-4138-8f96-671400fd7c83, AccountingRuleFilterTypeId: 30, RuleFilterName: HB-PFW, Description: , IsActive: True, SortIndicator: 10, ArticleTarget: {"ArticleNumber":"1153","DeliveryLineText":""}, RecipientTarget: , StopRuleEngineWhenRuleApplied: False, IsRuleForGliderFlights: True, IsRuleForTowingFlights: True, IsRuleForMotorFlights: False, UseRuleForAllAircraftsExceptListed: False, MatchedAircraftImmatriculations: ["HB-PFW"], UseRuleForAllStartTypesExceptListed: True, MatchedStartTypes: [], UseRuleForAllFlightTypesExceptListed: True, MatchedFlightTypeCodes: [], ExtendMatchingFlightTypeCodesToGliderAndTowFlight: False, UseRuleForAllStartLocationsExceptListed: True, MatchedStartLocations: [], UseRuleForAllLdgLocationsExceptListed: True, MatchedLdgLocations: [], UseRuleForAllClubMemberNumbersExceptListed: True, MatchedClubMemberNumbers: [], UseRuleForAllFlightCrewTypesExceptListed: True, MatchedFlightCrewTypes: [], UseRuleForAllAircraftsOnHomebaseExceptListed: True, MatchedAircraftsHomebase: [], UseRuleForAllMemberStatesExceptListed: True, MatchedMemberStates: [], UseRuleForAllPersonCategoriesExceptListed: True, MatchedPersonCategories: [], IsChargedToClubInternal: False, MinFlightTimeInSecondsMatchingValue: 0, MaxFlightTimeInSecondsMatchingValue: 2147483647, MinEngineTimeInSecondsMatchingValue: 0, MaxEngineTimeInSecondsMatchingValue: 2147483647, IncludeThresholdText: False, ThresholdText: , IncludeFlightTypeName: False, NoLandingTaxForGlider: False, NoLandingTaxForTowingAircraft: False, NoLandingTaxForAircraft: False, AccountingUnitTypeId: 10, CreatedOn: 05/25/2026 05:42:27, CreatedByUserId: 36073196-1ee3-4a97-a3fa-f5f60039f041, ModifiedOn: , ModifiedByUserId: , DeletedOn: , DeletedByUserId: , RecordState: 1, OwnerId: 0fa7b76f-47ba-4138-8f96-671400fd7c83, OwnershipType: 2, IsDeleted: False, Id: dc8a09f8-16b9-4bf1-8497-9fa37d0af830,  <- AccountingRuleFilter]

2026-05-25 05:42:27.9451 FLS.Server.Service.Accounting.Rules.BaseAccountingRule NOT applied rule AircraftFlightTimeRule, Nr of Conditions=5, RuleApplied=False, StopRuleEngineWhenRuleApplied=False, Rule-Filter: HB-1841 Weiterbildung ohne Pauschale of type: FLS.Server.Service.Accounting.Rules.ItemRules.AircraftFlightTimeRule has conditions: '(1 EQUALS 1 ==> True),(collection: '1850f1f0-96f3-42a8-acf5-8b358dfe5103' CONTAINS key: 34896816-6341-43b1-ad93-16a600866ae6 ==> False),(null OR (collection: '77,88,78' CONTAINS key: 63 ==> False) ==> False),('363289,897764,155264,463161,622976,686001' INTERSECTS ANY 222323 ==> False),(Value: 2820 is BETWEEN 0 and 2147483647 (incl. minValue = False; maxValue = True ==> True)' for Flight: Glider-Flight: HB-3407, Pilot: Stahel Morli, Flight-Date: 12/02/2025, Starttime: 00:00, LdgTime: 00:47, Flightcode: 63, Nr of Ldgs: 1/0, Flight-Air-State: 20, Flight-Process-State: 40
2026-05-25 05:42:27.9575 FLS.Server.Service.Accounting.Rules.BaseAccountingRule NOT applied rule AircraftFlightTimeRule, Nr of Conditions=5, RuleApplied=False, StopRuleEngineWhenRuleApplied=False, Rule-Filter: HB-1824 Weiterbildung ohne Pauschale of type: FLS.Server.Service.Accounting.Rules.ItemRules.AircraftFlightTimeRule has conditions: '(1 EQUALS 1 ==> True),(collection: 'ea148d3d-b9e1-493c-b115-a99b60bcadb1' CONTAINS key: 34896816-6341-43b1-ad93-16a600866ae6 ==> False),(null OR (collection: '77,88,78' CONTAINS key: 63 ==> False) ==> False),('363289,897764,155264,463161,622976,686001' INTERSECTS ANY 222323 ==> False),(Value: 2820 is BETWEEN 0 and 2147483647 (incl. minValue = False; maxValue = True ==> True)' for Flight: Glider-Flight: HB-3407, Pilot: Stahel Morli, Flight-Date: 12/02/2025, Starttime: 00:00, LdgTime: 00:47, Flightcode: 63, Nr of Ldgs: 1/0, Flight-Air-State: 20, Flight-Process-State: 40
2026-05-25 05:42:27.9660 FLS.Server.Service.Accounting.Rules.BaseAccountingRule NOT applied rule AircraftFlightTimeRule, Nr of Conditions=5, RuleApplied=False, StopRuleEngineWhenRuleApplied=False, Rule-Filter: HB-KCB Privat bis 10min of type: FLS.Server.Service.Accounting.Rules.ItemRules.AircraftFlightTimeRule has conditions: '(1 EQUALS 1 ==> True),(collection: '33fa9ce5-2079-4bc4-831c-3f8a63fe6b1e' CONTAINS key: 34896816-6341-43b1-ad93-16a600866ae6 ==> False),(INVERTS condition: (null OR (collection: '70,80,66,68,69,77,88,78' CONTAINS key: 63 ==> False) ==> False) ==> True),(collection: '5bfd35f5-1183-4f7a-84b5-8c0c19288ed3' CONTAINS key: 5bfd35f5-1183-4f7a-84b5-8c0c19288ed3 ==> True),(Value: 2820 is BETWEEN 0 and 600 (incl. minValue = False; maxValue = True ==> False)' for Flight: Glider-Flight: HB-3407, Pilot: Stahel Morli, Flight-Date: 12/02/2025, Starttime: 00:00, LdgTime: 00:47, Flightcode: 63, Nr of Ldgs: 1/0, Flight-Air-State: 20, Flight-Process-State: 40
2026-05-25 05:42:27.9722 FLS.Server.Service.Accounting.Rules.BaseAccountingRule NOT applied rule AircraftFlightTimeRule, Nr of Conditions=5, RuleApplied=False, StopRuleEngineWhenRuleApplied=False, Rule-Filter: HB-KCB Schulung bis 10min of type: FLS.Server.Service.Accounting.Rules.ItemRules.AircraftFlightTimeRule has conditions: '(1 EQUALS 1 ==> True),(collection: '33fa9ce5-2079-4bc4-831c-3f8a63fe6b1e' CONTAINS key: 34896816-6341-43b1-ad93-16a600866ae6 ==> False),(null OR (collection: '70,80,66,68,69,77,88,78' CONTAINS key: 63 ==> False) ==> False),(collection: '5bfd35f5-1183-4f7a-84b5-8c0c19288ed3' CONTAINS key: 5bfd35f5-1183-4f7a-84b5-8c0c19288ed3 ==> True),(Value: 2820 is BETWEEN 0 and 600 (incl. minValue = False; maxValue = True ==> False)' for Flight: Glider-Flight: HB-3407, Pilot: Stahel Morli, Flight-Date: 12/02/2025, Starttime: 00:00, LdgTime: 00:47, Flightcode: 63, Nr of Ldgs: 1/0, Flight-Air-State: 20, Flight-Process-State: 40
2026-05-25 05:42:27.9775 FLS.Server.Service.Accounting.Rules.BaseAccountingRule NOT applied rule AircraftFlightTimeRule, Nr of Conditions=5, RuleApplied=False, StopRuleEngineWhenRuleApplied=False, Rule-Filter: HB-3256 Weiterbildung mit Pauschale of type: FLS.Server.Service.Accounting.Rules.ItemRules.AircraftFlightTimeRule has conditions: '(1 EQUALS 1 ==> True),(collection: '4aa36c51-802a-4d94-a227-7a5286b3964c' CONTAINS key: 34896816-6341-43b1-ad93-16a600866ae6 ==> False),(null OR (collection: '77,88,78' CONTAINS key: 63 ==> False) ==> False),(INVERTS condition: ('363289,897764,155264,463161,622976,686001' INTERSECTS ANY 222323 ==> False) ==> True),(Value: 2820 is BETWEEN 0 and 2147483647 (incl. minValue = False; maxValue = True ==> True)' for Flight: Glider-Flight: HB-3407, Pilot: Stahel Morli, Flight-Date: 12/02/2025, Starttime: 00:00, LdgTime: 00:47, Flightcode: 63, Nr of Ldgs: 1/0, Flight-Air-State: 20, Flight-Process-State: 40
2026-05-25 05:42:27.9822 FLS.Server.Service.Accounting.Rules.BaseAccountingRule NOT applied rule AircraftFlightTimeRule, Nr of Conditions=4, RuleApplied=False, StopRuleEngineWhenRuleApplied=False, Rule-Filter: HB-1824 Schulung of type: FLS.Server.Service.Accounting.Rules.ItemRules.AircraftFlightTimeRule has conditions: '(1 EQUALS 1 ==> True),(collection: 'ea148d3d-b9e1-493c-b115-a99b60bcadb1' CONTAINS key: 34896816-6341-43b1-ad93-16a600866ae6 ==> False),(null OR (collection: '70,80,66,68,69' CONTAINS key: 63 ==> False) ==> False),(Value: 2820 is BETWEEN 0 and 2147483647 (incl. minValue = False; maxValue = True ==> True)' for Flight: Glider-Flight: HB-3407, Pilot: Stahel Morli, Flight-Date: 12/02/2025, Starttime: 00:00, LdgTime: 00:47, Flightcode: 63, Nr of Ldgs: 1/0, Flight-Air-State: 20, Flight-Process-State: 40
2026-05-25 05:42:27.9933 FLS.Server.Service.Accounting.Rules.BaseAccountingRule NOT applied rule AircraftFlightTimeRule, Nr of Conditions=5, RuleApplied=False, StopRuleEngineWhenRuleApplied=False, Rule-Filter: HB-KCB Schulung ab 11.min of type: FLS.Server.Service.Accounting.Rules.ItemRules.AircraftFlightTimeRule has conditions: '(1 EQUALS 1 ==> True),(collection: '33fa9ce5-2079-4bc4-831c-3f8a63fe6b1e' CONTAINS key: 34896816-6341-43b1-ad93-16a600866ae6 ==> False),(null OR (collection: '70,80,66,68,69,77,88,78' CONTAINS key: 63 ==> False) ==> False),(collection: '5bfd35f5-1183-4f7a-84b5-8c0c19288ed3' CONTAINS key: 5bfd35f5-1183-4f7a-84b5-8c0c19288ed3 ==> True),(Value: 2820 is BETWEEN 600 and 2147483647 (incl. minValue = False; maxValue = True ==> True)' for Flight: Glider-Flight: HB-3407, Pilot: Stahel Morli, Flight-Date: 12/02/2025, Starttime: 00:00, LdgTime: 00:47, Flightcode: 63, Nr of Ldgs: 1/0, Flight-Air-State: 20, Flight-Process-State: 40
2026-05-25 05:42:28.0106 FLS.Server.Service.Accounting.Rules.BaseAccountingRule NOT applied rule AircraftFlightTimeRule, Nr of Conditions=4, RuleApplied=False, StopRuleEngineWhenRuleApplied=False, Rule-Filter: HB-2464 Privat of type: FLS.Server.Service.Accounting.Rules.ItemRules.AircraftFlightTimeRule has conditions: '(1 EQUALS 1 ==> True),(collection: '7f2bfbdc-04f3-46b5-9ad0-5a687d040741' CONTAINS key: 34896816-6341-43b1-ad93-16a600866ae6 ==> False),(INVERTS condition: (null OR (collection: '70,80,66,68,69,77,88,78' CONTAINS key: 63 ==> False) ==> False) ==> True),(Value: 2820 is BETWEEN 0 and 2147483647 (incl. minValue = False; maxValue = True ==> True)' for Flight: Glider-Flight: HB-3407, Pilot: Stahel Morli, Flight-Date: 12/02/2025, Starttime: 00:00, LdgTime: 00:47, Flightcode: 63, Nr of Ldgs: 1/0, Flight-Air-State: 20, Flight-Process-State: 40
2026-05-25 05:42:28.0256 FLS.Server.Service.Accounting.Rules.BaseAccountingRule NOT applied rule AircraftFlightTimeRule, Nr of Conditions=5, RuleApplied=False, StopRuleEngineWhenRuleApplied=False, Rule-Filter: HB-3407 Weiterbildung mit Pauschale of type: FLS.Server.Service.Accounting.Rules.ItemRules.AircraftFlightTimeRule has conditions: '(1 EQUALS 1 ==> True),(collection: '34896816-6341-43b1-ad93-16a600866ae6' CONTAINS key: 34896816-6341-43b1-ad93-16a600866ae6 ==> True),(null OR (collection: '77,88,78' CONTAINS key: 63 ==> False) ==> False),(INVERTS condition: ('363289,897764,155264,463161,622976,686001' INTERSECTS ANY 222323 ==> False) ==> True),(Value: 2820 is BETWEEN 0 and 2147483647 (incl. minValue = False; maxValue = True ==> True)' for Flight: Glider-Flight: HB-3407, Pilot: Stahel Morli, Flight-Date: 12/02/2025, Starttime: 00:00, LdgTime: 00:47, Flightcode: 63, Nr of Ldgs: 1/0, Flight-Air-State: 20, Flight-Process-State: 40
2026-05-25 05:42:28.0436 FLS.Server.Service.Accounting.Rules.BaseAccountingRule NOT applied rule AircraftFlightTimeRule, Nr of Conditions=5, RuleApplied=False, StopRuleEngineWhenRuleApplied=False, Rule-Filter: HB-3407 Weiterbildung ohne Pauschale of type: FLS.Server.Service.Accounting.Rules.ItemRules.AircraftFlightTimeRule has conditions: '(1 EQUALS 1 ==> True),(collection: '34896816-6341-43b1-ad93-16a600866ae6' CONTAINS key: 34896816-6341-43b1-ad93-16a600866ae6 ==> True),(null OR (collection: '77,88,78' CONTAINS key: 63 ==> False) ==> False),('363289,897764,155264,463161,622976,686001' INTERSECTS ANY 222323 ==> False),(Value: 2820 is BETWEEN 0 and 2147483647 (incl. minValue = False; maxValue = True ==> True)' for Flight: Glider-Flight: HB-3407, Pilot: Stahel Morli, Flight-Date: 12/02/2025, Starttime: 00:00, LdgTime: 00:47, Flightcode: 63, Nr of Ldgs: 1/0, Flight-Air-State: 20, Flight-Process-State: 40
2026-05-25 05:42:28.0514 FLS.Server.Service.Accounting.Rules.BaseAccountingRule NOT applied rule AircraftFlightTimeRule, Nr of Conditions=5, RuleApplied=False, StopRuleEngineWhenRuleApplied=False, Rule-Filter: HB-2464 Weiterbildung ohne Pauschale of type: FLS.Server.Service.Accounting.Rules.ItemRules.AircraftFlightTimeRule has conditions: '(1 EQUALS 1 ==> True),(collection: '7f2bfbdc-04f3-46b5-9ad0-5a687d040741' CONTAINS key: 34896816-6341-43b1-ad93-16a600866ae6 ==> False),(null OR (collection: '77,88,78' CONTAINS key: 63 ==> False) ==> False),('363289,897764,155264,463161,622976,686001' INTERSECTS ANY 222323 ==> False),(Value: 2820 is BETWEEN 0 and 2147483647 (incl. minValue = False; maxValue = True ==> True)' for Flight: Glider-Flight: HB-3407, Pilot: Stahel Morli, Flight-Date: 12/02/2025, Starttime: 00:00, LdgTime: 00:47, Flightcode: 63, Nr of Ldgs: 1/0, Flight-Air-State: 20, Flight-Process-State: 40
2026-05-25 05:42:28.0655 FLS.Server.Service.Accounting.Rules.BaseAccountingRule NOT applied rule AircraftFlightTimeRule, Nr of Conditions=4, RuleApplied=False, StopRuleEngineWhenRuleApplied=False, Rule-Filter: HB-1841 Schulung of type: FLS.Server.Service.Accounting.Rules.ItemRules.AircraftFlightTimeRule has conditions: '(1 EQUALS 1 ==> True),(collection: '1850f1f0-96f3-42a8-acf5-8b358dfe5103' CONTAINS key: 34896816-6341-43b1-ad93-16a600866ae6 ==> False),(null OR (collection: '70,80,66,68,69' CONTAINS key: 63 ==> False) ==> False),(Value: 2820 is BETWEEN 0 and 2147483647 (incl. minValue = False; maxValue = True ==> True)' for Flight: Glider-Flight: HB-3407, Pilot: Stahel Morli, Flight-Date: 12/02/2025, Starttime: 00:00, LdgTime: 00:47, Flightcode: 63, Nr of Ldgs: 1/0, Flight-Air-State: 20, Flight-Process-State: 40
2026-05-25 05:42:28.0679 FLS.Server.Data.FLSDataEntities Insert AccountingRuleFilter with data: [AccountingRuleFilter -> AccountingRuleFilterId: baa007cc-b98b-4691-9c4c-fdf3ab84cf03, ClubId: 0fa7b76f-47ba-4138-8f96-671400fd7c83, AccountingRuleFilterTypeId: 30, RuleFilterName: HB-KIO, Description: , IsActive: True, SortIndicator: 11, ArticleTarget: {"ArticleNumber":"1154","DeliveryLineText":""}, RecipientTarget: , StopRuleEngineWhenRuleApplied: False, IsRuleForGliderFlights: True, IsRuleForTowingFlights: True, IsRuleForMotorFlights: False, UseRuleForAllAircraftsExceptListed: False, MatchedAircraftImmatriculations: ["HB-KIO"], UseRuleForAllStartTypesExceptListed: True, MatchedStartTypes: [], UseRuleForAllFlightTypesExceptListed: True, MatchedFlightTypeCodes: [], ExtendMatchingFlightTypeCodesToGliderAndTowFlight: False, UseRuleForAllStartLocationsExceptListed: True, MatchedStartLocations: [], UseRuleForAllLdgLocationsExceptListed: True, MatchedLdgLocations: [], UseRuleForAllClubMemberNumbersExceptListed: True, MatchedClubMemberNumbers: [], UseRuleForAllFlightCrewTypesExceptListed: True, MatchedFlightCrewTypes: [], UseRuleForAllAircraftsOnHomebaseExceptListed: True, MatchedAircraftsHomebase: [], UseRuleForAllMemberStatesExceptListed: True, MatchedMemberStates: [], UseRuleForAllPersonCategoriesExceptListed: True, MatchedPersonCategories: [], IsChargedToClubInternal: False, MinFlightTimeInSecondsMatchingValue: 0, MaxFlightTimeInSecondsMatchingValue: 2147483647, MinEngineTimeInSecondsMatchingValue: 0, MaxEngineTimeInSecondsMatchingValue: 2147483647, IncludeThresholdText: False, ThresholdText: , IncludeFlightTypeName: False, NoLandingTaxForGlider: False, NoLandingTaxForTowingAircraft: False, NoLandingTaxForAircraft: False, AccountingUnitTypeId: 10, CreatedOn: 05/25/2026 05:42:28, CreatedByUserId: 36073196-1ee3-4a97-a3fa-f5f60039f041, ModifiedOn: , ModifiedByUserId: , DeletedOn: , DeletedByUserId: , RecordState: 1, OwnerId: 0fa7b76f-47ba-4138-8f96-671400fd7c83, OwnershipType: 2, IsDeleted: False, Id: baa007cc-b98b-4691-9c4c-fdf3ab84cf03,  <- AccountingRuleFilter]

2026-05-25 05:42:28.0740 FLS.Server.Service.Accounting.Rules.BaseAccountingRule Added new delivery item line to Delivery. Line: Pos: 1 Product: 1060 Text: HB-3407 Privat Passagierflug Bar Qty: 47 of type: Minuten Discount: 0% Add. Info: 
2026-05-25 05:42:28.0846 FLS.Server.Service.Accounting.Rules.BaseAccountingRule Applied rule AircraftFlightTimeRule, Nr of Conditions=4, RuleApplied=True, StopRuleEngineWhenRuleApplied=False, Rule-Filter: HB-3407 Privat of type: FLS.Server.Service.Accounting.Rules.ItemRules.AircraftFlightTimeRule has conditions: '(1 EQUALS 1 ==> True),(collection: '34896816-6341-43b1-ad93-16a600866ae6' CONTAINS key: 34896816-6341-43b1-ad93-16a600866ae6 ==> True),(INVERTS condition: (null OR (collection: '70,80,66,68,69,77,88,78' CONTAINS key: 63 ==> False) ==> False) ==> True),(Value: 2820 is BETWEEN 0 and 2147483647 (incl. minValue = False; maxValue = True ==> True)' for Flight: Glider-Flight: HB-3407, Pilot: Stahel Morli, Flight-Date: 12/02/2025, Starttime: 00:00, LdgTime: 00:47, Flightcode: 63, Nr of Ldgs: 1/0, Flight-Air-State: 20, Flight-Process-State: 40
2026-05-25 05:42:28.1039 FLS.Server.Service.Accounting.Rules.BaseAccountingRule NOT applied rule AircraftFlightTimeRule, Nr of Conditions=4, RuleApplied=False, StopRuleEngineWhenRuleApplied=False, Rule-Filter: HB-2464 Schulung of type: FLS.Server.Service.Accounting.Rules.ItemRules.AircraftFlightTimeRule has conditions: '(1 EQUALS 1 ==> True),(collection: '7f2bfbdc-04f3-46b5-9ad0-5a687d040741' CONTAINS key: 34896816-6341-43b1-ad93-16a600866ae6 ==> False),(null OR (collection: '70,80,66,68,69' CONTAINS key: 63 ==> False) ==> False),(Value: 0 is BETWEEN 0 and 2147483647 (incl. minValue = False; maxValue = True ==> False)' for Flight: Glider-Flight: HB-3407, Pilot: Stahel Morli, Flight-Date: 12/02/2025, Starttime: 00:00, LdgTime: 00:47, Flightcode: 63, Nr of Ldgs: 1/0, Flight-Air-State: 20, Flight-Process-State: 40
2026-05-25 05:42:28.1183 FLS.Server.Service.Accounting.Rules.BaseAccountingRule NOT applied rule AircraftFlightTimeRule, Nr of Conditions=4, RuleApplied=False, StopRuleEngineWhenRuleApplied=False, Rule-Filter: HB-1824 Privat of type: FLS.Server.Service.Accounting.Rules.ItemRules.AircraftFlightTimeRule has conditions: '(1 EQUALS 1 ==> True),(collection: 'ea148d3d-b9e1-493c-b115-a99b60bcadb1' CONTAINS key: 34896816-6341-43b1-ad93-16a600866ae6 ==> False),(INVERTS condition: (null OR (collection: '70,80,66,68,69,77,88,78' CONTAINS key: 63 ==> False) ==> False) ==> True),(Value: 0 is BETWEEN 0 and 2147483647 (incl. minValue = False; maxValue = True ==> False)' for Flight: Glider-Flight: HB-3407, Pilot: Stahel Morli, Flight-Date: 12/02/2025, Starttime: 00:00, LdgTime: 00:47, Flightcode: 63, Nr of Ldgs: 1/0, Flight-Air-State: 20, Flight-Process-State: 40
2026-05-25 05:42:28.1248 FLS.Server.Service.Accounting.Rules.BaseAccountingRule NOT applied rule AircraftFlightTimeRule, Nr of Conditions=4, RuleApplied=False, StopRuleEngineWhenRuleApplied=False, Rule-Filter: HB-3256 Schulung of type: FLS.Server.Service.Accounting.Rules.ItemRules.AircraftFlightTimeRule has conditions: '(1 EQUALS 1 ==> True),(collection: '4aa36c51-802a-4d94-a227-7a5286b3964c' CONTAINS key: 34896816-6341-43b1-ad93-16a600866ae6 ==> False),(null OR (collection: '70,80,66,68,69' CONTAINS key: 63 ==> False) ==> False),(Value: 0 is BETWEEN 0 and 2147483647 (incl. minValue = False; maxValue = True ==> False)' for Flight: Glider-Flight: HB-3407, Pilot: Stahel Morli, Flight-Date: 12/02/2025, Starttime: 00:00, LdgTime: 00:47, Flightcode: 63, Nr of Ldgs: 1/0, Flight-Air-State: 20, Flight-Process-State: 40
2026-05-25 05:42:28.1402 FLS.Server.Service.Accounting.Rules.BaseAccountingRule NOT applied rule AircraftFlightTimeRule, Nr of Conditions=4, RuleApplied=False, StopRuleEngineWhenRuleApplied=False, Rule-Filter: HB-3256 Privat of type: FLS.Server.Service.Accounting.Rules.ItemRules.AircraftFlightTimeRule has conditions: '(1 EQUALS 1 ==> True),(collection: '4aa36c51-802a-4d94-a227-7a5286b3964c' CONTAINS key: 34896816-6341-43b1-ad93-16a600866ae6 ==> False),(INVERTS condition: (null OR (collection: '70,80,66,68,69,77,88,78' CONTAINS key: 63 ==> False) ==> False) ==> True),(Value: 0 is BETWEEN 0 and 2147483647 (incl. minValue = False; maxValue = True ==> False)' for Flight: Glider-Flight: HB-3407, Pilot: Stahel Morli, Flight-Date: 12/02/2025, Starttime: 00:00, LdgTime: 00:47, Flightcode: 63, Nr of Ldgs: 1/0, Flight-Air-State: 20, Flight-Process-State: 40
2026-05-25 05:42:28.1502 FLS.Server.Service.Accounting.Rules.BaseAccountingRule NOT applied rule InstructorFeeRule, Nr of Conditions=2, RuleApplied=False, StopRuleEngineWhenRuleApplied=False, Rule-Filter: Instruktor-Honorar Thomas of type: FLS.Server.Service.Accounting.Rules.ItemRules.InstructorFeeRule has conditions: '(1 EQUALS 1 ==> True),('888888' INTERSECTS ANY  ==> False)' for Flight: Glider-Flight: HB-3407, Pilot: Stahel Morli, Flight-Date: 12/02/2025, Starttime: 00:00, LdgTime: 00:47, Flightcode: 63, Nr of Ldgs: 1/0, Flight-Air-State: 20, Flight-Process-State: 40
2026-05-25 05:42:28.1599 FLS.Server.Service.Accounting.Rules.BaseAccountingRule NOT applied rule InstructorFeeRule, Nr of Conditions=2, RuleApplied=False, StopRuleEngineWhenRuleApplied=False, Rule-Filter: Instruktor-Honorar Silvan of type: FLS.Server.Service.Accounting.Rules.ItemRules.InstructorFeeRule has conditions: '(1 EQUALS 1 ==> True),('999999' INTERSECTS ANY  ==> False)' for Flight: Glider-Flight: HB-3407, Pilot: Stahel Morli, Flight-Date: 12/02/2025, Starttime: 00:00, LdgTime: 00:47, Flightcode: 63, Nr of Ldgs: 1/0, Flight-Air-State: 20, Flight-Process-State: 40
2026-05-25 05:42:28.1673 FLS.Server.Service.Accounting.Rules.BaseAccountingRule NOT applied rule InstructorFeeRule, Nr of Conditions=2, RuleApplied=False, StopRuleEngineWhenRuleApplied=False, Rule-Filter: Instruktor-Honorar Päde of type: FLS.Server.Service.Accounting.Rules.ItemRules.InstructorFeeRule has conditions: '(1 EQUALS 1 ==> True),('836001' INTERSECTS ANY  ==> False)' for Flight: Glider-Flight: HB-3407, Pilot: Stahel Morli, Flight-Date: 12/02/2025, Starttime: 00:00, LdgTime: 00:47, Flightcode: 63, Nr of Ldgs: 1/0, Flight-Air-State: 20, Flight-Process-State: 40
2026-05-25 05:42:28.1742 FLS.Server.Service.Accounting.Rules.BaseAccountingRule NOT applied rule InstructorFeeRule, Nr of Conditions=2, RuleApplied=False, StopRuleEngineWhenRuleApplied=False, Rule-Filter: Instruktor-Honorar Karl of type: FLS.Server.Service.Accounting.Rules.ItemRules.InstructorFeeRule has conditions: '(1 EQUALS 1 ==> True),('424976' INTERSECTS ANY  ==> False)' for Flight: Glider-Flight: HB-3407, Pilot: Stahel Morli, Flight-Date: 12/02/2025, Starttime: 00:00, LdgTime: 00:47, Flightcode: 63, Nr of Ldgs: 1/0, Flight-Air-State: 20, Flight-Process-State: 40
2026-05-25 05:42:28.1865 FLS.Server.Service.Accounting.Rules.BaseAccountingRule NOT applied rule InstructorFeeRule, Nr of Conditions=2, RuleApplied=False, StopRuleEngineWhenRuleApplied=False, Rule-Filter: Instruktor-Honorar HUK of type: FLS.Server.Service.Accounting.Rules.ItemRules.InstructorFeeRule has conditions: '(1 EQUALS 1 ==> True),('536594' INTERSECTS ANY  ==> False)' for Flight: Glider-Flight: HB-3407, Pilot: Stahel Morli, Flight-Date: 12/02/2025, Starttime: 00:00, LdgTime: 00:47, Flightcode: 63, Nr of Ldgs: 1/0, Flight-Air-State: 20, Flight-Process-State: 40
2026-05-25 05:42:28.1934 FLS.Server.Service.Accounting.Rules.BaseAccountingRule Added new delivery item line to delivery. Line: Pos: 2 Product: 1003 Text: VSF-Gebühr Qty: 1 of type: Landung Discount: 0% Add. Info: 
2026-05-25 05:42:28.2020 FLS.Server.Service.Accounting.Rules.BaseAccountingRule Applied rule VsfFeeRule, Nr of Conditions=2, RuleApplied=True, StopRuleEngineWhenRuleApplied=False, Rule-Filter: VSF-Gebühr of type: FLS.Server.Service.Accounting.Rules.ItemRules.VsfFeeRule has conditions: '(1 EQUALS 1 ==> True),(collection: '5bfd35f5-1183-4f7a-84b5-8c0c19288ed3' CONTAINS key: 5bfd35f5-1183-4f7a-84b5-8c0c19288ed3 ==> True)' for Flight: Glider-Flight: HB-3407, Pilot: Stahel Morli, Flight-Date: 12/02/2025, Starttime: 00:00, LdgTime: 00:47, Flightcode: 63, Nr of Ldgs: 1/0, Flight-Air-State: 20, Flight-Process-State: 40
2026-05-25 05:42:28.2006 FLS.Server.Service.Email.EmailSendService Sent email to recipient: test@glider-fls.ch with subject: Flugtag vom 05/26/2026 in Speck Fehraltorf findet statt, and Body: <!DOCTYPE html PUBLIC "-//W3C//DTD XHTML 1.0 Transitional//EN" "http://www.w3.org/TR/xhtml1/DTD/xhtml1-transitional.dtd">
<html xmlns="http://www.w3.org/1999/xhtml">

<head>
<meta content="en-gb" http-equiv="Content-Language" />
<meta content="text/html; charset=utf-8" http-equiv="Content-Type" />
<title>Flugtag vom 05/26/2026 in Speck Fehraltorf findet statt</title>
<style type="text/css">

body {
    font-family: Arial, Helvetica, Sans-Serif;
    font-size: 14px;
}
.datagrid table { border-collapse: collapse; text-align: left; width: 100%; }
.datagrid {font: normal 12px/150% Arial, Helvetica, sans-serif; background: #fff; overflow: hidden; border: 1px solid #006699; }
.datagrid table td, 
.datagrid table th { padding: 3px 10px; }
.datagrid table thead th {background:-webkit-gradient( linear, left top, left bottom, color-stop(0.05, #006699), color-stop(1, #00557F) );background:-moz-linear-gradient( center top, #006699 5%, #00557F 100% );filter:progid:DXImageTransform.Microsoft.gradient(startColorstr='#006699', endColorstr='#00557F');background-color:#006699; color:#ffffff; font-size: 15px; font-weight: bold; border-left: 1px solid #0070A8; } 
.datagrid table thead th:first-child { border: none; }
.datagrid table tbody td { color: #00496B; border-left: 1px solid #E1EEF4;font-size: 12px;font-weight: normal; }
.datagrid table tbody .alt td { background: #E1EEF4; color: #00496B; }
.datagrid table tbody td:first-child { border-left: none; }
.datagrid table tbody tr:last-child td { border-bottom: none; }
</style>
</head>

<body>
<p>
Hallo zusammen...
</p>
<p>
Der Flugtag vom 05/26/2026 in Speck Fehraltorf findet statt (sofern das Wetter dann auch noch mitspielt).
</p>
<p>
Eingeteilter Flugdienstleiter: Stahel Morli<br>
Eingeteilter Schlepppilot: Egli Elias<br><br>
Eingeteilter Segelfluglehrer: <br><br>
Bemerkungen: Test
</p>

Flugzeugreservationen:
<div class="datagrid">
<table>
    <thead>
        <tr>
            <th>Flugzeug</th>
            <th>Pilot</th>
            <th>Reservations-Typ</th>
            <th>Reservations-Zeit</th>
            <th>Fluglehrer</th>
        </tr>
    </thead>
    <tbody>

    
        <tr 
                >
            <td>HB-PDL</td>
            <td>Stahel Morli</td>
            <td>Marketingflug</td>
			<td>Ganzer Tag</td>
            <td></td>
        </tr>

        
</tbody>
</table>
</div>

<p>Herzliche Grüsse</p>
<p>Flight Logging System</p>

</body>

</html>

2026-05-25 05:42:28.2120 FLS.Server.Service.Accounting.Rules.BaseAccountingRule Added new delivery item line to delivery. Line: Pos: 3 Product: 9070 Text: e2e vsf Qty: 1 of type: Landung Discount: 0% Add. Info: 
2026-05-25 05:42:28.2229 FLS.Server.Service.Accounting.Rules.BaseAccountingRule Applied rule VsfFeeRule, Nr of Conditions=1, RuleApplied=True, StopRuleEngineWhenRuleApplied=False, Rule-Filter: e2e VsfFee of type: FLS.Server.Service.Accounting.Rules.ItemRules.VsfFeeRule has conditions: '(1 EQUALS 1 ==> True)' for Flight: Glider-Flight: HB-3407, Pilot: Stahel Morli, Flight-Date: 12/02/2025, Starttime: 00:00, LdgTime: 00:47, Flightcode: 63, Nr of Ldgs: 1/0, Flight-Air-State: 20, Flight-Process-State: 40
2026-05-25 05:42:28.2214 FLS.Server.Data.FLSDataEntities Insert AccountingRuleFilter with data: [AccountingRuleFilter -> AccountingRuleFilterId: 32382eb0-1b0e-4fd6-a761-ade34444a6a6, ClubId: 0fa7b76f-47ba-4138-8f96-671400fd7c83, AccountingRuleFilterTypeId: 30, RuleFilterName: HB-PDL, Description: , IsActive: True, SortIndicator: 12, ArticleTarget: {"ArticleNumber":"1155","DeliveryLineText":""}, RecipientTarget: , StopRuleEngineWhenRuleApplied: False, IsRuleForGliderFlights: True, IsRuleForTowingFlights: True, IsRuleForMotorFlights: False, UseRuleForAllAircraftsExceptListed: False, MatchedAircraftImmatriculations: ["HB-PDL"], UseRuleForAllStartTypesExceptListed: True, MatchedStartTypes: [], UseRuleForAllFlightTypesExceptListed: True, MatchedFlightTypeCodes: [], ExtendMatchingFlightTypeCodesToGliderAndTowFlight: False, UseRuleForAllStartLocationsExceptListed: True, MatchedStartLocations: [], UseRuleForAllLdgLocationsExceptListed: True, MatchedLdgLocations: [], UseRuleForAllClubMemberNumbersExceptListed: True, MatchedClubMemberNumbers: [], UseRuleForAllFlightCrewTypesExceptListed: True, MatchedFlightCrewTypes: [], UseRuleForAllAircraftsOnHomebaseExceptListed: True, MatchedAircraftsHomebase: [], UseRuleForAllMemberStatesExceptListed: True, MatchedMemberStates: [], UseRuleForAllPersonCategoriesExceptListed: True, MatchedPersonCategories: [], IsChargedToClubInternal: False, MinFlightTimeInSecondsMatchingValue: 0, MaxFlightTimeInSecondsMatchingValue: 2147483647, MinEngineTimeInSecondsMatchingValue: 0, MaxEngineTimeInSecondsMatchingValue: 2147483647, IncludeThresholdText: False, ThresholdText: , IncludeFlightTypeName: False, NoLandingTaxForGlider: False, NoLandingTaxForTowingAircraft: False, NoLandingTaxForAircraft: False, AccountingUnitTypeId: 10, CreatedOn: 05/25/2026 05:42:28, CreatedByUserId: 36073196-1ee3-4a97-a3fa-f5f60039f041, ModifiedOn: , ModifiedByUserId: , DeletedOn: , DeletedByUserId: , RecordState: 1, OwnerId: 0fa7b76f-47ba-4138-8f96-671400fd7c83, OwnershipType: 2, IsDeleted: False, Id: 32382eb0-1b0e-4fd6-a761-ade34444a6a6,  <- AccountingRuleFilter]

2026-05-25 05:42:28.2367 FLS.Server.Service.Accounting.Rules.BaseAccountingRule NOT applied rule VsfFeeOnStartLocationRule, Nr of Conditions=2, RuleApplied=False, StopRuleEngineWhenRuleApplied=False, Rule-Filter: VSF-Gebühr of type: FLS.Server.Service.Accounting.Rules.ItemRules.VsfFeeOnStartLocationRule has conditions: '(1 EQUALS 1 ==> True),(False EQUALS True ==> False)' for Flight: Glider-Flight: HB-3407, Pilot: Stahel Morli, Flight-Date: 12/02/2025, Starttime: 00:00, LdgTime: 00:47, Flightcode: 63, Nr of Ldgs: 1/0, Flight-Air-State: 20, Flight-Process-State: 40
2026-05-25 05:42:28.2435 FLS.Server.Service.Accounting.Rules.BaseAccountingRule NOT applied rule VsfFeeOnStartLocationRule, Nr of Conditions=2, RuleApplied=False, StopRuleEngineWhenRuleApplied=False, Rule-Filter: e2e VsfFee of type: FLS.Server.Service.Accounting.Rules.ItemRules.VsfFeeOnStartLocationRule has conditions: '(1 EQUALS 1 ==> True),(False EQUALS True ==> False)' for Flight: Glider-Flight: HB-3407, Pilot: Stahel Morli, Flight-Date: 12/02/2025, Starttime: 00:00, LdgTime: 00:47, Flightcode: 63, Nr of Ldgs: 1/0, Flight-Air-State: 20, Flight-Process-State: 40
2026-05-25 05:42:28.2524 FLS.Server.Service.BaseService Created accounting for Stahel Morli: Flight-Date: 12/02/2025 Aircraft: HB-3407 Nr of Lines: 3
2026-05-25 05:42:28.2914 FLS.Server.Service.Email.EmailSendService Sent email to recipient: test@glider-fls.ch with subject: Flugtag vom 05/26/2026 in Speck Fehraltorf findet statt, and Body: <!DOCTYPE html PUBLIC "-//W3C//DTD XHTML 1.0 Transitional//EN" "http://www.w3.org/TR/xhtml1/DTD/xhtml1-transitional.dtd">
<html xmlns="http://www.w3.org/1999/xhtml">

<head>
<meta content="en-gb" http-equiv="Content-Language" />
<meta content="text/html; charset=utf-8" http-equiv="Content-Type" />
<title>Flugtag vom 05/26/2026 in Speck Fehraltorf findet statt</title>
<style type="text/css">

body {
    font-family: Arial, Helvetica, Sans-Serif;
    font-size: 14px;
}
.datagrid table { border-collapse: collapse; text-align: left; width: 100%; }
.datagrid {font: normal 12px/150% Arial, Helvetica, sans-serif; background: #fff; overflow: hidden; border: 1px solid #006699; }
.datagrid table td, 
.datagrid table th { padding: 3px 10px; }
.datagrid table thead th {background:-webkit-gradient( linear, left top, left bottom, color-stop(0.05, #006699), color-stop(1, #00557F) );background:-moz-linear-gradient( center top, #006699 5%, #00557F 100% );filter:progid:DXImageTransform.Microsoft.gradient(startColorstr='#006699', endColorstr='#00557F');background-color:#006699; color:#ffffff; font-size: 15px; font-weight: bold; border-left: 1px solid #0070A8; } 
.datagrid table thead th:first-child { border: none; }
.datagrid table tbody td { color: #00496B; border-left: 1px solid #E1EEF4;font-size: 12px;font-weight: normal; }
.datagrid table tbody .alt td { background: #E1EEF4; color: #00496B; }
.datagrid table tbody td:first-child { border-left: none; }
.datagrid table tbody tr:last-child td { border-bottom: none; }
</style>
</head>

<body>
<p>
Hallo zusammen...
</p>
<p>
Der Flugtag vom 05/26/2026 in Speck Fehraltorf findet statt (sofern das Wetter dann auch noch mitspielt).
</p>
<p>
Eingeteilter Flugdienstleiter: Stahel Morli<br>
Eingeteilter Schlepppilot: Rieterman Conny<br><br>
Eingeteilter Segelfluglehrer: <br><br>
Bemerkungen: Test2
</p>

Flugzeugreservationen:
<div class="datagrid">
<table>
    <thead>
        <tr>
            <th>Flugzeug</th>
            <th>Pilot</th>
            <th>Reservations-Typ</th>
            <th>Reservations-Zeit</th>
            <th>Fluglehrer</th>
        </tr>
    </thead>
    <tbody>

    
        <tr 
                >
            <td>HB-PDL</td>
            <td>Stahel Morli</td>
            <td>Marketingflug</td>
			<td>Ganzer Tag</td>
            <td></td>
        </tr>

        
</tbody>
</table>
</div>

<p>Herzliche Grüsse</p>
<p>Flight Logging System</p>

</body>

</html>

2026-05-25 05:42:28.3221 FLS.Server.Data.FLSDataEntities Delete AccountingRuleFilter with Data: [AccountingRuleFilter -> AccountingRuleFilterId: 98884c83-cf7d-4771-a8d7-fa09266aee88, ClubId: 0fa7b76f-47ba-4138-8f96-671400fd7c83, AccountingRuleFilterTypeId: 70, RuleFilterName: e2e VsfFee, Description: e2e #32: e2e VsfFee, IsActive: True, SortIndicator: 1000, ArticleTarget: {"ArticleNumber":"9070","DeliveryLineText":"e2e vsf"}, RecipientTarget: , StopRuleEngineWhenRuleApplied: False, IsRuleForGliderFlights: True, IsRuleForTowingFlights: True, IsRuleForMotorFlights: True, UseRuleForAllAircraftsExceptListed: True, MatchedAircraftImmatriculations: [], UseRuleForAllStartTypesExceptListed: True, MatchedStartTypes: [], UseRuleForAllFlightTypesExceptListed: True, MatchedFlightTypeCodes: [], ExtendMatchingFlightTypeCodesToGliderAndTowFlight: False, UseRuleForAllStartLocationsExceptListed: True, MatchedStartLocations: [], UseRuleForAllLdgLocationsExceptListed: True, MatchedLdgLocations: [], UseRuleForAllClubMemberNumbersExceptListed: True, MatchedClubMemberNumbers: [], UseRuleForAllFlightCrewTypesExceptListed: True, MatchedFlightCrewTypes: [], UseRuleForAllAircraftsOnHomebaseExceptListed: True, MatchedAircraftsHomebase: [], UseRuleForAllMemberStatesExceptListed: True, MatchedMemberStates: [], UseRuleForAllPersonCategoriesExceptListed: True, MatchedPersonCategories: [], IsChargedToClubInternal: False, MinFlightTimeInSecondsMatchingValue: 0, MaxFlightTimeInSecondsMatchingValue: 2147483647, MinEngineTimeInSecondsMatchingValue: 0, MaxEngineTimeInSecondsMatchingValue: 2147483647, IncludeThresholdText: False, ThresholdText: , IncludeFlightTypeName: False, NoLandingTaxForGlider: False, NoLandingTaxForTowingAircraft: False, NoLandingTaxForAircraft: False, AccountingUnitTypeId: , CreatedOn: 05/25/2026 05:42:27, CreatedByUserId: 36073196-1ee3-4a97-a3fa-f5f60039f041, ModifiedOn: , ModifiedByUserId: , DeletedOn: 05/25/2026 05:42:28, DeletedByUserId: 36073196-1ee3-4a97-a3fa-f5f60039f041, RecordState: 99, OwnerId: 0fa7b76f-47ba-4138-8f96-671400fd7c83, OwnershipType: 2, IsDeleted: False, Id: 98884c83-cf7d-4771-a8d7-fa09266aee88,  <- AccountingRuleFilter]

2026-05-25 05:42:28.3652 FLS.Server.Data.FLSDataEntities Insert AccountingRuleFilter with data: [AccountingRuleFilter -> AccountingRuleFilterId: a0cd7acd-d2e0-4db0-85e1-896308a2495e, ClubId: 0fa7b76f-47ba-4138-8f96-671400fd7c83, AccountingRuleFilterTypeId: 30, RuleFilterName: HB-EQC, Description: , IsActive: True, SortIndicator: 13, ArticleTarget: {"ArticleNumber":"1156","DeliveryLineText":""}, RecipientTarget: , StopRuleEngineWhenRuleApplied: False, IsRuleForGliderFlights: True, IsRuleForTowingFlights: True, IsRuleForMotorFlights: False, UseRuleForAllAircraftsExceptListed: False, MatchedAircraftImmatriculations: ["HB-EQC"], UseRuleForAllStartTypesExceptListed: True, MatchedStartTypes: [], UseRuleForAllFlightTypesExceptListed: True, MatchedFlightTypeCodes: [], ExtendMatchingFlightTypeCodesToGliderAndTowFlight: False, UseRuleForAllStartLocationsExceptListed: True, MatchedStartLocations: [], UseRuleForAllLdgLocationsExceptListed: True, MatchedLdgLocations: [], UseRuleForAllClubMemberNumbersExceptListed: True, MatchedClubMemberNumbers: [], UseRuleForAllFlightCrewTypesExceptListed: True, MatchedFlightCrewTypes: [], UseRuleForAllAircraftsOnHomebaseExceptListed: True, MatchedAircraftsHomebase: [], UseRuleForAllMemberStatesExceptListed: True, MatchedMemberStates: [], UseRuleForAllPersonCategoriesExceptListed: True, MatchedPersonCategories: [], IsChargedToClubInternal: False, MinFlightTimeInSecondsMatchingValue: 0, MaxFlightTimeInSecondsMatchingValue: 2147483647, MinEngineTimeInSecondsMatchingValue: 0, MaxEngineTimeInSecondsMatchingValue: 2147483647, IncludeThresholdText: False, ThresholdText: , IncludeFlightTypeName: False, NoLandingTaxForGlider: False, NoLandingTaxForTowingAircraft: False, NoLandingTaxForAircraft: False, AccountingUnitTypeId: 10, CreatedOn: 05/25/2026 05:42:28, CreatedByUserId: 36073196-1ee3-4a97-a3fa-f5f60039f041, ModifiedOn: , ModifiedByUserId: , DeletedOn: , DeletedByUserId: , RecordState: 1, OwnerId: 0fa7b76f-47ba-4138-8f96-671400fd7c83, OwnershipType: 2, IsDeleted: False, Id: a0cd7acd-d2e0-4db0-85e1-896308a2495e,  <- AccountingRuleFilter]

2026-05-25 05:42:28.5027 FLS.Server.Data.FLSDataEntities Update AccountingRuleFilter with data: [AccountingRuleFilter -> AccountingRuleFilterId: f1500004-0000-0000-0000-000000000001, ClubId: 0fa7b76f-47ba-4138-8f96-671400fd7c83, AccountingRuleFilterTypeId: 10, RuleFilterName: Recipient: Flight Pilot, Description: Routes invoice to the pilot of the flight (test fixture), IsActive: True, SortIndicator: 10, ArticleTarget: , RecipientTarget: {"PersonId":null,"RecipientName":null,"Firstname":null,"Lastname":null,"AddressLine1":null,"AddressLine2":null,"ZipCode":null,"City":null,"CountryName":null,"PersonClubMemberNumber":null}, StopRuleEngineWhenRuleApplied: False, IsRuleForGliderFlights: True, IsRuleForTowingFlights: True, IsRuleForMotorFlights: True, UseRuleForAllAircraftsExceptListed: True, MatchedAircraftImmatriculations: [], UseRuleForAllStartTypesExceptListed: True, MatchedStartTypes: [], UseRuleForAllFlightTypesExceptListed: True, MatchedFlightTypeCodes: [], ExtendMatchingFlightTypeCodesToGliderAndTowFlight: False, UseRuleForAllStartLocationsExceptListed: True, MatchedStartLocations: [], UseRuleForAllLdgLocationsExceptListed: True, MatchedLdgLocations: [], UseRuleForAllClubMemberNumbersExceptListed: True, MatchedClubMemberNumbers: [], UseRuleForAllFlightCrewTypesExceptListed: True, MatchedFlightCrewTypes: [], UseRuleForAllAircraftsOnHomebaseExceptListed: True, MatchedAircraftsHomebase: [], UseRuleForAllMemberStatesExceptListed: True, MatchedMemberStates: [], UseRuleForAllPersonCategoriesExceptListed: True, MatchedPersonCategories: [], IsChargedToClubInternal: False, MinFlightTimeInSecondsMatchingValue: , MaxFlightTimeInSecondsMatchingValue: , MinEngineTimeInSecondsMatchingValue: , MaxEngineTimeInSecondsMatchingValue: , IncludeThresholdText: False, ThresholdText: , IncludeFlightTypeName: False, NoLandingTaxForGlider: False, NoLandingTaxForTowingAircraft: False, NoLandingTaxForAircraft: False, AccountingUnitTypeId: , CreatedOn: 01/01/2026 00:04:00, CreatedByUserId: 13731ee2-c1d8-455c-8ad1-c39399893fff, ModifiedOn: 05/25/2026 05:42:28, ModifiedByUserId: 36073196-1ee3-4a97-a3fa-f5f60039f041, DeletedOn: , DeletedByUserId: , RecordState: 1, OwnerId: 0fa7b76f-47ba-4138-8f96-671400fd7c83, OwnershipType: 2, IsDeleted: False, Id: f1500004-0000-0000-0000-000000000001,  <- AccountingRuleFilter]

2026-05-25 05:42:28.5210 FLS.Server.Data.FLSDataEntities Insert AccountingRuleFilter with data: [AccountingRuleFilter -> AccountingRuleFilterId: b5243680-643f-42ed-a6ed-dcc9174a5240, ClubId: 0fa7b76f-47ba-4138-8f96-671400fd7c83, AccountingRuleFilterTypeId: 30, RuleFilterName: HB-WAT, Description: , IsActive: True, SortIndicator: 14, ArticleTarget: {"ArticleNumber":"1157","DeliveryLineText":""}, RecipientTarget: , StopRuleEngineWhenRuleApplied: False, IsRuleForGliderFlights: True, IsRuleForTowingFlights: True, IsRuleForMotorFlights: False, UseRuleForAllAircraftsExceptListed: False, MatchedAircraftImmatriculations: ["HB-WAT"], UseRuleForAllStartTypesExceptListed: True, MatchedStartTypes: [], UseRuleForAllFlightTypesExceptListed: True, MatchedFlightTypeCodes: [], ExtendMatchingFlightTypeCodesToGliderAndTowFlight: False, UseRuleForAllStartLocationsExceptListed: True, MatchedStartLocations: [], UseRuleForAllLdgLocationsExceptListed: True, MatchedLdgLocations: [], UseRuleForAllClubMemberNumbersExceptListed: True, MatchedClubMemberNumbers: [], UseRuleForAllFlightCrewTypesExceptListed: True, MatchedFlightCrewTypes: [], UseRuleForAllAircraftsOnHomebaseExceptListed: True, MatchedAircraftsHomebase: [], UseRuleForAllMemberStatesExceptListed: True, MatchedMemberStates: [], UseRuleForAllPersonCategoriesExceptListed: True, MatchedPersonCategories: [], IsChargedToClubInternal: False, MinFlightTimeInSecondsMatchingValue: 0, MaxFlightTimeInSecondsMatchingValue: 2147483647, MinEngineTimeInSecondsMatchingValue: 0, MaxEngineTimeInSecondsMatchingValue: 2147483647, IncludeThresholdText: False, ThresholdText: , IncludeFlightTypeName: False, NoLandingTaxForGlider: False, NoLandingTaxForTowingAircraft: False, NoLandingTaxForAircraft: False, AccountingUnitTypeId: 10, CreatedOn: 05/25/2026 05:42:28, CreatedByUserId: 36073196-1ee3-4a97-a3fa-f5f60039f041, ModifiedOn: , ModifiedByUserId: , DeletedOn: , DeletedByUserId: , RecordState: 1, OwnerId: 0fa7b76f-47ba-4138-8f96-671400fd7c83, OwnershipType: 2, IsDeleted: False, Id: b5243680-643f-42ed-a6ed-dcc9174a5240,  <- AccountingRuleFilter]

2026-05-25 05:42:28.7143 FLS.Server.Data.FLSDataEntities Update AccountingRuleFilter with data: [AccountingRuleFilter -> AccountingRuleFilterId: f1500004-0000-0000-0000-000000000002, ClubId: 0fa7b76f-47ba-4138-8f96-671400fd7c83, AccountingRuleFilterTypeId: 30, RuleFilterName: FlightTime: Glider per minute, Description: Billed per glider minute (test fixture), IsActive: True, SortIndicator: 20, ArticleTarget: {"ArticleNumber":"5001","DeliveryLineText":"Glider flight minutes"}, RecipientTarget: , StopRuleEngineWhenRuleApplied: False, IsRuleForGliderFlights: True, IsRuleForTowingFlights: False, IsRuleForMotorFlights: False, UseRuleForAllAircraftsExceptListed: True, MatchedAircraftImmatriculations: [], UseRuleForAllStartTypesExceptListed: True, MatchedStartTypes: [], UseRuleForAllFlightTypesExceptListed: True, MatchedFlightTypeCodes: [], ExtendMatchingFlightTypeCodesToGliderAndTowFlight: False, UseRuleForAllStartLocationsExceptListed: True, MatchedStartLocations: [], UseRuleForAllLdgLocationsExceptListed: True, MatchedLdgLocations: [], UseRuleForAllClubMemberNumbersExceptListed: True, MatchedClubMemberNumbers: [], UseRuleForAllFlightCrewTypesExceptListed: True, MatchedFlightCrewTypes: [], UseRuleForAllAircraftsOnHomebaseExceptListed: True, MatchedAircraftsHomebase: [], UseRuleForAllMemberStatesExceptListed: True, MatchedMemberStates: [], UseRuleForAllPersonCategoriesExceptListed: True, MatchedPersonCategories: [], IsChargedToClubInternal: False, MinFlightTimeInSecondsMatchingValue: 0, MaxFlightTimeInSecondsMatchingValue: 2147483647, MinEngineTimeInSecondsMatchingValue: 0, MaxEngineTimeInSecondsMatchingValue: 2147483647, IncludeThresholdText: False, ThresholdText: , IncludeFlightTypeName: False, NoLandingTaxForGlider: False, NoLandingTaxForTowingAircraft: False, NoLandingTaxForAircraft: False, AccountingUnitTypeId: 10, CreatedOn: 01/01/2026 00:05:00, CreatedByUserId: 13731ee2-c1d8-455c-8ad1-c39399893fff, ModifiedOn: 05/25/2026 05:42:28, ModifiedByUserId: 36073196-1ee3-4a97-a3fa-f5f60039f041, DeletedOn: , DeletedByUserId: , RecordState: 1, OwnerId: 0fa7b76f-47ba-4138-8f96-671400fd7c83, OwnershipType: 2, IsDeleted: False, Id: f1500004-0000-0000-0000-000000000002,  <- AccountingRuleFilter]

2026-05-25 05:42:28.7336 FLS.Server.Data.FLSDataEntities Insert AccountingRuleFilter with data: [AccountingRuleFilter -> AccountingRuleFilterId: e5674baa-eaf2-4a0d-8e12-e19d08377470, ClubId: 0fa7b76f-47ba-4138-8f96-671400fd7c83, AccountingRuleFilterTypeId: 30, RuleFilterName: HB-DGP, Description: , IsActive: True, SortIndicator: 15, ArticleTarget: {"ArticleNumber":"1158","DeliveryLineText":""}, RecipientTarget: , StopRuleEngineWhenRuleApplied: False, IsRuleForGliderFlights: True, IsRuleForTowingFlights: True, IsRuleForMotorFlights: False, UseRuleForAllAircraftsExceptListed: False, MatchedAircraftImmatriculations: ["HB-DGP"], UseRuleForAllStartTypesExceptListed: True, MatchedStartTypes: [], UseRuleForAllFlightTypesExceptListed: True, MatchedFlightTypeCodes: [], ExtendMatchingFlightTypeCodesToGliderAndTowFlight: False, UseRuleForAllStartLocationsExceptListed: True, MatchedStartLocations: [], UseRuleForAllLdgLocationsExceptListed: True, MatchedLdgLocations: [], UseRuleForAllClubMemberNumbersExceptListed: True, MatchedClubMemberNumbers: [], UseRuleForAllFlightCrewTypesExceptListed: True, MatchedFlightCrewTypes: [], UseRuleForAllAircraftsOnHomebaseExceptListed: True, MatchedAircraftsHomebase: [], UseRuleForAllMemberStatesExceptListed: True, MatchedMemberStates: [], UseRuleForAllPersonCategoriesExceptListed: True, MatchedPersonCategories: [], IsChargedToClubInternal: False, MinFlightTimeInSecondsMatchingValue: 0, MaxFlightTimeInSecondsMatchingValue: 2147483647, MinEngineTimeInSecondsMatchingValue: 0, MaxEngineTimeInSecondsMatchingValue: 2147483647, IncludeThresholdText: False, ThresholdText: , IncludeFlightTypeName: False, NoLandingTaxForGlider: False, NoLandingTaxForTowingAircraft: False, NoLandingTaxForAircraft: False, AccountingUnitTypeId: 10, CreatedOn: 05/25/2026 05:42:28, CreatedByUserId: 36073196-1ee3-4a97-a3fa-f5f60039f041, ModifiedOn: , ModifiedByUserId: , DeletedOn: , DeletedByUserId: , RecordState: 1, OwnerId: 0fa7b76f-47ba-4138-8f96-671400fd7c83, OwnershipType: 2, IsDeleted: False, Id: e5674baa-eaf2-4a0d-8e12-e19d08377470,  <- AccountingRuleFilter]

2026-05-25 05:42:28.7627 FLS.Server.Service.WorkflowService Execute workflows...
2026-05-25 05:42:28.7926 FLS.Server.Service.WorkflowService Executed 0 workflows.
2026-05-25 05:42:28.9738 FLS.Server.Data.FLSDataEntities Insert AccountingRuleFilter with data: [AccountingRuleFilter -> AccountingRuleFilterId: a90da80b-3acf-40e7-902e-ee8e0f680a69, ClubId: 0fa7b76f-47ba-4138-8f96-671400fd7c83, AccountingRuleFilterTypeId: 30, RuleFilterName: HB-KDO, Description: , IsActive: True, SortIndicator: 16, ArticleTarget: {"ArticleNumber":"1159","DeliveryLineText":""}, RecipientTarget: , StopRuleEngineWhenRuleApplied: False, IsRuleForGliderFlights: True, IsRuleForTowingFlights: True, IsRuleForMotorFlights: False, UseRuleForAllAircraftsExceptListed: False, MatchedAircraftImmatriculations: ["HB-KDO"], UseRuleForAllStartTypesExceptListed: True, MatchedStartTypes: [], UseRuleForAllFlightTypesExceptListed: True, MatchedFlightTypeCodes: [], ExtendMatchingFlightTypeCodesToGliderAndTowFlight: False, UseRuleForAllStartLocationsExceptListed: True, MatchedStartLocations: [], UseRuleForAllLdgLocationsExceptListed: True, MatchedLdgLocations: [], UseRuleForAllClubMemberNumbersExceptListed: True, MatchedClubMemberNumbers: [], UseRuleForAllFlightCrewTypesExceptListed: True, MatchedFlightCrewTypes: [], UseRuleForAllAircraftsOnHomebaseExceptListed: True, MatchedAircraftsHomebase: [], UseRuleForAllMemberStatesExceptListed: True, MatchedMemberStates: [], UseRuleForAllPersonCategoriesExceptListed: True, MatchedPersonCategories: [], IsChargedToClubInternal: False, MinFlightTimeInSecondsMatchingValue: 0, MaxFlightTimeInSecondsMatchingValue: 2147483647, MinEngineTimeInSecondsMatchingValue: 0, MaxEngineTimeInSecondsMatchingValue: 2147483647, IncludeThresholdText: False, ThresholdText: , IncludeFlightTypeName: False, NoLandingTaxForGlider: False, NoLandingTaxForTowingAircraft: False, NoLandingTaxForAircraft: False, AccountingUnitTypeId: 10, CreatedOn: 05/25/2026 05:42:28, CreatedByUserId: 36073196-1ee3-4a97-a3fa-f5f60039f041, ModifiedOn: , ModifiedByUserId: , DeletedOn: , DeletedByUserId: , RecordState: 1, OwnerId: 0fa7b76f-47ba-4138-8f96-671400fd7c83, OwnershipType: 2, IsDeleted: False, Id: a90da80b-3acf-40e7-902e-ee8e0f680a69,  <- AccountingRuleFilter]

2026-05-25 05:42:28.9838 FLS.Server.Data.FLSDataEntities Update AccountingRuleFilter with data: [AccountingRuleFilter -> AccountingRuleFilterId: f1500004-0000-0000-0000-000000000003, ClubId: 0fa7b76f-47ba-4138-8f96-671400fd7c83, AccountingRuleFilterTypeId: 60, RuleFilterName: LandingTax: LSZK, Description: Per-landing tax at LSZK (test fixture), IsActive: True, SortIndicator: 30, ArticleTarget: {"ArticleNumber":"6001","DeliveryLineText":"Landegebuehr LSZK"}, RecipientTarget: , StopRuleEngineWhenRuleApplied: False, IsRuleForGliderFlights: True, IsRuleForTowingFlights: True, IsRuleForMotorFlights: True, UseRuleForAllAircraftsExceptListed: True, MatchedAircraftImmatriculations: [], UseRuleForAllStartTypesExceptListed: True, MatchedStartTypes: [], UseRuleForAllFlightTypesExceptListed: True, MatchedFlightTypeCodes: [], ExtendMatchingFlightTypeCodesToGliderAndTowFlight: False, UseRuleForAllStartLocationsExceptListed: True, MatchedStartLocations: [], UseRuleForAllLdgLocationsExceptListed: False, MatchedLdgLocations: ["LSZK"], UseRuleForAllClubMemberNumbersExceptListed: True, MatchedClubMemberNumbers: [], UseRuleForAllFlightCrewTypesExceptListed: True, MatchedFlightCrewTypes: [], UseRuleForAllAircraftsOnHomebaseExceptListed: True, MatchedAircraftsHomebase: [], UseRuleForAllMemberStatesExceptListed: True, MatchedMemberStates: [], UseRuleForAllPersonCategoriesExceptListed: True, MatchedPersonCategories: [], IsChargedToClubInternal: False, MinFlightTimeInSecondsMatchingValue: 0, MaxFlightTimeInSecondsMatchingValue: 2147483647, MinEngineTimeInSecondsMatchingValue: 0, MaxEngineTimeInSecondsMatchingValue: 2147483647, IncludeThresholdText: False, ThresholdText: , IncludeFlightTypeName: False, NoLandingTaxForGlider: False, NoLandingTaxForTowingAircraft: False, NoLandingTaxForAircraft: False, AccountingUnitTypeId: 30, CreatedOn: 01/01/2026 00:06:00, CreatedByUserId: 13731ee2-c1d8-455c-8ad1-c39399893fff, ModifiedOn: 05/25/2026 05:42:28, ModifiedByUserId: 36073196-1ee3-4a97-a3fa-f5f60039f041, DeletedOn: , DeletedByUserId: , RecordState: 1, OwnerId: 0fa7b76f-47ba-4138-8f96-671400fd7c83, OwnershipType: 2, IsDeleted: False, Id: f1500004-0000-0000-0000-000000000003,  <- AccountingRuleFilter]

2026-05-25 05:42:29.1115 FLS.Server.Data.FLSDataEntities Insert AccountingRuleFilter with data: [AccountingRuleFilter -> AccountingRuleFilterId: 001277d0-45f7-4650-8b44-73aa44451364, ClubId: 0fa7b76f-47ba-4138-8f96-671400fd7c83, AccountingRuleFilterTypeId: 30, RuleFilterName: HB-DCU, Description: , IsActive: True, SortIndicator: 17, ArticleTarget: {"ArticleNumber":"1161","DeliveryLineText":""}, RecipientTarget: , StopRuleEngineWhenRuleApplied: False, IsRuleForGliderFlights: True, IsRuleForTowingFlights: True, IsRuleForMotorFlights: False, UseRuleForAllAircraftsExceptListed: False, MatchedAircraftImmatriculations: ["HB-DCU"], UseRuleForAllStartTypesExceptListed: True, MatchedStartTypes: [], UseRuleForAllFlightTypesExceptListed: True, MatchedFlightTypeCodes: [], ExtendMatchingFlightTypeCodesToGliderAndTowFlight: False, UseRuleForAllStartLocationsExceptListed: True, MatchedStartLocations: [], UseRuleForAllLdgLocationsExceptListed: True, MatchedLdgLocations: [], UseRuleForAllClubMemberNumbersExceptListed: True, MatchedClubMemberNumbers: [], UseRuleForAllFlightCrewTypesExceptListed: True, MatchedFlightCrewTypes: [], UseRuleForAllAircraftsOnHomebaseExceptListed: True, MatchedAircraftsHomebase: [], UseRuleForAllMemberStatesExceptListed: True, MatchedMemberStates: [], UseRuleForAllPersonCategoriesExceptListed: True, MatchedPersonCategories: [], IsChargedToClubInternal: False, MinFlightTimeInSecondsMatchingValue: 0, MaxFlightTimeInSecondsMatchingValue: 2147483647, MinEngineTimeInSecondsMatchingValue: 0, MaxEngineTimeInSecondsMatchingValue: 2147483647, IncludeThresholdText: False, ThresholdText: , IncludeFlightTypeName: False, NoLandingTaxForGlider: False, NoLandingTaxForTowingAircraft: False, NoLandingTaxForAircraft: False, AccountingUnitTypeId: 10, CreatedOn: 05/25/2026 05:42:29, CreatedByUserId: 36073196-1ee3-4a97-a3fa-f5f60039f041, ModifiedOn: , ModifiedByUserId: , DeletedOn: , DeletedByUserId: , RecordState: 1, OwnerId: 0fa7b76f-47ba-4138-8f96-671400fd7c83, OwnershipType: 2, IsDeleted: False, Id: 001277d0-45f7-4650-8b44-73aa44451364,  <- AccountingRuleFilter]

2026-05-25 05:42:29.2117 FLS.Server.Data.FLSDataEntities Insert AccountingRuleFilter with data: [AccountingRuleFilter -> AccountingRuleFilterId: fa5049ee-c05e-4e9e-bbe1-59c712974bca, ClubId: 0fa7b76f-47ba-4138-8f96-671400fd7c83, AccountingRuleFilterTypeId: 30, RuleFilterName: HB-KCB Saanen, Description: , IsActive: True, SortIndicator: 18, ArticleTarget: {"ArticleNumber":"1162","DeliveryLineText":"Saanen"}, RecipientTarget: , StopRuleEngineWhenRuleApplied: False, IsRuleForGliderFlights: True, IsRuleForTowingFlights: True, IsRuleForMotorFlights: False, UseRuleForAllAircraftsExceptListed: False, MatchedAircraftImmatriculations: ["HB-KCB"], UseRuleForAllStartTypesExceptListed: True, MatchedStartTypes: [], UseRuleForAllFlightTypesExceptListed: True, MatchedFlightTypeCodes: [], ExtendMatchingFlightTypeCodesToGliderAndTowFlight: False, UseRuleForAllStartLocationsExceptListed: False, MatchedStartLocations: ["LSGK"], UseRuleForAllLdgLocationsExceptListed: True, MatchedLdgLocations: [], UseRuleForAllClubMemberNumbersExceptListed: True, MatchedClubMemberNumbers: [], UseRuleForAllFlightCrewTypesExceptListed: True, MatchedFlightCrewTypes: [], UseRuleForAllAircraftsOnHomebaseExceptListed: True, MatchedAircraftsHomebase: [], UseRuleForAllMemberStatesExceptListed: True, MatchedMemberStates: [], UseRuleForAllPersonCategoriesExceptListed: True, MatchedPersonCategories: [], IsChargedToClubInternal: False, MinFlightTimeInSecondsMatchingValue: 0, MaxFlightTimeInSecondsMatchingValue: 2147483647, MinEngineTimeInSecondsMatchingValue: 0, MaxEngineTimeInSecondsMatchingValue: 2147483647, IncludeThresholdText: False, ThresholdText: , IncludeFlightTypeName: False, NoLandingTaxForGlider: False, NoLandingTaxForTowingAircraft: False, NoLandingTaxForAircraft: False, AccountingUnitTypeId: 10, CreatedOn: 05/25/2026 05:42:29, CreatedByUserId: 36073196-1ee3-4a97-a3fa-f5f60039f041, ModifiedOn: , ModifiedByUserId: , DeletedOn: , DeletedByUserId: , RecordState: 1, OwnerId: 0fa7b76f-47ba-4138-8f96-671400fd7c83, OwnershipType: 2, IsDeleted: False, Id: fa5049ee-c05e-4e9e-bbe1-59c712974bca,  <- AccountingRuleFilter]

2026-05-25 05:42:29.3192 FLS.Server.Data.FLSDataEntities Insert AccountingRuleFilter with data: [AccountingRuleFilter -> AccountingRuleFilterId: 4c714786-d926-4438-b2e5-3d861df8d763, ClubId: 0fa7b76f-47ba-4138-8f96-671400fd7c83, AccountingRuleFilterTypeId: 50, RuleFilterName: HB-KCB Treibstoffzuschlag, Description: , IsActive: True, SortIndicator: 1, ArticleTarget: {"ArticleNumber":"1086","DeliveryLineText":"Treibstoffzuschlag"}, RecipientTarget: , StopRuleEngineWhenRuleApplied: False, IsRuleForGliderFlights: True, IsRuleForTowingFlights: True, IsRuleForMotorFlights: True, UseRuleForAllAircraftsExceptListed: False, MatchedAircraftImmatriculations: ["HB-KCB"], UseRuleForAllStartTypesExceptListed: True, MatchedStartTypes: [], UseRuleForAllFlightTypesExceptListed: True, MatchedFlightTypeCodes: [], ExtendMatchingFlightTypeCodesToGliderAndTowFlight: False, UseRuleForAllStartLocationsExceptListed: False, MatchedStartLocations: ["LSZK"], UseRuleForAllLdgLocationsExceptListed: True, MatchedLdgLocations: [], UseRuleForAllClubMemberNumbersExceptListed: True, MatchedClubMemberNumbers: [], UseRuleForAllFlightCrewTypesExceptListed: True, MatchedFlightCrewTypes: [], UseRuleForAllAircraftsOnHomebaseExceptListed: True, MatchedAircraftsHomebase: [], UseRuleForAllMemberStatesExceptListed: True, MatchedMemberStates: [], UseRuleForAllPersonCategoriesExceptListed: True, MatchedPersonCategories: [], IsChargedToClubInternal: False, MinFlightTimeInSecondsMatchingValue: 0, MaxFlightTimeInSecondsMatchingValue: 2147483647, MinEngineTimeInSecondsMatchingValue: 0, MaxEngineTimeInSecondsMatchingValue: 2147483647, IncludeThresholdText: False, ThresholdText: , IncludeFlightTypeName: False, NoLandingTaxForGlider: False, NoLandingTaxForTowingAircraft: False, NoLandingTaxForAircraft: False, AccountingUnitTypeId: 10, CreatedOn: 05/25/2026 05:42:29, CreatedByUserId: 36073196-1ee3-4a97-a3fa-f5f60039f041, ModifiedOn: , ModifiedByUserId: , DeletedOn: , DeletedByUserId: , RecordState: 1, OwnerId: 0fa7b76f-47ba-4138-8f96-671400fd7c83, OwnershipType: 2, IsDeleted: False, Id: 4c714786-d926-4438-b2e5-3d861df8d763,  <- AccountingRuleFilter]

2026-05-25 05:42:29.4243 FLS.Server.Data.FLSDataEntities Insert AccountingRuleFilter with data: [AccountingRuleFilter -> AccountingRuleFilterId: 1bd15121-b4df-4ed0-9601-fad5e6d451cb, ClubId: 0fa7b76f-47ba-4138-8f96-671400fd7c83, AccountingRuleFilterTypeId: 20, RuleFilterName: Keine Landetaxen für Schulung ab Speck, Description: , IsActive: True, SortIndicator: 1, ArticleTarget: null, RecipientTarget: , StopRuleEngineWhenRuleApplied: False, IsRuleForGliderFlights: True, IsRuleForTowingFlights: True, IsRuleForMotorFlights: True, UseRuleForAllAircraftsExceptListed: True, MatchedAircraftImmatriculations: [], UseRuleForAllStartTypesExceptListed: False, MatchedStartTypes: [], UseRuleForAllFlightTypesExceptListed: False, MatchedFlightTypeCodes: ["70","80","66","68","69","77","88","78"], ExtendMatchingFlightTypeCodesToGliderAndTowFlight: True, UseRuleForAllStartLocationsExceptListed: True, MatchedStartLocations: [], UseRuleForAllLdgLocationsExceptListed: False, MatchedLdgLocations: ["LSZK"], UseRuleForAllClubMemberNumbersExceptListed: True, MatchedClubMemberNumbers: [], UseRuleForAllFlightCrewTypesExceptListed: True, MatchedFlightCrewTypes: [], UseRuleForAllAircraftsOnHomebaseExceptListed: True, MatchedAircraftsHomebase: [], UseRuleForAllMemberStatesExceptListed: True, MatchedMemberStates: [], UseRuleForAllPersonCategoriesExceptListed: True, MatchedPersonCategories: [], IsChargedToClubInternal: False, MinFlightTimeInSecondsMatchingValue: 0, MaxFlightTimeInSecondsMatchingValue: 2147483647, MinEngineTimeInSecondsMatchingValue: 0, MaxEngineTimeInSecondsMatchingValue: 2147483647, IncludeThresholdText: False, ThresholdText: , IncludeFlightTypeName: False, NoLandingTaxForGlider: True, NoLandingTaxForTowingAircraft: True, NoLandingTaxForAircraft: False, AccountingUnitTypeId: , CreatedOn: 05/25/2026 05:42:29, CreatedByUserId: 36073196-1ee3-4a97-a3fa-f5f60039f041, ModifiedOn: , ModifiedByUserId: , DeletedOn: , DeletedByUserId: , RecordState: 1, OwnerId: 0fa7b76f-47ba-4138-8f96-671400fd7c83, OwnershipType: 2, IsDeleted: False, Id: 1bd15121-b4df-4ed0-9601-fad5e6d451cb,  <- AccountingRuleFilter]

2026-05-25 05:42:29.5833 FLS.Server.Data.FLSDataEntities Insert AccountingRuleFilter with data: [AccountingRuleFilter -> AccountingRuleFilterId: f6a63b61-7a12-45d2-be7d-fd5cc4b005c6, ClubId: 0fa7b76f-47ba-4138-8f96-671400fd7c83, AccountingRuleFilterTypeId: 60, RuleFilterName: Landetaxen Speck, Description: , IsActive: True, SortIndicator: 1, ArticleTarget: {"ArticleNumber":"1037","DeliveryLineText":"Landetaxen Speck"}, RecipientTarget: , StopRuleEngineWhenRuleApplied: False, IsRuleForGliderFlights: False, IsRuleForTowingFlights: True, IsRuleForMotorFlights: True, UseRuleForAllAircraftsExceptListed: True, MatchedAircraftImmatriculations: [], UseRuleForAllStartTypesExceptListed: True, MatchedStartTypes: [], UseRuleForAllFlightTypesExceptListed: True, MatchedFlightTypeCodes: ["70","80","66","68","69","77","88","78"], ExtendMatchingFlightTypeCodesToGliderAndTowFlight: True, UseRuleForAllStartLocationsExceptListed: True, MatchedStartLocations: [], UseRuleForAllLdgLocationsExceptListed: False, MatchedLdgLocations: ["LSZK"], UseRuleForAllClubMemberNumbersExceptListed: True, MatchedClubMemberNumbers: [], UseRuleForAllFlightCrewTypesExceptListed: True, MatchedFlightCrewTypes: [], UseRuleForAllAircraftsOnHomebaseExceptListed: True, MatchedAircraftsHomebase: [], UseRuleForAllMemberStatesExceptListed: True, MatchedMemberStates: [], UseRuleForAllPersonCategoriesExceptListed: True, MatchedPersonCategories: [], IsChargedToClubInternal: False, MinFlightTimeInSecondsMatchingValue: 0, MaxFlightTimeInSecondsMatchingValue: 2147483647, MinEngineTimeInSecondsMatchingValue: 0, MaxEngineTimeInSecondsMatchingValue: 2147483647, IncludeThresholdText: False, ThresholdText: , IncludeFlightTypeName: False, NoLandingTaxForGlider: False, NoLandingTaxForTowingAircraft: False, NoLandingTaxForAircraft: False, AccountingUnitTypeId: 30, CreatedOn: 05/25/2026 05:42:29, CreatedByUserId: 36073196-1ee3-4a97-a3fa-f5f60039f041, ModifiedOn: , ModifiedByUserId: , DeletedOn: , DeletedByUserId: , RecordState: 1, OwnerId: 0fa7b76f-47ba-4138-8f96-671400fd7c83, OwnershipType: 2, IsDeleted: False, Id: f6a63b61-7a12-45d2-be7d-fd5cc4b005c6,  <- AccountingRuleFilter]

2026-05-25 05:42:29.7552 FLS.Server.Data.FLSDataEntities Insert AccountingRuleFilter with data: [AccountingRuleFilter -> AccountingRuleFilterId: 2c409212-877a-4fdd-baca-df0d4481cc38, ClubId: 0fa7b76f-47ba-4138-8f96-671400fd7c83, AccountingRuleFilterTypeId: 60, RuleFilterName: Landetaxen Montricher, Description: , IsActive: True, SortIndicator: 1, ArticleTarget: {"ArticleNumber":"1106","DeliveryLineText":"Landetaxen Montricher"}, RecipientTarget: , StopRuleEngineWhenRuleApplied: False, IsRuleForGliderFlights: False, IsRuleForTowingFlights: True, IsRuleForMotorFlights: True, UseRuleForAllAircraftsExceptListed: True, MatchedAircraftImmatriculations: [], UseRuleForAllStartTypesExceptListed: True, MatchedStartTypes: [], UseRuleForAllFlightTypesExceptListed: True, MatchedFlightTypeCodes: [], ExtendMatchingFlightTypeCodesToGliderAndTowFlight: True, UseRuleForAllStartLocationsExceptListed: True, MatchedStartLocations: [], UseRuleForAllLdgLocationsExceptListed: False, MatchedLdgLocations: ["LSTR"], UseRuleForAllClubMemberNumbersExceptListed: True, MatchedClubMemberNumbers: [], UseRuleForAllFlightCrewTypesExceptListed: True, MatchedFlightCrewTypes: [], UseRuleForAllAircraftsOnHomebaseExceptListed: True, MatchedAircraftsHomebase: [], UseRuleForAllMemberStatesExceptListed: True, MatchedMemberStates: [], UseRuleForAllPersonCategoriesExceptListed: True, MatchedPersonCategories: [], IsChargedToClubInternal: False, MinFlightTimeInSecondsMatchingValue: 0, MaxFlightTimeInSecondsMatchingValue: 2147483647, MinEngineTimeInSecondsMatchingValue: 0, MaxEngineTimeInSecondsMatchingValue: 2147483647, IncludeThresholdText: False, ThresholdText: , IncludeFlightTypeName: False, NoLandingTaxForGlider: False, NoLandingTaxForTowingAircraft: False, NoLandingTaxForAircraft: False, AccountingUnitTypeId: 30, CreatedOn: 05/25/2026 05:42:29, CreatedByUserId: 36073196-1ee3-4a97-a3fa-f5f60039f041, ModifiedOn: , ModifiedByUserId: , DeletedOn: , DeletedByUserId: , RecordState: 1, OwnerId: 0fa7b76f-47ba-4138-8f96-671400fd7c83, OwnershipType: 2, IsDeleted: False, Id: 2c409212-877a-4fdd-baca-df0d4481cc38,  <- AccountingRuleFilter]

2026-05-25 05:42:29.8358 FLS.Server.Service.Jobs.DailyReportJob No today flights to send by email for club: Flugsportgruppe Zueri-Oberland
2026-05-25 05:42:29.8679 FLS.Server.Service.Jobs.DailyReportJob Executing daily report job for club: Other-Test-Club
2026-05-25 05:42:29.9339 FLS.Server.Service.Jobs.DailyReportJob No today flights to send by email for club: Other-Test-Club
2026-05-25 05:42:29.9621 FLS.Server.Service.Jobs.DailyReportJob Executing daily report job for club: Test-Club
2026-05-25 05:42:29.9650 FLS.Server.Data.FLSDataEntities Insert AccountingRuleFilter with data: [AccountingRuleFilter -> AccountingRuleFilterId: e0c3fa6a-0c4d-4c21-be9e-c59abdf38d86, ClubId: 0fa7b76f-47ba-4138-8f96-671400fd7c83, AccountingRuleFilterTypeId: 60, RuleFilterName: Landetaxen Saanen, Description: , IsActive: True, SortIndicator: 1, ArticleTarget: {"ArticleNumber":"1160","DeliveryLineText":"Landetaxen Saanen"}, RecipientTarget: , StopRuleEngineWhenRuleApplied: False, IsRuleForGliderFlights: False, IsRuleForTowingFlights: True, IsRuleForMotorFlights: True, UseRuleForAllAircraftsExceptListed: True, MatchedAircraftImmatriculations: [], UseRuleForAllStartTypesExceptListed: True, MatchedStartTypes: [], UseRuleForAllFlightTypesExceptListed: True, MatchedFlightTypeCodes: [], ExtendMatchingFlightTypeCodesToGliderAndTowFlight: True, UseRuleForAllStartLocationsExceptListed: True, MatchedStartLocations: [], UseRuleForAllLdgLocationsExceptListed: False, MatchedLdgLocations: ["LSGK"], UseRuleForAllClubMemberNumbersExceptListed: True, MatchedClubMemberNumbers: [], UseRuleForAllFlightCrewTypesExceptListed: True, MatchedFlightCrewTypes: [], UseRuleForAllAircraftsOnHomebaseExceptListed: True, MatchedAircraftsHomebase: [], UseRuleForAllMemberStatesExceptListed: True, MatchedMemberStates: [], UseRuleForAllPersonCategoriesExceptListed: True, MatchedPersonCategories: [], IsChargedToClubInternal: False, MinFlightTimeInSecondsMatchingValue: 0, MaxFlightTimeInSecondsMatchingValue: 2147483647, MinEngineTimeInSecondsMatchingValue: 0, MaxEngineTimeInSecondsMatchingValue: 2147483647, IncludeThresholdText: False, ThresholdText: , IncludeFlightTypeName: False, NoLandingTaxForGlider: False, NoLandingTaxForTowingAircraft: False, NoLandingTaxForAircraft: False, AccountingUnitTypeId: 30, CreatedOn: 05/25/2026 05:42:29, CreatedByUserId: 36073196-1ee3-4a97-a3fa-f5f60039f041, ModifiedOn: , ModifiedByUserId: , DeletedOn: , DeletedByUserId: , RecordState: 1, OwnerId: 0fa7b76f-47ba-4138-8f96-671400fd7c83, OwnershipType: 2, IsDeleted: False, Id: e0c3fa6a-0c4d-4c21-be9e-c59abdf38d86,  <- AccountingRuleFilter]

2026-05-25 05:42:30.0777 FLS.Server.Service.Jobs.DailyReportJob 12 flights found for club: Test-Club
2026-05-25 05:42:30.2178 FLS.Server.Data.FLSDataEntities Insert AccountingRuleFilter with data: [AccountingRuleFilter -> AccountingRuleFilterId: 08412285-e65e-452b-bbfb-c1c929e5311b, ClubId: 0fa7b76f-47ba-4138-8f96-671400fd7c83, AccountingRuleFilterTypeId: 10, RuleFilterName: Schnupperflug Gutschein auf FGZO Konto buchen, Description: Schnupperflug Gutschein auf FGZO Konto buchen, IsActive: True, SortIndicator: 0, ArticleTarget: , RecipientTarget: {"PersonId":null,"RecipientName":"FGZO Schnupperflug Gutschein","Firstname":null,"Lastname":null,"AddressLine1":null,"AddressLine2":null,"ZipCode":null,"City":null,"CountryName":null,"PersonClubMemberNumber":"999006"}, StopRuleEngineWhenRuleApplied: False, IsRuleForGliderFlights: True, IsRuleForTowingFlights: False, IsRuleForMotorFlights: False, UseRuleForAllAircraftsExceptListed: True, MatchedAircraftImmatriculations: [], UseRuleForAllStartTypesExceptListed: True, MatchedStartTypes: [], UseRuleForAllFlightTypesExceptListed: False, MatchedFlightTypeCodes: ["68"], ExtendMatchingFlightTypeCodesToGliderAndTowFlight: False, UseRuleForAllStartLocationsExceptListed: True, MatchedStartLocations: [], UseRuleForAllLdgLocationsExceptListed: True, MatchedLdgLocations: [], UseRuleForAllClubMemberNumbersExceptListed: True, MatchedClubMemberNumbers: [], UseRuleForAllFlightCrewTypesExceptListed: True, MatchedFlightCrewTypes: [], UseRuleForAllAircraftsOnHomebaseExceptListed: True, MatchedAircraftsHomebase: [], UseRuleForAllMemberStatesExceptListed: True, MatchedMemberStates: [], UseRuleForAllPersonCategoriesExceptListed: True, MatchedPersonCategories: [], IsChargedToClubInternal: True, MinFlightTimeInSecondsMatchingValue: , MaxFlightTimeInSecondsMatchingValue: , MinEngineTimeInSecondsMatchingValue: , MaxEngineTimeInSecondsMatchingValue: , IncludeThresholdText: False, ThresholdText: , IncludeFlightTypeName: False, NoLandingTaxForGlider: False, NoLandingTaxForTowingAircraft: False, NoLandingTaxForAircraft: False, AccountingUnitTypeId: , CreatedOn: 05/25/2026 05:42:30, CreatedByUserId: 36073196-1ee3-4a97-a3fa-f5f60039f041, ModifiedOn: , ModifiedByUserId: , DeletedOn: , DeletedByUserId: , RecordState: 1, OwnerId: 0fa7b76f-47ba-4138-8f96-671400fd7c83, OwnershipType: 2, IsDeleted: False, Id: 08412285-e65e-452b-bbfb-c1c929e5311b,  <- AccountingRuleFilter]

2026-05-25 05:42:30.2745 FLS.Server.Service.Email.EmailSendService Sent email to recipient: hans2@muster.ch with subject: Flug-Informationen vom 05/25/2026, and Body: <!DOCTYPE html PUBLIC "-//W3C//DTD XHTML 1.0 Transitional//EN" "http://www.w3.org/TR/xhtml1/DTD/xhtml1-transitional.dtd">
<html xmlns="http://www.w3.org/1999/xhtml">

<head>
<meta content="en-gb" http-equiv="Content-Language" />
<meta content="text/html; charset=utf-8" http-equiv="Content-Type" />
<title>Deine Flüge</title>
<style type="text/css">

body {
    font-family: Arial, Helvetica, Sans-Serif;
    font-size: 14px;
}
.datagrid table { border-collapse: collapse; text-align: left; width: 100%; }
.datagrid {font: normal 12px/150% Arial, Helvetica, sans-serif; background: #fff; overflow: hidden; border: 1px solid #006699; }
.datagrid table td, 
.datagrid table th { padding: 3px 10px; }
.datagrid table thead th {background:-webkit-gradient( linear, left top, left bottom, color-stop(0.05, #006699), color-stop(1, #00557F) );background:-moz-linear-gradient( center top, #006699 5%, #00557F 100% );filter:progid:DXImageTransform.Microsoft.gradient(startColorstr='#006699', endColorstr='#00557F');background-color:#006699; color:#ffffff; font-size: 15px; font-weight: bold; border-left: 1px solid #0070A8; } 
.datagrid table thead th:first-child { border: none; }
.datagrid table tbody td { color: #00496B; border-left: 1px solid #E1EEF4;font-size: 12px;font-weight: normal; }
.datagrid table tbody .alt td { background: #E1EEF4; color: #00496B; }
.datagrid table tbody td:first-child { border-left: none; }
.datagrid table tbody tr:last-child td { border-bottom: none; }
</style>
</head>

<body>
<p>
Hallo Morli
</p>
<p>
Die nachfolgende Tabelle zeigt deine Flüge vom 05/25/2026. (Details dazu unter <a href="http://localhost:25567">http://localhost:25567</a>)</p>

<div class="datagrid">
<table>
    <thead>
        <tr>
            <th>Datum</th>
            <th>Segelflugzeug</th>
            <th>Pilot</th>
            <th>Startart</th>
            <th>Flugart</th>
            <th>Soloflug</th>
            <th>Startort</th>
            <th>Landeort</th>
            <th>Start</th>
            <th>Landung</th>
            <th>Dauer</th>
            <th>2. Flugbesatzung</th>
            <th>Bemerkungen</th>
            <th>Schleppflugzeug</th>
            <th>Schleppilot</th>
            <th>Start (Schlepp)</th>
            <th>Landung (Schlepp)</th>
            <th>Dauer (Schlepp)</th>
        </tr>
    </thead>
    <tbody>

    
        <tr 
                >
            <td>05/25/2026</td>
            <td>HB-3407</td>
            <td>Stahel Morli</td>
            <td>Schleppstart</td>
            <td>Passagierflug Bar</td>
            <td></td>
            <td>Speck Fehraltorf</td>
            <td>Speck Fehraltorf</td>
            <td>10:12</td>
            <td>13:44</td>
            <td>3:32</td>
            <td>Schellenberg Hansueli</td>
            <td>PAX flight</td>
            <td>HB-KCB</td>
            <td>Egli Elias</td>
            <td>10:12</td>
            <td>10:26</td>
            <td>0:14</td>
        </tr>

    
        <tr 
                class="alt"
                >
            <td>05/25/2026</td>
            <td>HB-2464</td>
            <td>Stahel Morli</td>
            <td>Eigenstart</td>
            <td>Charter Clubflugzeug</td>
            <td></td>
            <td>Speck Fehraltorf</td>
            <td>Speck Fehraltorf</td>
            <td>10:55</td>
            <td></td>
            <td>n/a</td>
            <td></td>
            <td>Selfstarter</td>
            <td></td>
            <td></td>
            <td></td>
            <td></td>
            <td></td>
        </tr>

        
</tbody>
</table>
</div>

<p>Herzliche Grüsse</p>
<p>Flight Logging System</p>

</body>

</html>

2026-05-25 05:42:30.3438 FLS.Server.Data.FLSDataEntities Insert AccountingRuleFilter with data: [AccountingRuleFilter -> AccountingRuleFilterId: 94c7ca3f-425b-4abb-9967-a7db91cb3b3d, ClubId: 0fa7b76f-47ba-4138-8f96-671400fd7c83, AccountingRuleFilterTypeId: 10, RuleFilterName: FGZO Schnupperflug und Lufttaufe bar auf FGZO Konto buchen, Description: FGZO Schnupperflug und Lufttaufe bar auf FGZO Konto buchen, IsActive: True, SortIndicator: 0, ArticleTarget: , RecipientTarget: {"PersonId":null,"RecipientName":"FGZO Schnupperflug und Lufttaufe bar","Firstname":null,"Lastname":null,"AddressLine1":null,"AddressLine2":null,"ZipCode":null,"City":null,"CountryName":null,"PersonClubMemberNumber":"999000"}, StopRuleEngineWhenRuleApplied: False, IsRuleForGliderFlights: True, IsRuleForTowingFlights: False, IsRuleForMotorFlights: False, UseRuleForAllAircraftsExceptListed: True, MatchedAircraftImmatriculations: [], UseRuleForAllStartTypesExceptListed: True, MatchedStartTypes: [], UseRuleForAllFlightTypesExceptListed: False, MatchedFlightTypeCodes: ["66","69"], ExtendMatchingFlightTypeCodesToGliderAndTowFlight: False, UseRuleForAllStartLocationsExceptListed: True, MatchedStartLocations: [], UseRuleForAllLdgLocationsExceptListed: True, MatchedLdgLocations: [], UseRuleForAllClubMemberNumbersExceptListed: True, MatchedClubMemberNumbers: [], UseRuleForAllFlightCrewTypesExceptListed: True, MatchedFlightCrewTypes: [], UseRuleForAllAircraftsOnHomebaseExceptListed: True, MatchedAircraftsHomebase: [], UseRuleForAllMemberStatesExceptListed: True, MatchedMemberStates: [], UseRuleForAllPersonCategoriesExceptListed: True, MatchedPersonCategories: [], IsChargedToClubInternal: True, MinFlightTimeInSecondsMatchingValue: , MaxFlightTimeInSecondsMatchingValue: , MinEngineTimeInSecondsMatchingValue: , MaxEngineTimeInSecondsMatchingValue: , IncludeThresholdText: False, ThresholdText: , IncludeFlightTypeName: False, NoLandingTaxForGlider: False, NoLandingTaxForTowingAircraft: False, NoLandingTaxForAircraft: False, AccountingUnitTypeId: , CreatedOn: 05/25/2026 05:42:30, CreatedByUserId: 36073196-1ee3-4a97-a3fa-f5f60039f041, ModifiedOn: , ModifiedByUserId: , DeletedOn: , DeletedByUserId: , RecordState: 1, OwnerId: 0fa7b76f-47ba-4138-8f96-671400fd7c83, OwnershipType: 2, IsDeleted: False, Id: 94c7ca3f-425b-4abb-9967-a7db91cb3b3d,  <- AccountingRuleFilter]

2026-05-25 05:42:30.4134 FLS.Server.Data.FLSDataEntities Update Flight with data: Glider-Flight: HB-2464, Pilot: Stahel Morli, Flight-Date: 05/25/2026, Starttime: 10:55, Flightcode: 60, Nr of Ldgs: 0/0, Flight-Air-State: 10, Flight-Process-State: 28
2026-05-25 05:42:30.4269 FLS.Server.Data.FLSDataEntities Update Flight with data: Glider-Flight: HB-3407, Pilot: Stahel Morli, Flight-Date: 05/25/2026, Starttime: 10:12, LdgTime: 13:44, Flightcode: 63, Nr of Ldgs: 1/0, Flight-Air-State: 20, Flight-Process-State: 30, TowFlight: HB-KCB, TowPilot: Egli Elias, Tow-Flight-Air-State: 20, Tow-Flight-Process-State: 30
2026-05-25 05:42:30.4776 FLS.Server.Data.FLSDataEntities Insert AccountingRuleFilter with data: [AccountingRuleFilter -> AccountingRuleFilterId: 0f07db4b-278f-426b-bea3-da65a5b849c8, ClubId: 0fa7b76f-47ba-4138-8f96-671400fd7c83, AccountingRuleFilterTypeId: 10, RuleFilterName: FGZO Passagierflug bar auf FGZO Konto buchen, Description: FGZO Passagierflug bar auf FGZO Konto buchen, IsActive: True, SortIndicator: 0, ArticleTarget: , RecipientTarget: {"PersonId":null,"RecipientName":"FGZO Passagierflug bar","Firstname":null,"Lastname":null,"AddressLine1":null,"AddressLine2":null,"ZipCode":null,"City":null,"CountryName":null,"PersonClubMemberNumber":"999001"}, StopRuleEngineWhenRuleApplied: False, IsRuleForGliderFlights: True, IsRuleForTowingFlights: False, IsRuleForMotorFlights: False, UseRuleForAllAircraftsExceptListed: True, MatchedAircraftImmatriculations: [], UseRuleForAllStartTypesExceptListed: True, MatchedStartTypes: [], UseRuleForAllFlightTypesExceptListed: False, MatchedFlightTypeCodes: ["63"], ExtendMatchingFlightTypeCodesToGliderAndTowFlight: False, UseRuleForAllStartLocationsExceptListed: True, MatchedStartLocations: [], UseRuleForAllLdgLocationsExceptListed: True, MatchedLdgLocations: [], UseRuleForAllClubMemberNumbersExceptListed: True, MatchedClubMemberNumbers: [], UseRuleForAllFlightCrewTypesExceptListed: True, MatchedFlightCrewTypes: [], UseRuleForAllAircraftsOnHomebaseExceptListed: True, MatchedAircraftsHomebase: [], UseRuleForAllMemberStatesExceptListed: True, MatchedMemberStates: [], UseRuleForAllPersonCategoriesExceptListed: True, MatchedPersonCategories: [], IsChargedToClubInternal: True, MinFlightTimeInSecondsMatchingValue: , MaxFlightTimeInSecondsMatchingValue: , MinEngineTimeInSecondsMatchingValue: , MaxEngineTimeInSecondsMatchingValue: , IncludeThresholdText: False, ThresholdText: , IncludeFlightTypeName: False, NoLandingTaxForGlider: False, NoLandingTaxForTowingAircraft: False, NoLandingTaxForAircraft: False, AccountingUnitTypeId: , CreatedOn: 05/25/2026 05:42:30, CreatedByUserId: 36073196-1ee3-4a97-a3fa-f5f60039f041, ModifiedOn: , ModifiedByUserId: , DeletedOn: , DeletedByUserId: , RecordState: 1, OwnerId: 0fa7b76f-47ba-4138-8f96-671400fd7c83, OwnershipType: 2, IsDeleted: False, Id: 0f07db4b-278f-426b-bea3-da65a5b849c8,  <- AccountingRuleFilter]

2026-05-25 05:42:30.6376 FLS.Server.Data.FLSDataEntities Insert AccountingRuleFilter with data: [AccountingRuleFilter -> AccountingRuleFilterId: 16e134ad-6a03-487b-9e47-00c869588abc, ClubId: 0fa7b76f-47ba-4138-8f96-671400fd7c83, AccountingRuleFilterTypeId: 10, RuleFilterName: FGZO Passagierflug Gutschein auf FGZO Konto buchen, Description: FGZO Passagierflug Gutschein auf FGZO Konto buchen, IsActive: True, SortIndicator: 0, ArticleTarget: , RecipientTarget: {"PersonId":null,"RecipientName":"FGZO Passagierflug Gutschein","Firstname":null,"Lastname":null,"AddressLine1":null,"AddressLine2":null,"ZipCode":null,"City":null,"CountryName":null,"PersonClubMemberNumber":"999007"}, StopRuleEngineWhenRuleApplied: False, IsRuleForGliderFlights: True, IsRuleForTowingFlights: False, IsRuleForMotorFlights: False, UseRuleForAllAircraftsExceptListed: True, MatchedAircraftImmatriculations: [], UseRuleForAllStartTypesExceptListed: True, MatchedStartTypes: [], UseRuleForAllFlightTypesExceptListed: False, MatchedFlightTypeCodes: ["62"], ExtendMatchingFlightTypeCodesToGliderAndTowFlight: False, UseRuleForAllStartLocationsExceptListed: True, MatchedStartLocations: [], UseRuleForAllLdgLocationsExceptListed: True, MatchedLdgLocations: [], UseRuleForAllClubMemberNumbersExceptListed: True, MatchedClubMemberNumbers: [], UseRuleForAllFlightCrewTypesExceptListed: True, MatchedFlightCrewTypes: [], UseRuleForAllAircraftsOnHomebaseExceptListed: True, MatchedAircraftsHomebase: [], UseRuleForAllMemberStatesExceptListed: True, MatchedMemberStates: [], UseRuleForAllPersonCategoriesExceptListed: True, MatchedPersonCategories: [], IsChargedToClubInternal: True, MinFlightTimeInSecondsMatchingValue: , MaxFlightTimeInSecondsMatchingValue: , MinEngineTimeInSecondsMatchingValue: , MaxEngineTimeInSecondsMatchingValue: , IncludeThresholdText: False, ThresholdText: , IncludeFlightTypeName: False, NoLandingTaxForGlider: False, NoLandingTaxForTowingAircraft: False, NoLandingTaxForAircraft: False, AccountingUnitTypeId: , CreatedOn: 05/25/2026 05:42:30, CreatedByUserId: 36073196-1ee3-4a97-a3fa-f5f60039f041, ModifiedOn: , ModifiedByUserId: , DeletedOn: , DeletedByUserId: , RecordState: 1, OwnerId: 0fa7b76f-47ba-4138-8f96-671400fd7c83, OwnershipType: 2, IsDeleted: False, Id: 16e134ad-6a03-487b-9e47-00c869588abc,  <- AccountingRuleFilter]

2026-05-25 05:42:30.6967 FLS.Server.Service.Email.EmailSendService Sent email to recipient: hans4@muster.ch with subject: Flug-Informationen vom 05/25/2026, and Body: <!DOCTYPE html PUBLIC "-//W3C//DTD XHTML 1.0 Transitional//EN" "http://www.w3.org/TR/xhtml1/DTD/xhtml1-transitional.dtd">
<html xmlns="http://www.w3.org/1999/xhtml">

<head>
<meta content="en-gb" http-equiv="Content-Language" />
<meta content="text/html; charset=utf-8" http-equiv="Content-Type" />
<title>Deine Flüge</title>
<style type="text/css">

body {
    font-family: Arial, Helvetica, Sans-Serif;
    font-size: 14px;
}
.datagrid table { border-collapse: collapse; text-align: left; width: 100%; }
.datagrid {font: normal 12px/150% Arial, Helvetica, sans-serif; background: #fff; overflow: hidden; border: 1px solid #006699; }
.datagrid table td, 
.datagrid table th { padding: 3px 10px; }
.datagrid table thead th {background:-webkit-gradient( linear, left top, left bottom, color-stop(0.05, #006699), color-stop(1, #00557F) );background:-moz-linear-gradient( center top, #006699 5%, #00557F 100% );filter:progid:DXImageTransform.Microsoft.gradient(startColorstr='#006699', endColorstr='#00557F');background-color:#006699; color:#ffffff; font-size: 15px; font-weight: bold; border-left: 1px solid #0070A8; } 
.datagrid table thead th:first-child { border: none; }
.datagrid table tbody td { color: #00496B; border-left: 1px solid #E1EEF4;font-size: 12px;font-weight: normal; }
.datagrid table tbody .alt td { background: #E1EEF4; color: #00496B; }
.datagrid table tbody td:first-child { border-left: none; }
.datagrid table tbody tr:last-child td { border-bottom: none; }
</style>
</head>

<body>
<p>
Hallo Lenni
</p>
<p>
Die nachfolgende Tabelle zeigt deine Flüge vom 05/25/2026. (Details dazu unter <a href="http://localhost:25567">http://localhost:25567</a>)</p>

<div class="datagrid">
<table>
    <thead>
        <tr>
            <th>Datum</th>
            <th>Segelflugzeug</th>
            <th>Pilot</th>
            <th>Startart</th>
            <th>Flugart</th>
            <th>Soloflug</th>
            <th>Startort</th>
            <th>Landeort</th>
            <th>Start</th>
            <th>Landung</th>
            <th>Dauer</th>
            <th>2. Flugbesatzung</th>
            <th>Bemerkungen</th>
            <th>Schleppflugzeug</th>
            <th>Schleppilot</th>
            <th>Start (Schlepp)</th>
            <th>Landung (Schlepp)</th>
            <th>Dauer (Schlepp)</th>
        </tr>
    </thead>
    <tbody>

    
        <tr 
                >
            <td>05/25/2026</td>
            <td>HB-3407</td>
            <td>Bonzli Lenni</td>
            <td>Eigenstart</td>
            <td>Charter Clubflugzeug</td>
            <td>X</td>
            <td>Speck Fehraltorf</td>
            <td>Speck Fehraltorf</td>
            <td>10:00</td>
            <td>10:30</td>
            <td>0:30</td>
            <td></td>
            <td>e2e-audit 1779687672131-46243</td>
            <td></td>
            <td></td>
            <td></td>
            <td></td>
            <td></td>
        </tr>

    
        <tr 
                class="alt"
                >
            <td>05/25/2026</td>
            <td>HB-3407</td>
            <td>Bonzli Lenni</td>
            <td>Eigenstart</td>
            <td>Charter Clubflugzeug</td>
            <td>X</td>
            <td>Speck Fehraltorf</td>
            <td>Speck Fehraltorf</td>
            <td>10:00</td>
            <td>10:30</td>
            <td>0:30</td>
            <td></td>
            <td>E2E flights-create-flights-create-new-glider-flight-via-ui-shows</td>
            <td></td>
            <td></td>
            <td></td>
            <td></td>
            <td></td>
        </tr>

    
        <tr 
                >
            <td>05/25/2026</td>
            <td>HB-3407</td>
            <td>Bonzli Lenni</td>
            <td>Eigenstart</td>
            <td>Charter Clubflugzeug</td>
            <td>X</td>
            <td>Speck Fehraltorf</td>
            <td>Speck Fehraltorf</td>
            <td>10:00</td>
            <td>10:30</td>
            <td>0:30</td>
            <td></td>
            <td>E2E reporting-flight-reports-flight-reports-pre-canned-location-</td>
            <td></td>
            <td></td>
            <td></td>
            <td></td>
            <td></td>
        </tr>

    
        <tr 
                class="alt"
                >
            <td>05/25/2026</td>
            <td>HB-3407</td>
            <td>Bonzli Lenni</td>
            <td>Eigenstart</td>
            <td>Charter Clubflugzeug</td>
            <td>X</td>
            <td>Speck Fehraltorf</td>
            <td>Speck Fehraltorf</td>
            <td>10:00</td>
            <td>10:30</td>
            <td>0:30</td>
            <td></td>
            <td>E2E flights-state-transitions-flights-state-valid-excludedfromde</td>
            <td></td>
            <td></td>
            <td></td>
            <td></td>
            <td></td>
        </tr>

    
        <tr 
                >
            <td>05/25/2026</td>
            <td>HB-3407</td>
            <td>Bonzli Lenni</td>
            <td>Eigenstart</td>
            <td>Charter Clubflugzeug</td>
            <td>X</td>
            <td>Speck Fehraltorf</td>
            <td>Speck Fehraltorf</td>
            <td>10:00</td>
            <td>10:30</td>
            <td>0:30</td>
            <td></td>
            <td>E2E reporting-custom-builder-flightreports-custom-builder-applie</td>
            <td></td>
            <td></td>
            <td></td>
            <td></td>
            <td></td>
        </tr>

    
        <tr 
                class="alt"
                >
            <td>05/25/2026</td>
            <td>HB-3407</td>
            <td>Bonzli Lenni</td>
            <td>Eigenstart</td>
            <td>Charter Clubflugzeug</td>
            <td>X</td>
            <td>Speck Fehraltorf</td>
            <td>Speck Fehraltorf</td>
            <td>10:00</td>
            <td>10:30</td>
            <td>0:30</td>
            <td></td>
            <td>E2E flights-edit-flights-edit-round-trip-flightcomment-via-form- edited</td>
            <td></td>
            <td></td>
            <td></td>
            <td></td>
            <td></td>
        </tr>

    
        <tr 
                >
            <td>05/25/2026</td>
            <td>HB-3407</td>
            <td>Bonzli Lenni</td>
            <td>Eigenstart</td>
            <td>Charter Clubflugzeug</td>
            <td>X</td>
            <td>Speck Fehraltorf</td>
            <td>Speck Fehraltorf</td>
            <td>10:00</td>
            <td>10:30</td>
            <td>0:30</td>
            <td></td>
            <td>E2E accounting-delivery-creation-test-delivery-creation-test-gen</td>
            <td></td>
            <td></td>
            <td></td>
            <td></td>
            <td></td>
        </tr>

    
        <tr 
                class="alt"
                >
            <td>05/25/2026</td>
            <td>HB-3407</td>
            <td>Bonzli Lenni</td>
            <td>Eigenstart</td>
            <td>Charter Clubflugzeug</td>
            <td>X</td>
            <td>Speck Fehraltorf</td>
            <td>Speck Fehraltorf</td>
            <td>10:00</td>
            <td>10:30</td>
            <td>0:30</td>
            <td></td>
            <td>E2E flights-state-transitions-flights-state-invalid-valid-via-ap</td>
            <td></td>
            <td></td>
            <td></td>
            <td></td>
            <td></td>
        </tr>

    
        <tr 
                >
            <td>05/25/2026</td>
            <td>HB-3256</td>
            <td>Bonzli Lenni</td>
            <td>Schleppstart</td>
            <td>Grundschulung Doppelsteuer</td>
            <td></td>
            <td>Speck Fehraltorf</td>
            <td>Speck Fehraltorf</td>
            <td>10:32</td>
            <td>10:54</td>
            <td>0:22</td>
            <td>Kellner Hansli</td>
            <td>Schoolflight with instructor</td>
            <td>HB-KCB</td>
            <td>Egli Elias</td>
            <td>10:32</td>
            <td>10:38</td>
            <td>0:06</td>
        </tr>

        
</tbody>
</table>
</div>

<p>Herzliche Grüsse</p>
<p>Flight Logging System</p>

</body>

</html>

2026-05-25 05:42:30.7913 FLS.Server.Data.FLSDataEntities Insert AccountingRuleFilter with data: [AccountingRuleFilter -> AccountingRuleFilterId: 2488eb5d-240f-4477-aa69-d2e0aae49e99, ClubId: 0fa7b76f-47ba-4138-8f96-671400fd7c83, AccountingRuleFilterTypeId: 10, RuleFilterName: FGZO Marketingflug auf FGZO Konto buchen, Description: FGZO Marketingflug auf FGZO Konto buchen, IsActive: True, SortIndicator: 0, ArticleTarget: , RecipientTarget: {"PersonId":null,"RecipientName":"FGZO Marketingflug","Firstname":null,"Lastname":null,"AddressLine1":null,"AddressLine2":null,"ZipCode":null,"City":null,"CountryName":null,"PersonClubMemberNumber":"999004"}, StopRuleEngineWhenRuleApplied: False, IsRuleForGliderFlights: True, IsRuleForTowingFlights: False, IsRuleForMotorFlights: False, UseRuleForAllAircraftsExceptListed: True, MatchedAircraftImmatriculations: [], UseRuleForAllStartTypesExceptListed: True, MatchedStartTypes: [], UseRuleForAllFlightTypesExceptListed: False, MatchedFlightTypeCodes: ["100"], ExtendMatchingFlightTypeCodesToGliderAndTowFlight: False, UseRuleForAllStartLocationsExceptListed: True, MatchedStartLocations: [], UseRuleForAllLdgLocationsExceptListed: True, MatchedLdgLocations: [], UseRuleForAllClubMemberNumbersExceptListed: True, MatchedClubMemberNumbers: [], UseRuleForAllFlightCrewTypesExceptListed: True, MatchedFlightCrewTypes: [], UseRuleForAllAircraftsOnHomebaseExceptListed: True, MatchedAircraftsHomebase: [], UseRuleForAllMemberStatesExceptListed: True, MatchedMemberStates: [], UseRuleForAllPersonCategoriesExceptListed: True, MatchedPersonCategories: [], IsChargedToClubInternal: True, MinFlightTimeInSecondsMatchingValue: , MaxFlightTimeInSecondsMatchingValue: , MinEngineTimeInSecondsMatchingValue: , MaxEngineTimeInSecondsMatchingValue: , IncludeThresholdText: False, ThresholdText: , IncludeFlightTypeName: False, NoLandingTaxForGlider: False, NoLandingTaxForTowingAircraft: False, NoLandingTaxForAircraft: False, AccountingUnitTypeId: , CreatedOn: 05/25/2026 05:42:30, CreatedByUserId: 36073196-1ee3-4a97-a3fa-f5f60039f041, ModifiedOn: , ModifiedByUserId: , DeletedOn: , DeletedByUserId: , RecordState: 1, OwnerId: 0fa7b76f-47ba-4138-8f96-671400fd7c83, OwnershipType: 2, IsDeleted: False, Id: 2488eb5d-240f-4477-aa69-d2e0aae49e99,  <- AccountingRuleFilter]

2026-05-25 05:42:30.8679 FLS.Server.Data.FLSDataEntities Update Flight with data: Glider-Flight: HB-3256, Pilot: Bonzli Lenni, Flight-Date: 05/25/2026, Starttime: 10:32, LdgTime: 10:54, Flightcode: 70, Nr of Ldgs: 1/0, Flight-Air-State: 20, Flight-Process-State: 30, TowFlight: HB-KCB, TowPilot: Egli Elias, Tow-Flight-Air-State: 20, Tow-Flight-Process-State: 30
2026-05-25 05:42:30.8826 FLS.Server.Data.FLSDataEntities Update Flight with data: Glider-Flight: HB-3407, Pilot: Bonzli Lenni, Flight-Date: 05/25/2026, Starttime: 10:00, LdgTime: 10:30, Flightcode: 60, Nr of Ldgs: 1/0, Flight-Air-State: 20, Flight-Process-State: 30
2026-05-25 05:42:30.9039 FLS.Server.Data.FLSDataEntities Update Flight with data: Glider-Flight: HB-3407, Pilot: Bonzli Lenni, Flight-Date: 05/25/2026, Starttime: 10:00, LdgTime: 10:30, Flightcode: 60, Nr of Ldgs: 1/0, Flight-Air-State: 20, Flight-Process-State: 30
2026-05-25 05:42:30.9151 FLS.Server.Data.FLSDataEntities Update Flight with data: Glider-Flight: HB-3407, Pilot: Bonzli Lenni, Flight-Date: 05/25/2026, Starttime: 10:00, LdgTime: 10:30, Flightcode: 60, Nr of Ldgs: 1/0, Flight-Air-State: 20, Flight-Process-State: 0
2026-05-25 05:42:30.9274 FLS.Server.Data.FLSDataEntities Update Flight with data: Glider-Flight: HB-3407, Pilot: Bonzli Lenni, Flight-Date: 05/25/2026, Starttime: 10:00, LdgTime: 10:30, Flightcode: 60, Nr of Ldgs: 1/0, Flight-Air-State: 20, Flight-Process-State: 30
2026-05-25 05:42:30.9430 FLS.Server.Data.FLSDataEntities Update Flight with data: Glider-Flight: HB-3407, Pilot: Bonzli Lenni, Flight-Date: 05/25/2026, Starttime: 10:00, LdgTime: 10:30, Flightcode: 60, Nr of Ldgs: 1/0, Flight-Air-State: 20, Flight-Process-State: 0
2026-05-25 05:42:30.9498 FLS.Server.Data.FLSDataEntities Update Flight with data: Glider-Flight: HB-3407, Pilot: Bonzli Lenni, Flight-Date: 05/25/2026, Starttime: 10:00, LdgTime: 10:30, Flightcode: 60, Nr of Ldgs: 1/0, Flight-Air-State: 20, Flight-Process-State: 30
2026-05-25 05:42:30.9592 FLS.Server.Data.FLSDataEntities Update Flight with data: Glider-Flight: HB-3407, Pilot: Bonzli Lenni, Flight-Date: 05/25/2026, Starttime: 10:00, LdgTime: 10:30, Flightcode: 60, Nr of Ldgs: 1/0, Flight-Air-State: 20, Flight-Process-State: 30
2026-05-25 05:42:30.9740 FLS.Server.Data.FLSDataEntities Update Flight with data: Glider-Flight: HB-3407, Pilot: Bonzli Lenni, Flight-Date: 05/25/2026, Starttime: 10:00, LdgTime: 10:30, Flightcode: 60, Nr of Ldgs: 1/0, Flight-Air-State: 20, Flight-Process-State: 30
2026-05-25 05:42:30.9789 FLS.Server.Service.BaseService Get 52 AccountingRuleFilters of clubId: 0fa7b76f-47ba-4138-8f96-671400fd7c83
2026-05-25 05:42:31.3290 FLS.Server.Service.BaseService Start creating accounting for flight: Glider-Flight: HB-3407, Pilot: Stahel Morli, Flight-Date: 12/02/2025, Starttime: 00:00, LdgTime: 00:47, Flightcode: 63, Nr of Ldgs: 1/0, Flight-Air-State: 20, Flight-Process-State: 40 using 52 recipient rule filters and 52 accounting line rule filters.
2026-05-25 05:42:31.3411 FLS.Server.Service.Accounting.Rules.BaseAccountingRule Applied rule DeliveryRecipientRule, Nr of Conditions=1, RuleApplied=True, StopRuleEngineWhenRuleApplied=True, Rule-Filter: Recipient: Flight Pilot of type: FLS.Server.Service.Accounting.Rules.DeliveryRecipientRule has conditions: '(1 EQUALS 1 ==> True)' for Flight: Glider-Flight: HB-3407, Pilot: Stahel Morli, Flight-Date: 12/02/2025, Starttime: 00:00, LdgTime: 00:47, Flightcode: 63, Nr of Ldgs: 1/0, Flight-Air-State: 20, Flight-Process-State: 40
2026-05-25 05:42:31.3548 FLS.Server.Service.RulesEngine.BaseRule Applied rule FlightDeliveryInfoRule, Nr of Conditions=1, RuleApplied=True, StopRuleEngineWhenRuleApplied=False
2026-05-25 05:42:31.3618 FLS.Server.Service.RulesEngine.BaseRule Applied rule AdditionalInfoRule, Nr of Conditions=1, RuleApplied=True, StopRuleEngineWhenRuleApplied=False
2026-05-25 05:42:31.3713 FLS.Server.Service.Accounting.Rules.BaseAccountingRule NOT applied rule NoLandingTaxRule, Nr of Conditions=5, RuleApplied=False, StopRuleEngineWhenRuleApplied=False, Rule-Filter: Keine Landetaxen für Schulung ab Speck of type: FLS.Server.Service.Accounting.Rules.ItemRules.NoLandingTaxRule has conditions: '(1 EQUALS 1 ==> True),(collection: '' CONTAINS key: 3 ==> False),(null OR (collection: '70,80,66,68,69,77,88,78' CONTAINS key: 63 ==> False) ==> False),(collection: '5bfd35f5-1183-4f7a-84b5-8c0c19288ed3' CONTAINS key: 5bfd35f5-1183-4f7a-84b5-8c0c19288ed3 ==> True),(Value: 2820 is BETWEEN 0 and 2147483647 (incl. minValue = False; maxValue = True ==> True)' for Flight: Glider-Flight: HB-3407, Pilot: Stahel Morli, Flight-Date: 12/02/2025, Starttime: 00:00, LdgTime: 00:47, Flightcode: 63, Nr of Ldgs: 1/0, Flight-Air-State: 20, Flight-Process-State: 40
2026-05-25 05:42:31.3764 FLS.Server.Service.Email.EmailSendService Sent email to recipient: hans3@muster.ch with subject: Flug-Informationen vom 05/25/2026, and Body: <!DOCTYPE html PUBLIC "-//W3C//DTD XHTML 1.0 Transitional//EN" "http://www.w3.org/TR/xhtml1/DTD/xhtml1-transitional.dtd">
<html xmlns="http://www.w3.org/1999/xhtml">

<head>
<meta content="en-gb" http-equiv="Content-Language" />
<meta content="text/html; charset=utf-8" http-equiv="Content-Type" />
<title>Deine Flüge</title>
<style type="text/css">

body {
    font-family: Arial, Helvetica, Sans-Serif;
    font-size: 14px;
}
.datagrid table { border-collapse: collapse; text-align: left; width: 100%; }
.datagrid {font: normal 12px/150% Arial, Helvetica, sans-serif; background: #fff; overflow: hidden; border: 1px solid #006699; }
.datagrid table td, 
.datagrid table th { padding: 3px 10px; }
.datagrid table thead th {background:-webkit-gradient( linear, left top, left bottom, color-stop(0.05, #006699), color-stop(1, #00557F) );background:-moz-linear-gradient( center top, #006699 5%, #00557F 100% );filter:progid:DXImageTransform.Microsoft.gradient(startColorstr='#006699', endColorstr='#00557F');background-color:#006699; color:#ffffff; font-size: 15px; font-weight: bold; border-left: 1px solid #0070A8; } 
.datagrid table thead th:first-child { border: none; }
.datagrid table tbody td { color: #00496B; border-left: 1px solid #E1EEF4;font-size: 12px;font-weight: normal; }
.datagrid table tbody .alt td { background: #E1EEF4; color: #00496B; }
.datagrid table tbody td:first-child { border-left: none; }
.datagrid table tbody tr:last-child td { border-bottom: none; }
</style>
</head>

<body>
<p>
Hallo Hansli
</p>
<p>
Die nachfolgende Tabelle zeigt deine Flüge vom 05/25/2026. (Details dazu unter <a href="http://localhost:25567">http://localhost:25567</a>)</p>

<div class="datagrid">
<table>
    <thead>
        <tr>
            <th>Datum</th>
            <th>Segelflugzeug</th>
            <th>Pilot</th>
            <th>Startart</th>
            <th>Flugart</th>
            <th>Soloflug</th>
            <th>Startort</th>
            <th>Landeort</th>
            <th>Start</th>
            <th>Landung</th>
            <th>Dauer</th>
            <th>2. Flugbesatzung</th>
            <th>Bemerkungen</th>
            <th>Schleppflugzeug</th>
            <th>Schleppilot</th>
            <th>Start (Schlepp)</th>
            <th>Landung (Schlepp)</th>
            <th>Dauer (Schlepp)</th>
        </tr>
    </thead>
    <tbody>

    
        <tr 
                >
            <td>05/25/2026</td>
            <td>HB-3256</td>
            <td>Bonzli Lenni</td>
            <td>Schleppstart</td>
            <td>Grundschulung Doppelsteuer</td>
            <td></td>
            <td>Speck Fehraltorf</td>
            <td>Speck Fehraltorf</td>
            <td>10:32</td>
            <td>10:54</td>
            <td>0:22</td>
            <td>Kellner Hansli</td>
            <td>Schoolflight with instructor</td>
            <td>HB-KCB</td>
            <td>Egli Elias</td>
            <td>10:32</td>
            <td>10:38</td>
            <td>0:06</td>
        </tr>

        
</tbody>
</table>
</div>

<p>Herzliche Grüsse</p>
<p>Flight Logging System</p>

</body>

</html>

2026-05-25 05:42:31.3803 FLS.Server.Service.Accounting.Rules.BaseAccountingRule Added new delivery item line to Delivery. Line: Pos: 1 Product: 5001 Text: HB-3407 Glider flight minutes Qty: 47 of type: Minuten Discount: 0% Add. Info: 
2026-05-25 05:42:31.4007 FLS.Server.Service.Accounting.Rules.BaseAccountingRule Applied rule AircraftFlightTimeRule, Nr of Conditions=2, RuleApplied=True, StopRuleEngineWhenRuleApplied=False, Rule-Filter: FlightTime: Glider per minute of type: FLS.Server.Service.Accounting.Rules.ItemRules.AircraftFlightTimeRule has conditions: '(1 EQUALS 1 ==> True),(Value: 2820 is BETWEEN 0 and 2147483647 (incl. minValue = False; maxValue = True ==> True)' for Flight: Glider-Flight: HB-3407, Pilot: Stahel Morli, Flight-Date: 12/02/2025, Starttime: 00:00, LdgTime: 00:47, Flightcode: 63, Nr of Ldgs: 1/0, Flight-Air-State: 20, Flight-Process-State: 40
2026-05-25 05:42:31.4186 FLS.Server.Service.Accounting.Rules.BaseAccountingRule NOT applied rule AircraftFlightTimeRule, Nr of Conditions=4, RuleApplied=False, StopRuleEngineWhenRuleApplied=False, Rule-Filter: HB-1841 Privat of type: FLS.Server.Service.Accounting.Rules.ItemRules.AircraftFlightTimeRule has conditions: '(1 EQUALS 1 ==> True),(collection: '1850f1f0-96f3-42a8-acf5-8b358dfe5103' CONTAINS key: 34896816-6341-43b1-ad93-16a600866ae6 ==> False),(INVERTS condition: (null OR (collection: '70,80,66,68,69,77,88,78' CONTAINS key: 63 ==> False) ==> False) ==> True),(Value: 0 is BETWEEN 0 and 2147483647 (incl. minValue = False; maxValue = True ==> False)' for Flight: Glider-Flight: HB-3407, Pilot: Stahel Morli, Flight-Date: 12/02/2025, Starttime: 00:00, LdgTime: 00:47, Flightcode: 63, Nr of Ldgs: 1/0, Flight-Air-State: 20, Flight-Process-State: 40
2026-05-25 05:42:31.4249 FLS.Server.Service.Accounting.Rules.BaseAccountingRule NOT applied rule AircraftFlightTimeRule, Nr of Conditions=5, RuleApplied=False, StopRuleEngineWhenRuleApplied=False, Rule-Filter: HB-2464 Weiterbildung mit Pauschale of type: FLS.Server.Service.Accounting.Rules.ItemRules.AircraftFlightTimeRule has conditions: '(1 EQUALS 1 ==> True),(collection: '7f2bfbdc-04f3-46b5-9ad0-5a687d040741' CONTAINS key: 34896816-6341-43b1-ad93-16a600866ae6 ==> False),(null OR (collection: '77,88,78' CONTAINS key: 63 ==> False) ==> False),(INVERTS condition: ('363289,897764,155264,463161,622976,686001' INTERSECTS ANY 222323 ==> False) ==> True),(Value: 0 is BETWEEN 0 and 2147483647 (incl. minValue = False; maxValue = True ==> False)' for Flight: Glider-Flight: HB-3407, Pilot: Stahel Morli, Flight-Date: 12/02/2025, Starttime: 00:00, LdgTime: 00:47, Flightcode: 63, Nr of Ldgs: 1/0, Flight-Air-State: 20, Flight-Process-State: 40
2026-05-25 05:42:31.4277 FLS.Server.Data.FLSDataEntities Update Flight with data: Glider-Flight: HB-3256, Pilot: Bonzli Lenni, Flight-Date: 05/25/2026, Starttime: 10:32, LdgTime: 10:54, Flightcode: 70, Nr of Ldgs: 1/0, Flight-Air-State: 20, Flight-Process-State: 30, TowFlight: HB-KCB, TowPilot: Egli Elias, Tow-Flight-Air-State: 20, Tow-Flight-Process-State: 30
2026-05-25 05:42:31.4315 FLS.Server.Service.Accounting.Rules.BaseAccountingRule NOT applied rule AircraftFlightTimeRule, Nr of Conditions=5, RuleApplied=False, StopRuleEngineWhenRuleApplied=False, Rule-Filter: HB-1841 Weiterbildung mit Pauschale of type: FLS.Server.Service.Accounting.Rules.ItemRules.AircraftFlightTimeRule has conditions: '(1 EQUALS 1 ==> True),(collection: '1850f1f0-96f3-42a8-acf5-8b358dfe5103' CONTAINS key: 34896816-6341-43b1-ad93-16a600866ae6 ==> False),(null OR (collection: '77,88,78' CONTAINS key: 63 ==> False) ==> False),(INVERTS condition: ('363289,897764,155264,463161,622976,686001' INTERSECTS ANY 222323 ==> False) ==> True),(Value: 0 is BETWEEN 0 and 2147483647 (incl. minValue = False; maxValue = True ==> False)' for Flight: Glider-Flight: HB-3407, Pilot: Stahel Morli, Flight-Date: 12/02/2025, Starttime: 00:00, LdgTime: 00:47, Flightcode: 63, Nr of Ldgs: 1/0, Flight-Air-State: 20, Flight-Process-State: 40
2026-05-25 05:42:31.4447 FLS.Server.Service.Accounting.Rules.BaseAccountingRule NOT applied rule AircraftFlightTimeRule, Nr of Conditions=4, RuleApplied=False, StopRuleEngineWhenRuleApplied=False, Rule-Filter: HB-3407 Schulung of type: FLS.Server.Service.Accounting.Rules.ItemRules.AircraftFlightTimeRule has conditions: '(1 EQUALS 1 ==> True),(collection: '34896816-6341-43b1-ad93-16a600866ae6' CONTAINS key: 34896816-6341-43b1-ad93-16a600866ae6 ==> True),(null OR (collection: '70,80,66,68,69' CONTAINS key: 63 ==> False) ==> False),(Value: 0 is BETWEEN 0 and 2147483647 (incl. minValue = False; maxValue = True ==> False)' for Flight: Glider-Flight: HB-3407, Pilot: Stahel Morli, Flight-Date: 12/02/2025, Starttime: 00:00, LdgTime: 00:47, Flightcode: 63, Nr of Ldgs: 1/0, Flight-Air-State: 20, Flight-Process-State: 40
2026-05-25 05:42:31.4507 FLS.Server.Service.Accounting.Rules.BaseAccountingRule NOT applied rule AircraftFlightTimeRule, Nr of Conditions=5, RuleApplied=False, StopRuleEngineWhenRuleApplied=False, Rule-Filter: HB-1824 Weiterbildung mit Pauschale of type: FLS.Server.Service.Accounting.Rules.ItemRules.AircraftFlightTimeRule has conditions: '(1 EQUALS 1 ==> True),(collection: 'ea148d3d-b9e1-493c-b115-a99b60bcadb1' CONTAINS key: 34896816-6341-43b1-ad93-16a600866ae6 ==> False),(null OR (collection: '77,88,78' CONTAINS key: 63 ==> False) ==> False),(INVERTS condition: ('363289,897764,155264,463161,622976,686001' INTERSECTS ANY 222323 ==> False) ==> True),(Value: 0 is BETWEEN 0 and 2147483647 (incl. minValue = False; maxValue = True ==> False)' for Flight: Glider-Flight: HB-3407, Pilot: Stahel Morli, Flight-Date: 12/02/2025, Starttime: 00:00, LdgTime: 00:47, Flightcode: 63, Nr of Ldgs: 1/0, Flight-Air-State: 20, Flight-Process-State: 40
2026-05-25 05:42:31.4566 FLS.Server.Service.Accounting.Rules.BaseAccountingRule NOT applied rule AircraftFlightTimeRule, Nr of Conditions=5, RuleApplied=False, StopRuleEngineWhenRuleApplied=False, Rule-Filter: HB-3256 Weiterbildung ohne Pauschale of type: FLS.Server.Service.Accounting.Rules.ItemRules.AircraftFlightTimeRule has conditions: '(1 EQUALS 1 ==> True),(collection: '4aa36c51-802a-4d94-a227-7a5286b3964c' CONTAINS key: 34896816-6341-43b1-ad93-16a600866ae6 ==> False),(null OR (collection: '77,88,78' CONTAINS key: 63 ==> False) ==> False),('363289,897764,155264,463161,622976,686001' INTERSECTS ANY 222323 ==> False),(Value: 0 is BETWEEN 0 and 2147483647 (incl. minValue = False; maxValue = True ==> False)' for Flight: Glider-Flight: HB-3407, Pilot: Stahel Morli, Flight-Date: 12/02/2025, Starttime: 00:00, LdgTime: 00:47, Flightcode: 63, Nr of Ldgs: 1/0, Flight-Air-State: 20, Flight-Process-State: 40
2026-05-25 05:42:31.4624 FLS.Server.Service.Accounting.Rules.BaseAccountingRule NOT applied rule AircraftFlightTimeRule, Nr of Conditions=5, RuleApplied=False, StopRuleEngineWhenRuleApplied=False, Rule-Filter: HB-KCB Privat ab 11.min of type: FLS.Server.Service.Accounting.Rules.ItemRules.AircraftFlightTimeRule has conditions: '(1 EQUALS 1 ==> True),(collection: '33fa9ce5-2079-4bc4-831c-3f8a63fe6b1e' CONTAINS key: 34896816-6341-43b1-ad93-16a600866ae6 ==> False),(INVERTS condition: (null OR (collection: '70,80,66,68,69,77,88,78' CONTAINS key: 63 ==> False) ==> False) ==> True),(collection: '5bfd35f5-1183-4f7a-84b5-8c0c19288ed3' CONTAINS key: 5bfd35f5-1183-4f7a-84b5-8c0c19288ed3 ==> True),(Value: 0 is BETWEEN 600 and 2147483647 (incl. minValue = False; maxValue = True ==> False)' for Flight: Glider-Flight: HB-3407, Pilot: Stahel Morli, Flight-Date: 12/02/2025, Starttime: 00:00, LdgTime: 00:47, Flightcode: 63, Nr of Ldgs: 1/0, Flight-Air-State: 20, Flight-Process-State: 40
2026-05-25 05:42:31.4687 FLS.Server.Service.Accounting.Rules.BaseAccountingRule NOT applied rule AircraftFlightTimeRule, Nr of Conditions=5, RuleApplied=False, StopRuleEngineWhenRuleApplied=False, Rule-Filter: HB-1841 Weiterbildung ohne Pauschale of type: FLS.Server.Service.Accounting.Rules.ItemRules.AircraftFlightTimeRule has conditions: '(1 EQUALS 1 ==> True),(collection: '1850f1f0-96f3-42a8-acf5-8b358dfe5103' CONTAINS key: 34896816-6341-43b1-ad93-16a600866ae6 ==> False),(null OR (collection: '77,88,78' CONTAINS key: 63 ==> False) ==> False),('363289,897764,155264,463161,622976,686001' INTERSECTS ANY 222323 ==> False),(Value: 0 is BETWEEN 0 and 2147483647 (incl. minValue = False; maxValue = True ==> False)' for Flight: Glider-Flight: HB-3407, Pilot: Stahel Morli, Flight-Date: 12/02/2025, Starttime: 00:00, LdgTime: 00:47, Flightcode: 63, Nr of Ldgs: 1/0, Flight-Air-State: 20, Flight-Process-State: 40
2026-05-25 05:42:31.4984 FLS.Server.Service.Accounting.Rules.BaseAccountingRule NOT applied rule AircraftFlightTimeRule, Nr of Conditions=5, RuleApplied=False, StopRuleEngineWhenRuleApplied=False, Rule-Filter: HB-1824 Weiterbildung ohne Pauschale of type: FLS.Server.Service.Accounting.Rules.ItemRules.AircraftFlightTimeRule has conditions: '(1 EQUALS 1 ==> True),(collection: 'ea148d3d-b9e1-493c-b115-a99b60bcadb1' CONTAINS key: 34896816-6341-43b1-ad93-16a600866ae6 ==> False),(null OR (collection: '77,88,78' CONTAINS key: 63 ==> False) ==> False),('363289,897764,155264,463161,622976,686001' INTERSECTS ANY 222323 ==> False),(Value: 0 is BETWEEN 0 and 2147483647 (incl. minValue = False; maxValue = True ==> False)' for Flight: Glider-Flight: HB-3407, Pilot: Stahel Morli, Flight-Date: 12/02/2025, Starttime: 00:00, LdgTime: 00:47, Flightcode: 63, Nr of Ldgs: 1/0, Flight-Air-State: 20, Flight-Process-State: 40
2026-05-25 05:42:31.5165 FLS.Server.Service.Accounting.Rules.BaseAccountingRule NOT applied rule AircraftFlightTimeRule, Nr of Conditions=5, RuleApplied=False, StopRuleEngineWhenRuleApplied=False, Rule-Filter: HB-KCB Privat bis 10min of type: FLS.Server.Service.Accounting.Rules.ItemRules.AircraftFlightTimeRule has conditions: '(1 EQUALS 1 ==> True),(collection: '33fa9ce5-2079-4bc4-831c-3f8a63fe6b1e' CONTAINS key: 34896816-6341-43b1-ad93-16a600866ae6 ==> False),(INVERTS condition: (null OR (collection: '70,80,66,68,69,77,88,78' CONTAINS key: 63 ==> False) ==> False) ==> True),(collection: '5bfd35f5-1183-4f7a-84b5-8c0c19288ed3' CONTAINS key: 5bfd35f5-1183-4f7a-84b5-8c0c19288ed3 ==> True),(Value: 0 is BETWEEN 0 and 600 (incl. minValue = False; maxValue = True ==> False)' for Flight: Glider-Flight: HB-3407, Pilot: Stahel Morli, Flight-Date: 12/02/2025, Starttime: 00:00, LdgTime: 00:47, Flightcode: 63, Nr of Ldgs: 1/0, Flight-Air-State: 20, Flight-Process-State: 40
2026-05-25 05:42:31.5442 FLS.Server.Service.Accounting.Rules.BaseAccountingRule NOT applied rule AircraftFlightTimeRule, Nr of Conditions=5, RuleApplied=False, StopRuleEngineWhenRuleApplied=False, Rule-Filter: HB-KCB Schulung bis 10min of type: FLS.Server.Service.Accounting.Rules.ItemRules.AircraftFlightTimeRule has conditions: '(1 EQUALS 1 ==> True),(collection: '33fa9ce5-2079-4bc4-831c-3f8a63fe6b1e' CONTAINS key: 34896816-6341-43b1-ad93-16a600866ae6 ==> False),(null OR (collection: '70,80,66,68,69,77,88,78' CONTAINS key: 63 ==> False) ==> False),(collection: '5bfd35f5-1183-4f7a-84b5-8c0c19288ed3' CONTAINS key: 5bfd35f5-1183-4f7a-84b5-8c0c19288ed3 ==> True),(Value: 0 is BETWEEN 0 and 600 (incl. minValue = False; maxValue = True ==> False)' for Flight: Glider-Flight: HB-3407, Pilot: Stahel Morli, Flight-Date: 12/02/2025, Starttime: 00:00, LdgTime: 00:47, Flightcode: 63, Nr of Ldgs: 1/0, Flight-Air-State: 20, Flight-Process-State: 40
2026-05-25 05:42:31.5518 FLS.Server.Service.Accounting.Rules.BaseAccountingRule NOT applied rule AircraftFlightTimeRule, Nr of Conditions=4, RuleApplied=False, StopRuleEngineWhenRuleApplied=False, Rule-Filter: HB-KCB Saanen of type: FLS.Server.Service.Accounting.Rules.ItemRules.AircraftFlightTimeRule has conditions: '(1 EQUALS 1 ==> True),(collection: '33fa9ce5-2079-4bc4-831c-3f8a63fe6b1e' CONTAINS key: 34896816-6341-43b1-ad93-16a600866ae6 ==> False),(collection: '97eaa8e5-bb61-4cf9-9565-f6771ae4d19f' CONTAINS key: 5bfd35f5-1183-4f7a-84b5-8c0c19288ed3 ==> False),(Value: 0 is BETWEEN 0 and 2147483647 (incl. minValue = False; maxValue = True ==> False)' for Flight: Glider-Flight: HB-3407, Pilot: Stahel Morli, Flight-Date: 12/02/2025, Starttime: 00:00, LdgTime: 00:47, Flightcode: 63, Nr of Ldgs: 1/0, Flight-Air-State: 20, Flight-Process-State: 40
2026-05-25 05:42:31.5577 FLS.Server.Service.Accounting.Rules.BaseAccountingRule NOT applied rule AircraftFlightTimeRule, Nr of Conditions=3, RuleApplied=False, StopRuleEngineWhenRuleApplied=False, Rule-Filter: HB-DCU of type: FLS.Server.Service.Accounting.Rules.ItemRules.AircraftFlightTimeRule has conditions: '(1 EQUALS 1 ==> True),(collection: 'ef1f7524-cea2-457e-a3d9-287872078ce9' CONTAINS key: 34896816-6341-43b1-ad93-16a600866ae6 ==> False),(Value: 0 is BETWEEN 0 and 2147483647 (incl. minValue = False; maxValue = True ==> False)' for Flight: Glider-Flight: HB-3407, Pilot: Stahel Morli, Flight-Date: 12/02/2025, Starttime: 00:00, LdgTime: 00:47, Flightcode: 63, Nr of Ldgs: 1/0, Flight-Air-State: 20, Flight-Process-State: 40
2026-05-25 05:42:31.5651 FLS.Server.Service.Accounting.Rules.BaseAccountingRule NOT applied rule AircraftFlightTimeRule, Nr of Conditions=5, RuleApplied=False, StopRuleEngineWhenRuleApplied=False, Rule-Filter: HB-3256 Weiterbildung mit Pauschale of type: FLS.Server.Service.Accounting.Rules.ItemRules.AircraftFlightTimeRule has conditions: '(1 EQUALS 1 ==> True),(collection: '4aa36c51-802a-4d94-a227-7a5286b3964c' CONTAINS key: 34896816-6341-43b1-ad93-16a600866ae6 ==> False),(null OR (collection: '77,88,78' CONTAINS key: 63 ==> False) ==> False),(INVERTS condition: ('363289,897764,155264,463161,622976,686001' INTERSECTS ANY 222323 ==> False) ==> True),(Value: 0 is BETWEEN 0 and 2147483647 (incl. minValue = False; maxValue = True ==> False)' for Flight: Glider-Flight: HB-3407, Pilot: Stahel Morli, Flight-Date: 12/02/2025, Starttime: 00:00, LdgTime: 00:47, Flightcode: 63, Nr of Ldgs: 1/0, Flight-Air-State: 20, Flight-Process-State: 40
2026-05-25 05:42:31.5791 FLS.Server.Service.Accounting.Rules.BaseAccountingRule NOT applied rule AircraftFlightTimeRule, Nr of Conditions=4, RuleApplied=False, StopRuleEngineWhenRuleApplied=False, Rule-Filter: HB-1824 Schulung of type: FLS.Server.Service.Accounting.Rules.ItemRules.AircraftFlightTimeRule has conditions: '(1 EQUALS 1 ==> True),(collection: 'ea148d3d-b9e1-493c-b115-a99b60bcadb1' CONTAINS key: 34896816-6341-43b1-ad93-16a600866ae6 ==> False),(null OR (collection: '70,80,66,68,69' CONTAINS key: 63 ==> False) ==> False),(Value: 0 is BETWEEN 0 and 2147483647 (incl. minValue = False; maxValue = True ==> False)' for Flight: Glider-Flight: HB-3407, Pilot: Stahel Morli, Flight-Date: 12/02/2025, Starttime: 00:00, LdgTime: 00:47, Flightcode: 63, Nr of Ldgs: 1/0, Flight-Air-State: 20, Flight-Process-State: 40
2026-05-25 05:42:31.5986 FLS.Server.Service.Accounting.Rules.BaseAccountingRule NOT applied rule AircraftFlightTimeRule, Nr of Conditions=3, RuleApplied=False, StopRuleEngineWhenRuleApplied=False, Rule-Filter: HB-EQC of type: FLS.Server.Service.Accounting.Rules.ItemRules.AircraftFlightTimeRule has conditions: '(1 EQUALS 1 ==> True),(collection: '7f741756-c8c9-4a7b-a70d-2a5c49d5487d' CONTAINS key: 34896816-6341-43b1-ad93-16a600866ae6 ==> False),(Value: 0 is BETWEEN 0 and 2147483647 (incl. minValue = False; maxValue = True ==> False)' for Flight: Glider-Flight: HB-3407, Pilot: Stahel Morli, Flight-Date: 12/02/2025, Starttime: 00:00, LdgTime: 00:47, Flightcode: 63, Nr of Ldgs: 1/0, Flight-Air-State: 20, Flight-Process-State: 40
2026-05-25 05:42:31.6099 FLS.Server.Service.Accounting.Rules.BaseAccountingRule NOT applied rule AircraftFlightTimeRule, Nr of Conditions=5, RuleApplied=False, StopRuleEngineWhenRuleApplied=False, Rule-Filter: HB-KCB Schulung ab 11.min of type: FLS.Server.Service.Accounting.Rules.ItemRules.AircraftFlightTimeRule has conditions: '(1 EQUALS 1 ==> True),(collection: '33fa9ce5-2079-4bc4-831c-3f8a63fe6b1e' CONTAINS key: 34896816-6341-43b1-ad93-16a600866ae6 ==> False),(null OR (collection: '70,80,66,68,69,77,88,78' CONTAINS key: 63 ==> False) ==> False),(collection: '5bfd35f5-1183-4f7a-84b5-8c0c19288ed3' CONTAINS key: 5bfd35f5-1183-4f7a-84b5-8c0c19288ed3 ==> True),(Value: 0 is BETWEEN 600 and 2147483647 (incl. minValue = False; maxValue = True ==> False)' for Flight: Glider-Flight: HB-3407, Pilot: Stahel Morli, Flight-Date: 12/02/2025, Starttime: 00:00, LdgTime: 00:47, Flightcode: 63, Nr of Ldgs: 1/0, Flight-Air-State: 20, Flight-Process-State: 40
2026-05-25 05:42:31.6174 FLS.Server.Service.Accounting.Rules.BaseAccountingRule NOT applied rule AircraftFlightTimeRule, Nr of Conditions=4, RuleApplied=False, StopRuleEngineWhenRuleApplied=False, Rule-Filter: HB-2464 Privat of type: FLS.Server.Service.Accounting.Rules.ItemRules.AircraftFlightTimeRule has conditions: '(1 EQUALS 1 ==> True),(collection: '7f2bfbdc-04f3-46b5-9ad0-5a687d040741' CONTAINS key: 34896816-6341-43b1-ad93-16a600866ae6 ==> False),(INVERTS condition: (null OR (collection: '70,80,66,68,69,77,88,78' CONTAINS key: 63 ==> False) ==> False) ==> True),(Value: 0 is BETWEEN 0 and 2147483647 (incl. minValue = False; maxValue = True ==> False)' for Flight: Glider-Flight: HB-3407, Pilot: Stahel Morli, Flight-Date: 12/02/2025, Starttime: 00:00, LdgTime: 00:47, Flightcode: 63, Nr of Ldgs: 1/0, Flight-Air-State: 20, Flight-Process-State: 40
2026-05-25 05:42:31.6099 FLS.Server.Service.Email.EmailSendService Sent email to recipient: hans@muster.ch with subject: Flug-Informationen vom 05/25/2026, and Body: <!DOCTYPE html PUBLIC "-//W3C//DTD XHTML 1.0 Transitional//EN" "http://www.w3.org/TR/xhtml1/DTD/xhtml1-transitional.dtd">
<html xmlns="http://www.w3.org/1999/xhtml">

<head>
<meta content="en-gb" http-equiv="Content-Language" />
<meta content="text/html; charset=utf-8" http-equiv="Content-Type" />
<title>Deine Flüge</title>
<style type="text/css">

body {
    font-family: Arial, Helvetica, Sans-Serif;
    font-size: 14px;
}
.datagrid table { border-collapse: collapse; text-align: left; width: 100%; }
.datagrid {font: normal 12px/150% Arial, Helvetica, sans-serif; background: #fff; overflow: hidden; border: 1px solid #006699; }
.datagrid table td, 
.datagrid table th { padding: 3px 10px; }
.datagrid table thead th {background:-webkit-gradient( linear, left top, left bottom, color-stop(0.05, #006699), color-stop(1, #00557F) );background:-moz-linear-gradient( center top, #006699 5%, #00557F 100% );filter:progid:DXImageTransform.Microsoft.gradient(startColorstr='#006699', endColorstr='#00557F');background-color:#006699; color:#ffffff; font-size: 15px; font-weight: bold; border-left: 1px solid #0070A8; } 
.datagrid table thead th:first-child { border: none; }
.datagrid table tbody td { color: #00496B; border-left: 1px solid #E1EEF4;font-size: 12px;font-weight: normal; }
.datagrid table tbody .alt td { background: #E1EEF4; color: #00496B; }
.datagrid table tbody td:first-child { border-left: none; }
.datagrid table tbody tr:last-child td { border-bottom: none; }
</style>
</head>

<body>
<p>
Hallo Conny
</p>
<p>
Die nachfolgende Tabelle zeigt deine Flüge vom 05/25/2026. (Details dazu unter <a href="http://localhost:25567">http://localhost:25567</a>)</p>

<div class="datagrid">
<table>
    <thead>
        <tr>
            <th>Datum</th>
            <th>Segelflugzeug</th>
            <th>Pilot</th>
            <th>Startart</th>
            <th>Flugart</th>
            <th>Soloflug</th>
            <th>Startort</th>
            <th>Landeort</th>
            <th>Start</th>
            <th>Landung</th>
            <th>Dauer</th>
            <th>2. Flugbesatzung</th>
            <th>Bemerkungen</th>
            <th>Schleppflugzeug</th>
            <th>Schleppilot</th>
            <th>Start (Schlepp)</th>
            <th>Landung (Schlepp)</th>
            <th>Dauer (Schlepp)</th>
        </tr>
    </thead>
    <tbody>

    
        <tr 
                >
            <td>05/25/2026</td>
            <td>HB-DCU</td>
            <td>Rieterman Conny</td>
            <td>Motorflugstart</td>
            <td>Charter Clubflugzeug</td>
            <td></td>
            <td>Speck Fehraltorf</td>
            <td>Speck Fehraltorf</td>
            <td>10:00</td>
            <td>10:30</td>
            <td>0:30</td>
            <td></td>
            <td>E2E flights-airmovements-crud-airmovements-crud-api-create-motor edit</td>
            <td></td>
            <td></td>
            <td></td>
            <td></td>
            <td></td>
        </tr>

        
</tbody>
</table>
</div>

<p>Herzliche Grüsse</p>
<p>Flight Logging System</p>

</body>

</html>

2026-05-25 05:42:31.6235 FLS.Server.Service.Accounting.Rules.BaseAccountingRule NOT applied rule AircraftFlightTimeRule, Nr of Conditions=3, RuleApplied=False, StopRuleEngineWhenRuleApplied=False, Rule-Filter: HB-PFW of type: FLS.Server.Service.Accounting.Rules.ItemRules.AircraftFlightTimeRule has conditions: '(1 EQUALS 1 ==> True),(collection: 'bde6d662-d4c0-4117-874c-5373d9cd5d9d' CONTAINS key: 34896816-6341-43b1-ad93-16a600866ae6 ==> False),(Value: 0 is BETWEEN 0 and 2147483647 (incl. minValue = False; maxValue = True ==> False)' for Flight: Glider-Flight: HB-3407, Pilot: Stahel Morli, Flight-Date: 12/02/2025, Starttime: 00:00, LdgTime: 00:47, Flightcode: 63, Nr of Ldgs: 1/0, Flight-Air-State: 20, Flight-Process-State: 40
2026-05-25 05:42:31.6309 FLS.Server.Service.Accounting.Rules.BaseAccountingRule NOT applied rule AircraftFlightTimeRule, Nr of Conditions=5, RuleApplied=False, StopRuleEngineWhenRuleApplied=False, Rule-Filter: HB-3407 Weiterbildung mit Pauschale of type: FLS.Server.Service.Accounting.Rules.ItemRules.AircraftFlightTimeRule has conditions: '(1 EQUALS 1 ==> True),(collection: '34896816-6341-43b1-ad93-16a600866ae6' CONTAINS key: 34896816-6341-43b1-ad93-16a600866ae6 ==> True),(null OR (collection: '77,88,78' CONTAINS key: 63 ==> False) ==> False),(INVERTS condition: ('363289,897764,155264,463161,622976,686001' INTERSECTS ANY 222323 ==> False) ==> True),(Value: 0 is BETWEEN 0 and 2147483647 (incl. minValue = False; maxValue = True ==> False)' for Flight: Glider-Flight: HB-3407, Pilot: Stahel Morli, Flight-Date: 12/02/2025, Starttime: 00:00, LdgTime: 00:47, Flightcode: 63, Nr of Ldgs: 1/0, Flight-Air-State: 20, Flight-Process-State: 40
2026-05-25 05:42:31.6440 FLS.Server.Service.Accounting.Rules.BaseAccountingRule NOT applied rule AircraftFlightTimeRule, Nr of Conditions=5, RuleApplied=False, StopRuleEngineWhenRuleApplied=False, Rule-Filter: HB-3407 Weiterbildung ohne Pauschale of type: FLS.Server.Service.Accounting.Rules.ItemRules.AircraftFlightTimeRule has conditions: '(1 EQUALS 1 ==> True),(collection: '34896816-6341-43b1-ad93-16a600866ae6' CONTAINS key: 34896816-6341-43b1-ad93-16a600866ae6 ==> True),(null OR (collection: '77,88,78' CONTAINS key: 63 ==> False) ==> False),('363289,897764,155264,463161,622976,686001' INTERSECTS ANY 222323 ==> False),(Value: 0 is BETWEEN 0 and 2147483647 (incl. minValue = False; maxValue = True ==> False)' for Flight: Glider-Flight: HB-3407, Pilot: Stahel Morli, Flight-Date: 12/02/2025, Starttime: 00:00, LdgTime: 00:47, Flightcode: 63, Nr of Ldgs: 1/0, Flight-Air-State: 20, Flight-Process-State: 40
2026-05-25 05:42:31.6526 FLS.Server.Service.Accounting.Rules.BaseAccountingRule NOT applied rule AircraftFlightTimeRule, Nr of Conditions=3, RuleApplied=False, StopRuleEngineWhenRuleApplied=False, Rule-Filter: HB-PDL of type: FLS.Server.Service.Accounting.Rules.ItemRules.AircraftFlightTimeRule has conditions: '(1 EQUALS 1 ==> True),(collection: '9da0a173-4385-4394-a946-096e9a22d596' CONTAINS key: 34896816-6341-43b1-ad93-16a600866ae6 ==> False),(Value: 0 is BETWEEN 0 and 2147483647 (incl. minValue = False; maxValue = True ==> False)' for Flight: Glider-Flight: HB-3407, Pilot: Stahel Morli, Flight-Date: 12/02/2025, Starttime: 00:00, LdgTime: 00:47, Flightcode: 63, Nr of Ldgs: 1/0, Flight-Air-State: 20, Flight-Process-State: 40
2026-05-25 05:42:31.6626 FLS.Server.Service.Accounting.Rules.BaseAccountingRule NOT applied rule AircraftFlightTimeRule, Nr of Conditions=5, RuleApplied=False, StopRuleEngineWhenRuleApplied=False, Rule-Filter: HB-2464 Weiterbildung ohne Pauschale of type: FLS.Server.Service.Accounting.Rules.ItemRules.AircraftFlightTimeRule has conditions: '(1 EQUALS 1 ==> True),(collection: '7f2bfbdc-04f3-46b5-9ad0-5a687d040741' CONTAINS key: 34896816-6341-43b1-ad93-16a600866ae6 ==> False),(null OR (collection: '77,88,78' CONTAINS key: 63 ==> False) ==> False),('363289,897764,155264,463161,622976,686001' INTERSECTS ANY 222323 ==> False),(Value: 0 is BETWEEN 0 and 2147483647 (incl. minValue = False; maxValue = True ==> False)' for Flight: Glider-Flight: HB-3407, Pilot: Stahel Morli, Flight-Date: 12/02/2025, Starttime: 00:00, LdgTime: 00:47, Flightcode: 63, Nr of Ldgs: 1/0, Flight-Air-State: 20, Flight-Process-State: 40
2026-05-25 05:42:31.6806 FLS.Server.Service.Accounting.Rules.BaseAccountingRule NOT applied rule AircraftFlightTimeRule, Nr of Conditions=4, RuleApplied=False, StopRuleEngineWhenRuleApplied=False, Rule-Filter: HB-1841 Schulung of type: FLS.Server.Service.Accounting.Rules.ItemRules.AircraftFlightTimeRule has conditions: '(1 EQUALS 1 ==> True),(collection: '1850f1f0-96f3-42a8-acf5-8b358dfe5103' CONTAINS key: 34896816-6341-43b1-ad93-16a600866ae6 ==> False),(null OR (collection: '70,80,66,68,69' CONTAINS key: 63 ==> False) ==> False),(Value: 0 is BETWEEN 0 and 2147483647 (incl. minValue = False; maxValue = True ==> False)' for Flight: Glider-Flight: HB-3407, Pilot: Stahel Morli, Flight-Date: 12/02/2025, Starttime: 00:00, LdgTime: 00:47, Flightcode: 63, Nr of Ldgs: 1/0, Flight-Air-State: 20, Flight-Process-State: 40
2026-05-25 05:42:31.6899 FLS.Server.Service.Accounting.Rules.BaseAccountingRule NOT applied rule AircraftFlightTimeRule, Nr of Conditions=4, RuleApplied=False, StopRuleEngineWhenRuleApplied=False, Rule-Filter: HB-3407 Privat of type: FLS.Server.Service.Accounting.Rules.ItemRules.AircraftFlightTimeRule has conditions: '(1 EQUALS 1 ==> True),(collection: '34896816-6341-43b1-ad93-16a600866ae6' CONTAINS key: 34896816-6341-43b1-ad93-16a600866ae6 ==> True),(INVERTS condition: (null OR (collection: '70,80,66,68,69,77,88,78' CONTAINS key: 63 ==> False) ==> False) ==> True),(Value: 0 is BETWEEN 0 and 2147483647 (incl. minValue = False; maxValue = True ==> False)' for Flight: Glider-Flight: HB-3407, Pilot: Stahel Morli, Flight-Date: 12/02/2025, Starttime: 00:00, LdgTime: 00:47, Flightcode: 63, Nr of Ldgs: 1/0, Flight-Air-State: 20, Flight-Process-State: 40
2026-05-25 05:42:31.6977 FLS.Server.Service.Accounting.Rules.BaseAccountingRule NOT applied rule AircraftFlightTimeRule, Nr of Conditions=4, RuleApplied=False, StopRuleEngineWhenRuleApplied=False, Rule-Filter: HB-2464 Schulung of type: FLS.Server.Service.Accounting.Rules.ItemRules.AircraftFlightTimeRule has conditions: '(1 EQUALS 1 ==> True),(collection: '7f2bfbdc-04f3-46b5-9ad0-5a687d040741' CONTAINS key: 34896816-6341-43b1-ad93-16a600866ae6 ==> False),(null OR (collection: '70,80,66,68,69' CONTAINS key: 63 ==> False) ==> False),(Value: 0 is BETWEEN 0 and 2147483647 (incl. minValue = False; maxValue = True ==> False)' for Flight: Glider-Flight: HB-3407, Pilot: Stahel Morli, Flight-Date: 12/02/2025, Starttime: 00:00, LdgTime: 00:47, Flightcode: 63, Nr of Ldgs: 1/0, Flight-Air-State: 20, Flight-Process-State: 40
2026-05-25 05:42:31.7142 FLS.Server.Service.Accounting.Rules.BaseAccountingRule NOT applied rule AircraftFlightTimeRule, Nr of Conditions=3, RuleApplied=False, StopRuleEngineWhenRuleApplied=False, Rule-Filter: HB-WAT of type: FLS.Server.Service.Accounting.Rules.ItemRules.AircraftFlightTimeRule has conditions: '(1 EQUALS 1 ==> True),(collection: 'a2ee31ae-3329-486b-92a0-c90eee34b543' CONTAINS key: 34896816-6341-43b1-ad93-16a600866ae6 ==> False),(Value: 0 is BETWEEN 0 and 2147483647 (incl. minValue = False; maxValue = True ==> False)' for Flight: Glider-Flight: HB-3407, Pilot: Stahel Morli, Flight-Date: 12/02/2025, Starttime: 00:00, LdgTime: 00:47, Flightcode: 63, Nr of Ldgs: 1/0, Flight-Air-State: 20, Flight-Process-State: 40
2026-05-25 05:42:31.7119 FLS.Server.Data.FLSDataEntities Update Flight with data: Motor-Flight: HB-DCU, Pilot: Rieterman Conny, Flight-Date: 05/25/2026, Starttime: 10:00, LdgTime: 10:30, Flightcode: 60, Nr of Ldgs: 1/0, Flight-Air-State: 20, Flight-Process-State: 30
2026-05-25 05:42:31.7223 FLS.Server.Service.Accounting.Rules.BaseAccountingRule NOT applied rule AircraftFlightTimeRule, Nr of Conditions=4, RuleApplied=False, StopRuleEngineWhenRuleApplied=False, Rule-Filter: HB-1824 Privat of type: FLS.Server.Service.Accounting.Rules.ItemRules.AircraftFlightTimeRule has conditions: '(1 EQUALS 1 ==> True),(collection: 'ea148d3d-b9e1-493c-b115-a99b60bcadb1' CONTAINS key: 34896816-6341-43b1-ad93-16a600866ae6 ==> False),(INVERTS condition: (null OR (collection: '70,80,66,68,69,77,88,78' CONTAINS key: 63 ==> False) ==> False) ==> True),(Value: 0 is BETWEEN 0 and 2147483647 (incl. minValue = False; maxValue = True ==> False)' for Flight: Glider-Flight: HB-3407, Pilot: Stahel Morli, Flight-Date: 12/02/2025, Starttime: 00:00, LdgTime: 00:47, Flightcode: 63, Nr of Ldgs: 1/0, Flight-Air-State: 20, Flight-Process-State: 40
2026-05-25 05:42:31.7549 FLS.Server.Service.Accounting.Rules.BaseAccountingRule NOT applied rule AircraftFlightTimeRule, Nr of Conditions=3, RuleApplied=False, StopRuleEngineWhenRuleApplied=False, Rule-Filter: HB-DGP of type: FLS.Server.Service.Accounting.Rules.ItemRules.AircraftFlightTimeRule has conditions: '(1 EQUALS 1 ==> True),(collection: '7539c0b0-36ff-428a-9f5b-eba902117bb1' CONTAINS key: 34896816-6341-43b1-ad93-16a600866ae6 ==> False),(Value: 0 is BETWEEN 0 and 2147483647 (incl. minValue = False; maxValue = True ==> False)' for Flight: Glider-Flight: HB-3407, Pilot: Stahel Morli, Flight-Date: 12/02/2025, Starttime: 00:00, LdgTime: 00:47, Flightcode: 63, Nr of Ldgs: 1/0, Flight-Air-State: 20, Flight-Process-State: 40
2026-05-25 05:42:31.7749 FLS.Server.Service.Accounting.Rules.BaseAccountingRule NOT applied rule AircraftFlightTimeRule, Nr of Conditions=4, RuleApplied=False, StopRuleEngineWhenRuleApplied=False, Rule-Filter: HB-3256 Schulung of type: FLS.Server.Service.Accounting.Rules.ItemRules.AircraftFlightTimeRule has conditions: '(1 EQUALS 1 ==> True),(collection: '4aa36c51-802a-4d94-a227-7a5286b3964c' CONTAINS key: 34896816-6341-43b1-ad93-16a600866ae6 ==> False),(null OR (collection: '70,80,66,68,69' CONTAINS key: 63 ==> False) ==> False),(Value: 0 is BETWEEN 0 and 2147483647 (incl. minValue = False; maxValue = True ==> False)' for Flight: Glider-Flight: HB-3407, Pilot: Stahel Morli, Flight-Date: 12/02/2025, Starttime: 00:00, LdgTime: 00:47, Flightcode: 63, Nr of Ldgs: 1/0, Flight-Air-State: 20, Flight-Process-State: 40
2026-05-25 05:42:31.8110 FLS.Server.Service.Accounting.Rules.BaseAccountingRule NOT applied rule AircraftFlightTimeRule, Nr of Conditions=3, RuleApplied=False, StopRuleEngineWhenRuleApplied=False, Rule-Filter: HB-KDO of type: FLS.Server.Service.Accounting.Rules.ItemRules.AircraftFlightTimeRule has conditions: '(1 EQUALS 1 ==> True),(collection: '8ffa0de8-1f0e-41d0-bb6e-6d8ac551397b' CONTAINS key: 34896816-6341-43b1-ad93-16a600866ae6 ==> False),(Value: 0 is BETWEEN 0 and 2147483647 (incl. minValue = False; maxValue = True ==> False)' for Flight: Glider-Flight: HB-3407, Pilot: Stahel Morli, Flight-Date: 12/02/2025, Starttime: 00:00, LdgTime: 00:47, Flightcode: 63, Nr of Ldgs: 1/0, Flight-Air-State: 20, Flight-Process-State: 40
2026-05-25 05:42:31.8267 FLS.Server.Service.Accounting.Rules.BaseAccountingRule NOT applied rule AircraftFlightTimeRule, Nr of Conditions=4, RuleApplied=False, StopRuleEngineWhenRuleApplied=False, Rule-Filter: HB-3256 Privat of type: FLS.Server.Service.Accounting.Rules.ItemRules.AircraftFlightTimeRule has conditions: '(1 EQUALS 1 ==> True),(collection: '4aa36c51-802a-4d94-a227-7a5286b3964c' CONTAINS key: 34896816-6341-43b1-ad93-16a600866ae6 ==> False),(INVERTS condition: (null OR (collection: '70,80,66,68,69,77,88,78' CONTAINS key: 63 ==> False) ==> False) ==> True),(Value: 0 is BETWEEN 0 and 2147483647 (incl. minValue = False; maxValue = True ==> False)' for Flight: Glider-Flight: HB-3407, Pilot: Stahel Morli, Flight-Date: 12/02/2025, Starttime: 00:00, LdgTime: 00:47, Flightcode: 63, Nr of Ldgs: 1/0, Flight-Air-State: 20, Flight-Process-State: 40
2026-05-25 05:42:31.8365 FLS.Server.Service.Accounting.Rules.BaseAccountingRule NOT applied rule AircraftFlightTimeRule, Nr of Conditions=3, RuleApplied=False, StopRuleEngineWhenRuleApplied=False, Rule-Filter: HB-KIO of type: FLS.Server.Service.Accounting.Rules.ItemRules.AircraftFlightTimeRule has conditions: '(1 EQUALS 1 ==> True),(collection: '5a14a9f7-d192-4777-9f59-175c47a2b46d' CONTAINS key: 34896816-6341-43b1-ad93-16a600866ae6 ==> False),(Value: 0 is BETWEEN 0 and 2147483647 (incl. minValue = False; maxValue = True ==> False)' for Flight: Glider-Flight: HB-3407, Pilot: Stahel Morli, Flight-Date: 12/02/2025, Starttime: 00:00, LdgTime: 00:47, Flightcode: 63, Nr of Ldgs: 1/0, Flight-Air-State: 20, Flight-Process-State: 40
2026-05-25 05:42:31.8465 FLS.Server.Service.Accounting.Rules.BaseAccountingRule NOT applied rule InstructorFeeRule, Nr of Conditions=2, RuleApplied=False, StopRuleEngineWhenRuleApplied=False, Rule-Filter: Instruktor-Honorar Thomas of type: FLS.Server.Service.Accounting.Rules.ItemRules.InstructorFeeRule has conditions: '(1 EQUALS 1 ==> True),('888888' INTERSECTS ANY  ==> False)' for Flight: Glider-Flight: HB-3407, Pilot: Stahel Morli, Flight-Date: 12/02/2025, Starttime: 00:00, LdgTime: 00:47, Flightcode: 63, Nr of Ldgs: 1/0, Flight-Air-State: 20, Flight-Process-State: 40
2026-05-25 05:42:31.8571 FLS.Server.Service.Accounting.Rules.BaseAccountingRule NOT applied rule InstructorFeeRule, Nr of Conditions=2, RuleApplied=False, StopRuleEngineWhenRuleApplied=False, Rule-Filter: Instruktor-Honorar Silvan of type: FLS.Server.Service.Accounting.Rules.ItemRules.InstructorFeeRule has conditions: '(1 EQUALS 1 ==> True),('999999' INTERSECTS ANY  ==> False)' for Flight: Glider-Flight: HB-3407, Pilot: Stahel Morli, Flight-Date: 12/02/2025, Starttime: 00:00, LdgTime: 00:47, Flightcode: 63, Nr of Ldgs: 1/0, Flight-Air-State: 20, Flight-Process-State: 40
2026-05-25 05:42:31.8865 FLS.Server.Service.Accounting.Rules.BaseAccountingRule NOT applied rule InstructorFeeRule, Nr of Conditions=2, RuleApplied=False, StopRuleEngineWhenRuleApplied=False, Rule-Filter: Instruktor-Honorar Päde of type: FLS.Server.Service.Accounting.Rules.ItemRules.InstructorFeeRule has conditions: '(1 EQUALS 1 ==> True),('836001' INTERSECTS ANY  ==> False)' for Flight: Glider-Flight: HB-3407, Pilot: Stahel Morli, Flight-Date: 12/02/2025, Starttime: 00:00, LdgTime: 00:47, Flightcode: 63, Nr of Ldgs: 1/0, Flight-Air-State: 20, Flight-Process-State: 40
2026-05-25 05:42:31.9039 FLS.Server.Service.Accounting.Rules.BaseAccountingRule NOT applied rule InstructorFeeRule, Nr of Conditions=2, RuleApplied=False, StopRuleEngineWhenRuleApplied=False, Rule-Filter: Instruktor-Honorar Karl of type: FLS.Server.Service.Accounting.Rules.ItemRules.InstructorFeeRule has conditions: '(1 EQUALS 1 ==> True),('424976' INTERSECTS ANY  ==> False)' for Flight: Glider-Flight: HB-3407, Pilot: Stahel Morli, Flight-Date: 12/02/2025, Starttime: 00:00, LdgTime: 00:47, Flightcode: 63, Nr of Ldgs: 1/0, Flight-Air-State: 20, Flight-Process-State: 40
2026-05-25 05:42:31.9247 FLS.Server.Service.Accounting.Rules.BaseAccountingRule NOT applied rule InstructorFeeRule, Nr of Conditions=2, RuleApplied=False, StopRuleEngineWhenRuleApplied=False, Rule-Filter: Instruktor-Honorar HUK of type: FLS.Server.Service.Accounting.Rules.ItemRules.InstructorFeeRule has conditions: '(1 EQUALS 1 ==> True),('536594' INTERSECTS ANY  ==> False)' for Flight: Glider-Flight: HB-3407, Pilot: Stahel Morli, Flight-Date: 12/02/2025, Starttime: 00:00, LdgTime: 00:47, Flightcode: 63, Nr of Ldgs: 1/0, Flight-Air-State: 20, Flight-Process-State: 40
2026-05-25 05:42:31.9316 FLS.Server.Service.Accounting.Rules.BaseAccountingRule NOT applied rule AdditionalFuelFeeRule, Nr of Conditions=3, RuleApplied=False, StopRuleEngineWhenRuleApplied=False, Rule-Filter: HB-KCB Treibstoffzuschlag of type: FLS.Server.Service.Accounting.Rules.ItemRules.AdditionalFuelFeeRule has conditions: '(1 EQUALS 1 ==> True),(collection: '33fa9ce5-2079-4bc4-831c-3f8a63fe6b1e' CONTAINS key: 34896816-6341-43b1-ad93-16a600866ae6 ==> False),(collection: '5bfd35f5-1183-4f7a-84b5-8c0c19288ed3' CONTAINS key: 5bfd35f5-1183-4f7a-84b5-8c0c19288ed3 ==> True)' for Flight: Glider-Flight: HB-3407, Pilot: Stahel Morli, Flight-Date: 12/02/2025, Starttime: 00:00, LdgTime: 00:47, Flightcode: 63, Nr of Ldgs: 1/0, Flight-Air-State: 20, Flight-Process-State: 40
2026-05-25 05:42:31.9446 FLS.Server.Service.Accounting.Rules.BaseAccountingRule Added new delivery item line to delivery. Line: Pos: 2 Product: 6001 Text: Landegebuehr LSZK Qty: 1 of type: Landung Discount: 0% Add. Info: 
2026-05-25 05:42:31.9520 FLS.Server.Service.Accounting.Rules.BaseAccountingRule Applied rule LandingTaxRule, Nr of Conditions=3, RuleApplied=True, StopRuleEngineWhenRuleApplied=False, Rule-Filter: LandingTax: LSZK of type: FLS.Server.Service.Accounting.Rules.ItemRules.LandingTaxRule has conditions: '(1 EQUALS 1 ==> True),(collection: '5bfd35f5-1183-4f7a-84b5-8c0c19288ed3' CONTAINS key: 5bfd35f5-1183-4f7a-84b5-8c0c19288ed3 ==> True),(Value: 2820 is BETWEEN 0 and 2147483647 (incl. minValue = False; maxValue = True ==> True)' for Flight: Glider-Flight: HB-3407, Pilot: Stahel Morli, Flight-Date: 12/02/2025, Starttime: 00:00, LdgTime: 00:47, Flightcode: 63, Nr of Ldgs: 1/0, Flight-Air-State: 20, Flight-Process-State: 40
2026-05-25 05:42:31.9626 FLS.Server.Service.Accounting.Rules.BaseAccountingRule NOT applied rule LandingTaxRule, Nr of Conditions=3, RuleApplied=False, StopRuleEngineWhenRuleApplied=False, Rule-Filter: Landetaxen Saanen of type: FLS.Server.Service.Accounting.Rules.ItemRules.LandingTaxRule has conditions: '(0 EQUALS 1 ==> False),(collection: '97eaa8e5-bb61-4cf9-9565-f6771ae4d19f' CONTAINS key: 5bfd35f5-1183-4f7a-84b5-8c0c19288ed3 ==> False),(Value: 2820 is BETWEEN 0 and 2147483647 (incl. minValue = False; maxValue = True ==> True)' for Flight: Glider-Flight: HB-3407, Pilot: Stahel Morli, Flight-Date: 12/02/2025, Starttime: 00:00, LdgTime: 00:47, Flightcode: 63, Nr of Ldgs: 1/0, Flight-Air-State: 20, Flight-Process-State: 40
2026-05-25 05:42:31.9760 FLS.Server.Service.Accounting.Rules.BaseAccountingRule NOT applied rule LandingTaxRule, Nr of Conditions=3, RuleApplied=False, StopRuleEngineWhenRuleApplied=False, Rule-Filter: Landetaxen Montricher of type: FLS.Server.Service.Accounting.Rules.ItemRules.LandingTaxRule has conditions: '(0 EQUALS 1 ==> False),(collection: 'a75e2185-1fb5-4418-a9d0-c320b877f2bd' CONTAINS key: 5bfd35f5-1183-4f7a-84b5-8c0c19288ed3 ==> False),(Value: 2820 is BETWEEN 0 and 2147483647 (incl. minValue = False; maxValue = True ==> True)' for Flight: Glider-Flight: HB-3407, Pilot: Stahel Morli, Flight-Date: 12/02/2025, Starttime: 00:00, LdgTime: 00:47, Flightcode: 63, Nr of Ldgs: 1/0, Flight-Air-State: 20, Flight-Process-State: 40
2026-05-25 05:42:31.9847 FLS.Server.Service.Accounting.Rules.BaseAccountingRule NOT applied rule LandingTaxRule, Nr of Conditions=4, RuleApplied=False, StopRuleEngineWhenRuleApplied=False, Rule-Filter: Landetaxen Speck of type: FLS.Server.Service.Accounting.Rules.ItemRules.LandingTaxRule has conditions: '(0 EQUALS 1 ==> False),(INVERTS condition: (null OR (collection: '70,80,66,68,69,77,88,78' CONTAINS key: 63 ==> False) ==> False) ==> True),(collection: '5bfd35f5-1183-4f7a-84b5-8c0c19288ed3' CONTAINS key: 5bfd35f5-1183-4f7a-84b5-8c0c19288ed3 ==> True),(Value: 2820 is BETWEEN 0 and 2147483647 (incl. minValue = False; maxValue = True ==> True)' for Flight: Glider-Flight: HB-3407, Pilot: Stahel Morli, Flight-Date: 12/02/2025, Starttime: 00:00, LdgTime: 00:47, Flightcode: 63, Nr of Ldgs: 1/0, Flight-Air-State: 20, Flight-Process-State: 40
2026-05-25 05:42:31.9990 FLS.Server.Service.Accounting.Rules.BaseAccountingRule NOT applied rule LandingTaxOnStartLocationRule, Nr of Conditions=3, RuleApplied=False, StopRuleEngineWhenRuleApplied=False, Rule-Filter: LandingTax: LSZK of type: FLS.Server.Service.Accounting.Rules.ItemRules.LandingTaxOnStartLocationRule has conditions: '(1 EQUALS 1 ==> True),(False EQUALS True ==> False),(Value: 2820 is BETWEEN 0 and 2147483647 (incl. minValue = False; maxValue = True ==> True)' for Flight: Glider-Flight: HB-3407, Pilot: Stahel Morli, Flight-Date: 12/02/2025, Starttime: 00:00, LdgTime: 00:47, Flightcode: 63, Nr of Ldgs: 1/0, Flight-Air-State: 20, Flight-Process-State: 40
2026-05-25 05:42:32.0063 FLS.Server.Service.Accounting.Rules.BaseAccountingRule NOT applied rule LandingTaxOnStartLocationRule, Nr of Conditions=3, RuleApplied=False, StopRuleEngineWhenRuleApplied=False, Rule-Filter: Landetaxen Saanen of type: FLS.Server.Service.Accounting.Rules.ItemRules.LandingTaxOnStartLocationRule has conditions: '(0 EQUALS 1 ==> False),(False EQUALS True ==> False),(Value: 2820 is BETWEEN 0 and 2147483647 (incl. minValue = False; maxValue = True ==> True)' for Flight: Glider-Flight: HB-3407, Pilot: Stahel Morli, Flight-Date: 12/02/2025, Starttime: 00:00, LdgTime: 00:47, Flightcode: 63, Nr of Ldgs: 1/0, Flight-Air-State: 20, Flight-Process-State: 40
2026-05-25 05:42:32.0134 FLS.Server.Service.Accounting.Rules.BaseAccountingRule NOT applied rule LandingTaxOnStartLocationRule, Nr of Conditions=3, RuleApplied=False, StopRuleEngineWhenRuleApplied=False, Rule-Filter: Landetaxen Montricher of type: FLS.Server.Service.Accounting.Rules.ItemRules.LandingTaxOnStartLocationRule has conditions: '(0 EQUALS 1 ==> False),(False EQUALS True ==> False),(Value: 2820 is BETWEEN 0 and 2147483647 (incl. minValue = False; maxValue = True ==> True)' for Flight: Glider-Flight: HB-3407, Pilot: Stahel Morli, Flight-Date: 12/02/2025, Starttime: 00:00, LdgTime: 00:47, Flightcode: 63, Nr of Ldgs: 1/0, Flight-Air-State: 20, Flight-Process-State: 40
2026-05-25 05:42:32.0214 FLS.Server.Service.Accounting.Rules.BaseAccountingRule NOT applied rule LandingTaxOnStartLocationRule, Nr of Conditions=4, RuleApplied=False, StopRuleEngineWhenRuleApplied=False, Rule-Filter: Landetaxen Speck of type: FLS.Server.Service.Accounting.Rules.ItemRules.LandingTaxOnStartLocationRule has conditions: '(0 EQUALS 1 ==> False),(INVERTS condition: (null OR (collection: '70,80,66,68,69,77,88,78' CONTAINS key: 63 ==> False) ==> False) ==> True),(False EQUALS True ==> False),(Value: 2820 is BETWEEN 0 and 2147483647 (incl. minValue = False; maxValue = True ==> True)' for Flight: Glider-Flight: HB-3407, Pilot: Stahel Morli, Flight-Date: 12/02/2025, Starttime: 00:00, LdgTime: 00:47, Flightcode: 63, Nr of Ldgs: 1/0, Flight-Air-State: 20, Flight-Process-State: 40
2026-05-25 05:42:32.0290 FLS.Server.Service.Accounting.Rules.BaseAccountingRule Added new delivery item line to delivery. Line: Pos: 3 Product: 1003 Text: VSF-Gebühr Qty: 1 of type: Landung Discount: 0% Add. Info: 
2026-05-25 05:42:32.0372 FLS.Server.Service.Accounting.Rules.BaseAccountingRule Applied rule VsfFeeRule, Nr of Conditions=2, RuleApplied=True, StopRuleEngineWhenRuleApplied=False, Rule-Filter: VSF-Gebühr of type: FLS.Server.Service.Accounting.Rules.ItemRules.VsfFeeRule has conditions: '(1 EQUALS 1 ==> True),(collection: '5bfd35f5-1183-4f7a-84b5-8c0c19288ed3' CONTAINS key: 5bfd35f5-1183-4f7a-84b5-8c0c19288ed3 ==> True)' for Flight: Glider-Flight: HB-3407, Pilot: Stahel Morli, Flight-Date: 12/02/2025, Starttime: 00:00, LdgTime: 00:47, Flightcode: 63, Nr of Ldgs: 1/0, Flight-Air-State: 20, Flight-Process-State: 40
2026-05-25 05:42:32.0446 FLS.Server.Service.Accounting.Rules.BaseAccountingRule NOT applied rule VsfFeeOnStartLocationRule, Nr of Conditions=2, RuleApplied=False, StopRuleEngineWhenRuleApplied=False, Rule-Filter: VSF-Gebühr of type: FLS.Server.Service.Accounting.Rules.ItemRules.VsfFeeOnStartLocationRule has conditions: '(1 EQUALS 1 ==> True),(False EQUALS True ==> False)' for Flight: Glider-Flight: HB-3407, Pilot: Stahel Morli, Flight-Date: 12/02/2025, Starttime: 00:00, LdgTime: 00:47, Flightcode: 63, Nr of Ldgs: 1/0, Flight-Air-State: 20, Flight-Process-State: 40
2026-05-25 05:42:32.0629 FLS.Server.Service.BaseService Created accounting for : Flight-Date: 12/02/2025 Aircraft: HB-3407 Nr of Lines: 3
2026-05-25 05:42:32.1296 FLS.Server.Data.FLSDataEntities Insert Delivery with data: [Delivery -> DeliveryId: 93cda842-146c-4e60-b77a-5faff7bf2b6b, ClubId: 0fa7b76f-47ba-4138-8f96-671400fd7c83, FlightId: f1500005-0000-0000-0000-000000000001, RecipientPersonId: , RecipientName: , RecipientFirstname: , RecipientLastname: , RecipientAddressLine1: , RecipientAddressLine2: , RecipientZipCode: , RecipientCity: , RecipientCountryName: , RecipientPersonClubMemberNumber: , DeliveryInformation: Passagierflug Bar mit PAX: , AdditionalInformation: 0, DeliveryNumber: , DeliveredOn: , IsFurtherProcessed: False, BatchId: 1, CreatedOn: 05/25/2026 05:42:32, CreatedByUserId: 36073196-1ee3-4a97-a3fa-f5f60039f041, ModifiedOn: , ModifiedByUserId: , DeletedOn: , DeletedByUserId: , RecordState: 1, OwnerId: 0fa7b76f-47ba-4138-8f96-671400fd7c83, OwnershipType: 2, IsDeleted: False, Id: 93cda842-146c-4e60-b77a-5faff7bf2b6b,  <- Delivery]

2026-05-25 05:42:32.1546 FLS.Server.Data.FLSDataEntities Insert DeliveryItem with data: [DeliveryItem -> DeliveryItemId: da7bda0e-5038-4e4f-a7b4-6c57fd95da59, DeliveryId: 00000000-0000-0000-0000-000000000000, Position: 1, ArticleNumber: 5001, ItemText: HB-3407 Glider flight minutes, AdditionalInformation: , Quantity: 47, DiscountInPercent: 0, UnitType: Minuten, CreatedOn: 05/25/2026 05:42:32, CreatedByUserId: 36073196-1ee3-4a97-a3fa-f5f60039f041, ModifiedOn: , ModifiedByUserId: , DeletedOn: , DeletedByUserId: , RecordState: 1, OwnerId: 0fa7b76f-47ba-4138-8f96-671400fd7c83, OwnershipType: 2, IsDeleted: False, Id: da7bda0e-5038-4e4f-a7b4-6c57fd95da59,  <- DeliveryItem]

2026-05-25 05:42:32.1649 FLS.Server.Data.FLSDataEntities Insert DeliveryItem with data: [DeliveryItem -> DeliveryItemId: c66fd72b-b06b-4db2-b038-ac19fe6f2ee8, DeliveryId: 00000000-0000-0000-0000-000000000000, Position: 2, ArticleNumber: 6001, ItemText: Landegebuehr LSZK, AdditionalInformation: , Quantity: 1, DiscountInPercent: 0, UnitType: Landung, CreatedOn: 05/25/2026 05:42:32, CreatedByUserId: 36073196-1ee3-4a97-a3fa-f5f60039f041, ModifiedOn: , ModifiedByUserId: , DeletedOn: , DeletedByUserId: , RecordState: 1, OwnerId: 0fa7b76f-47ba-4138-8f96-671400fd7c83, OwnershipType: 2, IsDeleted: False, Id: c66fd72b-b06b-4db2-b038-ac19fe6f2ee8,  <- DeliveryItem]

2026-05-25 05:42:32.1711 FLS.Server.Data.FLSDataEntities Insert DeliveryItem with data: [DeliveryItem -> DeliveryItemId: c7ee769b-dc55-435c-b262-561dbb0cda15, DeliveryId: 00000000-0000-0000-0000-000000000000, Position: 3, ArticleNumber: 1003, ItemText: VSF-Gebühr, AdditionalInformation: , Quantity: 1, DiscountInPercent: 0, UnitType: Landung, CreatedOn: 05/25/2026 05:42:32, CreatedByUserId: 36073196-1ee3-4a97-a3fa-f5f60039f041, ModifiedOn: , ModifiedByUserId: , DeletedOn: , DeletedByUserId: , RecordState: 1, OwnerId: 0fa7b76f-47ba-4138-8f96-671400fd7c83, OwnershipType: 2, IsDeleted: False, Id: c7ee769b-dc55-435c-b262-561dbb0cda15,  <- DeliveryItem]

2026-05-25 05:42:32.1793 FLS.Server.Data.FLSDataEntities Update Flight with data: Glider-Flight: HB-3407, Pilot: Stahel Morli, Flight-Date: 12/02/2025, Starttime: 00:00, LdgTime: 00:47, Flightcode: 63, Nr of Ldgs: 1/0, Flight-Air-State: 20, Flight-Process-State: 50
2026-05-25 05:42:32.4247 FLS.Server.Service.BaseService Start creating accounting for flight: Glider-Flight: HB-3407, Pilot: Bonzli Lenni, Flight-Date: 05/25/2026, Starttime: 10:00, LdgTime: 10:30, Flightcode: 60, Nr of Ldgs: 1/0, Flight-Air-State: 20, Flight-Process-State: 40 using 52 recipient rule filters and 52 accounting line rule filters.
2026-05-25 05:42:32.4467 FLS.Server.Service.Accounting.Rules.BaseAccountingRule Applied rule DeliveryRecipientRule, Nr of Conditions=1, RuleApplied=True, StopRuleEngineWhenRuleApplied=True, Rule-Filter: Recipient: Flight Pilot of type: FLS.Server.Service.Accounting.Rules.DeliveryRecipientRule has conditions: '(1 EQUALS 1 ==> True)' for Flight: Glider-Flight: HB-3407, Pilot: Bonzli Lenni, Flight-Date: 05/25/2026, Starttime: 10:00, LdgTime: 10:30, Flightcode: 60, Nr of Ldgs: 1/0, Flight-Air-State: 20, Flight-Process-State: 40
2026-05-25 05:42:32.4702 FLS.Server.Service.RulesEngine.BaseRule Applied rule FlightDeliveryInfoRule, Nr of Conditions=1, RuleApplied=True, StopRuleEngineWhenRuleApplied=False
2026-05-25 05:42:32.4985 FLS.Server.Service.RulesEngine.BaseRule Applied rule AdditionalInfoRule, Nr of Conditions=1, RuleApplied=True, StopRuleEngineWhenRuleApplied=False
2026-05-25 05:42:32.5192 FLS.Server.Service.Accounting.Rules.BaseAccountingRule NOT applied rule NoLandingTaxRule, Nr of Conditions=5, RuleApplied=False, StopRuleEngineWhenRuleApplied=False, Rule-Filter: Keine Landetaxen für Schulung ab Speck of type: FLS.Server.Service.Accounting.Rules.ItemRules.NoLandingTaxRule has conditions: '(1 EQUALS 1 ==> True),(collection: '' CONTAINS key: 3 ==> False),(null OR (collection: '70,80,66,68,69,77,88,78' CONTAINS key: 60 ==> False) ==> False),(collection: '5bfd35f5-1183-4f7a-84b5-8c0c19288ed3' CONTAINS key: 5bfd35f5-1183-4f7a-84b5-8c0c19288ed3 ==> True),(Value: 1800 is BETWEEN 0 and 2147483647 (incl. minValue = False; maxValue = True ==> True)' for Flight: Glider-Flight: HB-3407, Pilot: Bonzli Lenni, Flight-Date: 05/25/2026, Starttime: 10:00, LdgTime: 10:30, Flightcode: 60, Nr of Ldgs: 1/0, Flight-Air-State: 20, Flight-Process-State: 40
2026-05-25 05:42:32.5409 FLS.Server.Service.Accounting.Rules.BaseAccountingRule Added new delivery item line to Delivery. Line: Pos: 1 Product: 5001 Text: HB-3407 Glider flight minutes Qty: 30 of type: Minuten Discount: 0% Add. Info: 
2026-05-25 05:42:32.5533 FLS.Server.Service.Accounting.Rules.BaseAccountingRule Applied rule AircraftFlightTimeRule, Nr of Conditions=2, RuleApplied=True, StopRuleEngineWhenRuleApplied=False, Rule-Filter: FlightTime: Glider per minute of type: FLS.Server.Service.Accounting.Rules.ItemRules.AircraftFlightTimeRule has conditions: '(1 EQUALS 1 ==> True),(Value: 1800 is BETWEEN 0 and 2147483647 (incl. minValue = False; maxValue = True ==> True)' for Flight: Glider-Flight: HB-3407, Pilot: Bonzli Lenni, Flight-Date: 05/25/2026, Starttime: 10:00, LdgTime: 10:30, Flightcode: 60, Nr of Ldgs: 1/0, Flight-Air-State: 20, Flight-Process-State: 40
2026-05-25 05:42:32.5678 FLS.Server.Service.Accounting.Rules.BaseAccountingRule NOT applied rule AircraftFlightTimeRule, Nr of Conditions=4, RuleApplied=False, StopRuleEngineWhenRuleApplied=False, Rule-Filter: HB-1841 Privat of type: FLS.Server.Service.Accounting.Rules.ItemRules.AircraftFlightTimeRule has conditions: '(1 EQUALS 1 ==> True),(collection: '1850f1f0-96f3-42a8-acf5-8b358dfe5103' CONTAINS key: 34896816-6341-43b1-ad93-16a600866ae6 ==> False),(INVERTS condition: (null OR (collection: '70,80,66,68,69,77,88,78' CONTAINS key: 60 ==> False) ==> False) ==> True),(Value: 0 is BETWEEN 0 and 2147483647 (incl. minValue = False; maxValue = True ==> False)' for Flight: Glider-Flight: HB-3407, Pilot: Bonzli Lenni, Flight-Date: 05/25/2026, Starttime: 10:00, LdgTime: 10:30, Flightcode: 60, Nr of Ldgs: 1/0, Flight-Air-State: 20, Flight-Process-State: 40
2026-05-25 05:42:32.5850 FLS.Server.Service.Accounting.Rules.BaseAccountingRule NOT applied rule AircraftFlightTimeRule, Nr of Conditions=5, RuleApplied=False, StopRuleEngineWhenRuleApplied=False, Rule-Filter: HB-2464 Weiterbildung mit Pauschale of type: FLS.Server.Service.Accounting.Rules.ItemRules.AircraftFlightTimeRule has conditions: '(1 EQUALS 1 ==> True),(collection: '7f2bfbdc-04f3-46b5-9ad0-5a687d040741' CONTAINS key: 34896816-6341-43b1-ad93-16a600866ae6 ==> False),(null OR (collection: '77,88,78' CONTAINS key: 60 ==> False) ==> False),(INVERTS condition: ('363289,897764,155264,463161,622976,686001' INTERSECTS ANY 205207 ==> False) ==> True),(Value: 0 is BETWEEN 0 and 2147483647 (incl. minValue = False; maxValue = True ==> False)' for Flight: Glider-Flight: HB-3407, Pilot: Bonzli Lenni, Flight-Date: 05/25/2026, Starttime: 10:00, LdgTime: 10:30, Flightcode: 60, Nr of Ldgs: 1/0, Flight-Air-State: 20, Flight-Process-State: 40
2026-05-25 05:42:32.5997 FLS.Server.Service.Accounting.Rules.BaseAccountingRule NOT applied rule AircraftFlightTimeRule, Nr of Conditions=5, RuleApplied=False, StopRuleEngineWhenRuleApplied=False, Rule-Filter: HB-1841 Weiterbildung mit Pauschale of type: FLS.Server.Service.Accounting.Rules.ItemRules.AircraftFlightTimeRule has conditions: '(1 EQUALS 1 ==> True),(collection: '1850f1f0-96f3-42a8-acf5-8b358dfe5103' CONTAINS key: 34896816-6341-43b1-ad93-16a600866ae6 ==> False),(null OR (collection: '77,88,78' CONTAINS key: 60 ==> False) ==> False),(INVERTS condition: ('363289,897764,155264,463161,622976,686001' INTERSECTS ANY 205207 ==> False) ==> True),(Value: 0 is BETWEEN 0 and 2147483647 (incl. minValue = False; maxValue = True ==> False)' for Flight: Glider-Flight: HB-3407, Pilot: Bonzli Lenni, Flight-Date: 05/25/2026, Starttime: 10:00, LdgTime: 10:30, Flightcode: 60, Nr of Ldgs: 1/0, Flight-Air-State: 20, Flight-Process-State: 40
2026-05-25 05:42:32.6146 FLS.Server.Service.Accounting.Rules.BaseAccountingRule NOT applied rule AircraftFlightTimeRule, Nr of Conditions=4, RuleApplied=False, StopRuleEngineWhenRuleApplied=False, Rule-Filter: HB-3407 Schulung of type: FLS.Server.Service.Accounting.Rules.ItemRules.AircraftFlightTimeRule has conditions: '(1 EQUALS 1 ==> True),(collection: '34896816-6341-43b1-ad93-16a600866ae6' CONTAINS key: 34896816-6341-43b1-ad93-16a600866ae6 ==> True),(null OR (collection: '70,80,66,68,69' CONTAINS key: 60 ==> False) ==> False),(Value: 0 is BETWEEN 0 and 2147483647 (incl. minValue = False; maxValue = True ==> False)' for Flight: Glider-Flight: HB-3407, Pilot: Bonzli Lenni, Flight-Date: 05/25/2026, Starttime: 10:00, LdgTime: 10:30, Flightcode: 60, Nr of Ldgs: 1/0, Flight-Air-State: 20, Flight-Process-State: 40
2026-05-25 05:42:32.6297 FLS.Server.Service.Accounting.Rules.BaseAccountingRule NOT applied rule AircraftFlightTimeRule, Nr of Conditions=5, RuleApplied=False, StopRuleEngineWhenRuleApplied=False, Rule-Filter: HB-1824 Weiterbildung mit Pauschale of type: FLS.Server.Service.Accounting.Rules.ItemRules.AircraftFlightTimeRule has conditions: '(1 EQUALS 1 ==> True),(collection: 'ea148d3d-b9e1-493c-b115-a99b60bcadb1' CONTAINS key: 34896816-6341-43b1-ad93-16a600866ae6 ==> False),(null OR (collection: '77,88,78' CONTAINS key: 60 ==> False) ==> False),(INVERTS condition: ('363289,897764,155264,463161,622976,686001' INTERSECTS ANY 205207 ==> False) ==> True),(Value: 0 is BETWEEN 0 and 2147483647 (incl. minValue = False; maxValue = True ==> False)' for Flight: Glider-Flight: HB-3407, Pilot: Bonzli Lenni, Flight-Date: 05/25/2026, Starttime: 10:00, LdgTime: 10:30, Flightcode: 60, Nr of Ldgs: 1/0, Flight-Air-State: 20, Flight-Process-State: 40
2026-05-25 05:42:32.6432 FLS.Server.Service.Accounting.Rules.BaseAccountingRule NOT applied rule AircraftFlightTimeRule, Nr of Conditions=5, RuleApplied=False, StopRuleEngineWhenRuleApplied=False, Rule-Filter: HB-3256 Weiterbildung ohne Pauschale of type: FLS.Server.Service.Accounting.Rules.ItemRules.AircraftFlightTimeRule has conditions: '(1 EQUALS 1 ==> True),(collection: '4aa36c51-802a-4d94-a227-7a5286b3964c' CONTAINS key: 34896816-6341-43b1-ad93-16a600866ae6 ==> False),(null OR (collection: '77,88,78' CONTAINS key: 60 ==> False) ==> False),('363289,897764,155264,463161,622976,686001' INTERSECTS ANY 205207 ==> False),(Value: 0 is BETWEEN 0 and 2147483647 (incl. minValue = False; maxValue = True ==> False)' for Flight: Glider-Flight: HB-3407, Pilot: Bonzli Lenni, Flight-Date: 05/25/2026, Starttime: 10:00, LdgTime: 10:30, Flightcode: 60, Nr of Ldgs: 1/0, Flight-Air-State: 20, Flight-Process-State: 40
2026-05-25 05:42:32.6635 FLS.Server.Service.Accounting.Rules.BaseAccountingRule NOT applied rule AircraftFlightTimeRule, Nr of Conditions=5, RuleApplied=False, StopRuleEngineWhenRuleApplied=False, Rule-Filter: HB-KCB Privat ab 11.min of type: FLS.Server.Service.Accounting.Rules.ItemRules.AircraftFlightTimeRule has conditions: '(1 EQUALS 1 ==> True),(collection: '33fa9ce5-2079-4bc4-831c-3f8a63fe6b1e' CONTAINS key: 34896816-6341-43b1-ad93-16a600866ae6 ==> False),(INVERTS condition: (null OR (collection: '70,80,66,68,69,77,88,78' CONTAINS key: 60 ==> False) ==> False) ==> True),(collection: '5bfd35f5-1183-4f7a-84b5-8c0c19288ed3' CONTAINS key: 5bfd35f5-1183-4f7a-84b5-8c0c19288ed3 ==> True),(Value: 0 is BETWEEN 600 and 2147483647 (incl. minValue = False; maxValue = True ==> False)' for Flight: Glider-Flight: HB-3407, Pilot: Bonzli Lenni, Flight-Date: 05/25/2026, Starttime: 10:00, LdgTime: 10:30, Flightcode: 60, Nr of Ldgs: 1/0, Flight-Air-State: 20, Flight-Process-State: 40
2026-05-25 05:42:32.6800 FLS.Server.Service.Accounting.Rules.BaseAccountingRule NOT applied rule AircraftFlightTimeRule, Nr of Conditions=5, RuleApplied=False, StopRuleEngineWhenRuleApplied=False, Rule-Filter: HB-1841 Weiterbildung ohne Pauschale of type: FLS.Server.Service.Accounting.Rules.ItemRules.AircraftFlightTimeRule has conditions: '(1 EQUALS 1 ==> True),(collection: '1850f1f0-96f3-42a8-acf5-8b358dfe5103' CONTAINS key: 34896816-6341-43b1-ad93-16a600866ae6 ==> False),(null OR (collection: '77,88,78' CONTAINS key: 60 ==> False) ==> False),('363289,897764,155264,463161,622976,686001' INTERSECTS ANY 205207 ==> False),(Value: 0 is BETWEEN 0 and 2147483647 (incl. minValue = False; maxValue = True ==> False)' for Flight: Glider-Flight: HB-3407, Pilot: Bonzli Lenni, Flight-Date: 05/25/2026, Starttime: 10:00, LdgTime: 10:30, Flightcode: 60, Nr of Ldgs: 1/0, Flight-Air-State: 20, Flight-Process-State: 40
2026-05-25 05:42:32.6976 FLS.Server.Service.Accounting.Rules.BaseAccountingRule NOT applied rule AircraftFlightTimeRule, Nr of Conditions=5, RuleApplied=False, StopRuleEngineWhenRuleApplied=False, Rule-Filter: HB-1824 Weiterbildung ohne Pauschale of type: FLS.Server.Service.Accounting.Rules.ItemRules.AircraftFlightTimeRule has conditions: '(1 EQUALS 1 ==> True),(collection: 'ea148d3d-b9e1-493c-b115-a99b60bcadb1' CONTAINS key: 34896816-6341-43b1-ad93-16a600866ae6 ==> False),(null OR (collection: '77,88,78' CONTAINS key: 60 ==> False) ==> False),('363289,897764,155264,463161,622976,686001' INTERSECTS ANY 205207 ==> False),(Value: 0 is BETWEEN 0 and 2147483647 (incl. minValue = False; maxValue = True ==> False)' for Flight: Glider-Flight: HB-3407, Pilot: Bonzli Lenni, Flight-Date: 05/25/2026, Starttime: 10:00, LdgTime: 10:30, Flightcode: 60, Nr of Ldgs: 1/0, Flight-Air-State: 20, Flight-Process-State: 40
2026-05-25 05:42:32.7149 FLS.Server.Service.Accounting.Rules.BaseAccountingRule NOT applied rule AircraftFlightTimeRule, Nr of Conditions=5, RuleApplied=False, StopRuleEngineWhenRuleApplied=False, Rule-Filter: HB-KCB Privat bis 10min of type: FLS.Server.Service.Accounting.Rules.ItemRules.AircraftFlightTimeRule has conditions: '(1 EQUALS 1 ==> True),(collection: '33fa9ce5-2079-4bc4-831c-3f8a63fe6b1e' CONTAINS key: 34896816-6341-43b1-ad93-16a600866ae6 ==> False),(INVERTS condition: (null OR (collection: '70,80,66,68,69,77,88,78' CONTAINS key: 60 ==> False) ==> False) ==> True),(collection: '5bfd35f5-1183-4f7a-84b5-8c0c19288ed3' CONTAINS key: 5bfd35f5-1183-4f7a-84b5-8c0c19288ed3 ==> True),(Value: 0 is BETWEEN 0 and 600 (incl. minValue = False; maxValue = True ==> False)' for Flight: Glider-Flight: HB-3407, Pilot: Bonzli Lenni, Flight-Date: 05/25/2026, Starttime: 10:00, LdgTime: 10:30, Flightcode: 60, Nr of Ldgs: 1/0, Flight-Air-State: 20, Flight-Process-State: 40
2026-05-25 05:42:32.7455 FLS.Server.Service.Accounting.Rules.BaseAccountingRule NOT applied rule AircraftFlightTimeRule, Nr of Conditions=5, RuleApplied=False, StopRuleEngineWhenRuleApplied=False, Rule-Filter: HB-KCB Schulung bis 10min of type: FLS.Server.Service.Accounting.Rules.ItemRules.AircraftFlightTimeRule has conditions: '(1 EQUALS 1 ==> True),(collection: '33fa9ce5-2079-4bc4-831c-3f8a63fe6b1e' CONTAINS key: 34896816-6341-43b1-ad93-16a600866ae6 ==> False),(null OR (collection: '70,80,66,68,69,77,88,78' CONTAINS key: 60 ==> False) ==> False),(collection: '5bfd35f5-1183-4f7a-84b5-8c0c19288ed3' CONTAINS key: 5bfd35f5-1183-4f7a-84b5-8c0c19288ed3 ==> True),(Value: 0 is BETWEEN 0 and 600 (incl. minValue = False; maxValue = True ==> False)' for Flight: Glider-Flight: HB-3407, Pilot: Bonzli Lenni, Flight-Date: 05/25/2026, Starttime: 10:00, LdgTime: 10:30, Flightcode: 60, Nr of Ldgs: 1/0, Flight-Air-State: 20, Flight-Process-State: 40
2026-05-25 05:42:32.7710 FLS.Server.Service.Accounting.Rules.BaseAccountingRule NOT applied rule AircraftFlightTimeRule, Nr of Conditions=4, RuleApplied=False, StopRuleEngineWhenRuleApplied=False, Rule-Filter: HB-KCB Saanen of type: FLS.Server.Service.Accounting.Rules.ItemRules.AircraftFlightTimeRule has conditions: '(1 EQUALS 1 ==> True),(collection: '33fa9ce5-2079-4bc4-831c-3f8a63fe6b1e' CONTAINS key: 34896816-6341-43b1-ad93-16a600866ae6 ==> False),(collection: '97eaa8e5-bb61-4cf9-9565-f6771ae4d19f' CONTAINS key: 5bfd35f5-1183-4f7a-84b5-8c0c19288ed3 ==> False),(Value: 0 is BETWEEN 0 and 2147483647 (incl. minValue = False; maxValue = True ==> False)' for Flight: Glider-Flight: HB-3407, Pilot: Bonzli Lenni, Flight-Date: 05/25/2026, Starttime: 10:00, LdgTime: 10:30, Flightcode: 60, Nr of Ldgs: 1/0, Flight-Air-State: 20, Flight-Process-State: 40
2026-05-25 05:42:32.8017 FLS.Server.Service.Accounting.Rules.BaseAccountingRule NOT applied rule AircraftFlightTimeRule, Nr of Conditions=3, RuleApplied=False, StopRuleEngineWhenRuleApplied=False, Rule-Filter: HB-DCU of type: FLS.Server.Service.Accounting.Rules.ItemRules.AircraftFlightTimeRule has conditions: '(1 EQUALS 1 ==> True),(collection: 'ef1f7524-cea2-457e-a3d9-287872078ce9' CONTAINS key: 34896816-6341-43b1-ad93-16a600866ae6 ==> False),(Value: 0 is BETWEEN 0 and 2147483647 (incl. minValue = False; maxValue = True ==> False)' for Flight: Glider-Flight: HB-3407, Pilot: Bonzli Lenni, Flight-Date: 05/25/2026, Starttime: 10:00, LdgTime: 10:30, Flightcode: 60, Nr of Ldgs: 1/0, Flight-Air-State: 20, Flight-Process-State: 40
2026-05-25 05:42:32.8259 FLS.Server.Service.Accounting.Rules.BaseAccountingRule NOT applied rule AircraftFlightTimeRule, Nr of Conditions=5, RuleApplied=False, StopRuleEngineWhenRuleApplied=False, Rule-Filter: HB-3256 Weiterbildung mit Pauschale of type: FLS.Server.Service.Accounting.Rules.ItemRules.AircraftFlightTimeRule has conditions: '(1 EQUALS 1 ==> True),(collection: '4aa36c51-802a-4d94-a227-7a5286b3964c' CONTAINS key: 34896816-6341-43b1-ad93-16a600866ae6 ==> False),(null OR (collection: '77,88,78' CONTAINS key: 60 ==> False) ==> False),(INVERTS condition: ('363289,897764,155264,463161,622976,686001' INTERSECTS ANY 205207 ==> False) ==> True),(Value: 0 is BETWEEN 0 and 2147483647 (incl. minValue = False; maxValue = True ==> False)' for Flight: Glider-Flight: HB-3407, Pilot: Bonzli Lenni, Flight-Date: 05/25/2026, Starttime: 10:00, LdgTime: 10:30, Flightcode: 60, Nr of Ldgs: 1/0, Flight-Air-State: 20, Flight-Process-State: 40
2026-05-25 05:42:32.8546 FLS.Server.Service.Accounting.Rules.BaseAccountingRule NOT applied rule AircraftFlightTimeRule, Nr of Conditions=4, RuleApplied=False, StopRuleEngineWhenRuleApplied=False, Rule-Filter: HB-1824 Schulung of type: FLS.Server.Service.Accounting.Rules.ItemRules.AircraftFlightTimeRule has conditions: '(1 EQUALS 1 ==> True),(collection: 'ea148d3d-b9e1-493c-b115-a99b60bcadb1' CONTAINS key: 34896816-6341-43b1-ad93-16a600866ae6 ==> False),(null OR (collection: '70,80,66,68,69' CONTAINS key: 60 ==> False) ==> False),(Value: 0 is BETWEEN 0 and 2147483647 (incl. minValue = False; maxValue = True ==> False)' for Flight: Glider-Flight: HB-3407, Pilot: Bonzli Lenni, Flight-Date: 05/25/2026, Starttime: 10:00, LdgTime: 10:30, Flightcode: 60, Nr of Ldgs: 1/0, Flight-Air-State: 20, Flight-Process-State: 40
2026-05-25 05:42:32.8800 FLS.Server.Service.Accounting.Rules.BaseAccountingRule NOT applied rule AircraftFlightTimeRule, Nr of Conditions=3, RuleApplied=False, StopRuleEngineWhenRuleApplied=False, Rule-Filter: HB-EQC of type: FLS.Server.Service.Accounting.Rules.ItemRules.AircraftFlightTimeRule has conditions: '(1 EQUALS 1 ==> True),(collection: '7f741756-c8c9-4a7b-a70d-2a5c49d5487d' CONTAINS key: 34896816-6341-43b1-ad93-16a600866ae6 ==> False),(Value: 0 is BETWEEN 0 and 2147483647 (incl. minValue = False; maxValue = True ==> False)' for Flight: Glider-Flight: HB-3407, Pilot: Bonzli Lenni, Flight-Date: 05/25/2026, Starttime: 10:00, LdgTime: 10:30, Flightcode: 60, Nr of Ldgs: 1/0, Flight-Air-State: 20, Flight-Process-State: 40
2026-05-25 05:42:32.8963 FLS.Server.Service.Accounting.Rules.BaseAccountingRule NOT applied rule AircraftFlightTimeRule, Nr of Conditions=5, RuleApplied=False, StopRuleEngineWhenRuleApplied=False, Rule-Filter: HB-KCB Schulung ab 11.min of type: FLS.Server.Service.Accounting.Rules.ItemRules.AircraftFlightTimeRule has conditions: '(1 EQUALS 1 ==> True),(collection: '33fa9ce5-2079-4bc4-831c-3f8a63fe6b1e' CONTAINS key: 34896816-6341-43b1-ad93-16a600866ae6 ==> False),(null OR (collection: '70,80,66,68,69,77,88,78' CONTAINS key: 60 ==> False) ==> False),(collection: '5bfd35f5-1183-4f7a-84b5-8c0c19288ed3' CONTAINS key: 5bfd35f5-1183-4f7a-84b5-8c0c19288ed3 ==> True),(Value: 0 is BETWEEN 600 and 2147483647 (incl. minValue = False; maxValue = True ==> False)' for Flight: Glider-Flight: HB-3407, Pilot: Bonzli Lenni, Flight-Date: 05/25/2026, Starttime: 10:00, LdgTime: 10:30, Flightcode: 60, Nr of Ldgs: 1/0, Flight-Air-State: 20, Flight-Process-State: 40
2026-05-25 05:42:32.9137 FLS.Server.Service.Accounting.Rules.BaseAccountingRule NOT applied rule AircraftFlightTimeRule, Nr of Conditions=4, RuleApplied=False, StopRuleEngineWhenRuleApplied=False, Rule-Filter: HB-2464 Privat of type: FLS.Server.Service.Accounting.Rules.ItemRules.AircraftFlightTimeRule has conditions: '(1 EQUALS 1 ==> True),(collection: '7f2bfbdc-04f3-46b5-9ad0-5a687d040741' CONTAINS key: 34896816-6341-43b1-ad93-16a600866ae6 ==> False),(INVERTS condition: (null OR (collection: '70,80,66,68,69,77,88,78' CONTAINS key: 60 ==> False) ==> False) ==> True),(Value: 0 is BETWEEN 0 and 2147483647 (incl. minValue = False; maxValue = True ==> False)' for Flight: Glider-Flight: HB-3407, Pilot: Bonzli Lenni, Flight-Date: 05/25/2026, Starttime: 10:00, LdgTime: 10:30, Flightcode: 60, Nr of Ldgs: 1/0, Flight-Air-State: 20, Flight-Process-State: 40
2026-05-25 05:42:32.9274 FLS.Server.Service.Accounting.Rules.BaseAccountingRule NOT applied rule AircraftFlightTimeRule, Nr of Conditions=3, RuleApplied=False, StopRuleEngineWhenRuleApplied=False, Rule-Filter: HB-PFW of type: FLS.Server.Service.Accounting.Rules.ItemRules.AircraftFlightTimeRule has conditions: '(1 EQUALS 1 ==> True),(collection: 'bde6d662-d4c0-4117-874c-5373d9cd5d9d' CONTAINS key: 34896816-6341-43b1-ad93-16a600866ae6 ==> False),(Value: 0 is BETWEEN 0 and 2147483647 (incl. minValue = False; maxValue = True ==> False)' for Flight: Glider-Flight: HB-3407, Pilot: Bonzli Lenni, Flight-Date: 05/25/2026, Starttime: 10:00, LdgTime: 10:30, Flightcode: 60, Nr of Ldgs: 1/0, Flight-Air-State: 20, Flight-Process-State: 40
2026-05-25 05:42:32.9500 FLS.Server.Service.Accounting.Rules.BaseAccountingRule NOT applied rule AircraftFlightTimeRule, Nr of Conditions=5, RuleApplied=False, StopRuleEngineWhenRuleApplied=False, Rule-Filter: HB-3407 Weiterbildung mit Pauschale of type: FLS.Server.Service.Accounting.Rules.ItemRules.AircraftFlightTimeRule has conditions: '(1 EQUALS 1 ==> True),(collection: '34896816-6341-43b1-ad93-16a600866ae6' CONTAINS key: 34896816-6341-43b1-ad93-16a600866ae6 ==> True),(null OR (collection: '77,88,78' CONTAINS key: 60 ==> False) ==> False),(INVERTS condition: ('363289,897764,155264,463161,622976,686001' INTERSECTS ANY 205207 ==> False) ==> True),(Value: 0 is BETWEEN 0 and 2147483647 (incl. minValue = False; maxValue = True ==> False)' for Flight: Glider-Flight: HB-3407, Pilot: Bonzli Lenni, Flight-Date: 05/25/2026, Starttime: 10:00, LdgTime: 10:30, Flightcode: 60, Nr of Ldgs: 1/0, Flight-Air-State: 20, Flight-Process-State: 40
2026-05-25 05:42:32.9632 FLS.Server.Service.Accounting.Rules.BaseAccountingRule NOT applied rule AircraftFlightTimeRule, Nr of Conditions=5, RuleApplied=False, StopRuleEngineWhenRuleApplied=False, Rule-Filter: HB-3407 Weiterbildung ohne Pauschale of type: FLS.Server.Service.Accounting.Rules.ItemRules.AircraftFlightTimeRule has conditions: '(1 EQUALS 1 ==> True),(collection: '34896816-6341-43b1-ad93-16a600866ae6' CONTAINS key: 34896816-6341-43b1-ad93-16a600866ae6 ==> True),(null OR (collection: '77,88,78' CONTAINS key: 60 ==> False) ==> False),('363289,897764,155264,463161,622976,686001' INTERSECTS ANY 205207 ==> False),(Value: 0 is BETWEEN 0 and 2147483647 (incl. minValue = False; maxValue = True ==> False)' for Flight: Glider-Flight: HB-3407, Pilot: Bonzli Lenni, Flight-Date: 05/25/2026, Starttime: 10:00, LdgTime: 10:30, Flightcode: 60, Nr of Ldgs: 1/0, Flight-Air-State: 20, Flight-Process-State: 40
2026-05-25 05:42:32.9805 FLS.Server.Service.Accounting.Rules.BaseAccountingRule NOT applied rule AircraftFlightTimeRule, Nr of Conditions=3, RuleApplied=False, StopRuleEngineWhenRuleApplied=False, Rule-Filter: HB-PDL of type: FLS.Server.Service.Accounting.Rules.ItemRules.AircraftFlightTimeRule has conditions: '(1 EQUALS 1 ==> True),(collection: '9da0a173-4385-4394-a946-096e9a22d596' CONTAINS key: 34896816-6341-43b1-ad93-16a600866ae6 ==> False),(Value: 0 is BETWEEN 0 and 2147483647 (incl. minValue = False; maxValue = True ==> False)' for Flight: Glider-Flight: HB-3407, Pilot: Bonzli Lenni, Flight-Date: 05/25/2026, Starttime: 10:00, LdgTime: 10:30, Flightcode: 60, Nr of Ldgs: 1/0, Flight-Air-State: 20, Flight-Process-State: 40
2026-05-25 05:42:32.9947 FLS.Server.Service.Accounting.Rules.BaseAccountingRule NOT applied rule AircraftFlightTimeRule, Nr of Conditions=5, RuleApplied=False, StopRuleEngineWhenRuleApplied=False, Rule-Filter: HB-2464 Weiterbildung ohne Pauschale of type: FLS.Server.Service.Accounting.Rules.ItemRules.AircraftFlightTimeRule has conditions: '(1 EQUALS 1 ==> True),(collection: '7f2bfbdc-04f3-46b5-9ad0-5a687d040741' CONTAINS key: 34896816-6341-43b1-ad93-16a600866ae6 ==> False),(null OR (collection: '77,88,78' CONTAINS key: 60 ==> False) ==> False),('363289,897764,155264,463161,622976,686001' INTERSECTS ANY 205207 ==> False),(Value: 0 is BETWEEN 0 and 2147483647 (incl. minValue = False; maxValue = True ==> False)' for Flight: Glider-Flight: HB-3407, Pilot: Bonzli Lenni, Flight-Date: 05/25/2026, Starttime: 10:00, LdgTime: 10:30, Flightcode: 60, Nr of Ldgs: 1/0, Flight-Air-State: 20, Flight-Process-State: 40
2026-05-25 05:42:33.0195 FLS.Server.Service.Accounting.Rules.BaseAccountingRule NOT applied rule AircraftFlightTimeRule, Nr of Conditions=4, RuleApplied=False, StopRuleEngineWhenRuleApplied=False, Rule-Filter: HB-1841 Schulung of type: FLS.Server.Service.Accounting.Rules.ItemRules.AircraftFlightTimeRule has conditions: '(1 EQUALS 1 ==> True),(collection: '1850f1f0-96f3-42a8-acf5-8b358dfe5103' CONTAINS key: 34896816-6341-43b1-ad93-16a600866ae6 ==> False),(null OR (collection: '70,80,66,68,69' CONTAINS key: 60 ==> False) ==> False),(Value: 0 is BETWEEN 0 and 2147483647 (incl. minValue = False; maxValue = True ==> False)' for Flight: Glider-Flight: HB-3407, Pilot: Bonzli Lenni, Flight-Date: 05/25/2026, Starttime: 10:00, LdgTime: 10:30, Flightcode: 60, Nr of Ldgs: 1/0, Flight-Air-State: 20, Flight-Process-State: 40
2026-05-25 05:42:33.0438 FLS.Server.Service.Accounting.Rules.BaseAccountingRule NOT applied rule AircraftFlightTimeRule, Nr of Conditions=4, RuleApplied=False, StopRuleEngineWhenRuleApplied=False, Rule-Filter: HB-3407 Privat of type: FLS.Server.Service.Accounting.Rules.ItemRules.AircraftFlightTimeRule has conditions: '(1 EQUALS 1 ==> True),(collection: '34896816-6341-43b1-ad93-16a600866ae6' CONTAINS key: 34896816-6341-43b1-ad93-16a600866ae6 ==> True),(INVERTS condition: (null OR (collection: '70,80,66,68,69,77,88,78' CONTAINS key: 60 ==> False) ==> False) ==> True),(Value: 0 is BETWEEN 0 and 2147483647 (incl. minValue = False; maxValue = True ==> False)' for Flight: Glider-Flight: HB-3407, Pilot: Bonzli Lenni, Flight-Date: 05/25/2026, Starttime: 10:00, LdgTime: 10:30, Flightcode: 60, Nr of Ldgs: 1/0, Flight-Air-State: 20, Flight-Process-State: 40
2026-05-25 05:42:33.0527 FLS.Server.Service.Accounting.Rules.BaseAccountingRule NOT applied rule AircraftFlightTimeRule, Nr of Conditions=4, RuleApplied=False, StopRuleEngineWhenRuleApplied=False, Rule-Filter: HB-2464 Schulung of type: FLS.Server.Service.Accounting.Rules.ItemRules.AircraftFlightTimeRule has conditions: '(1 EQUALS 1 ==> True),(collection: '7f2bfbdc-04f3-46b5-9ad0-5a687d040741' CONTAINS key: 34896816-6341-43b1-ad93-16a600866ae6 ==> False),(null OR (collection: '70,80,66,68,69' CONTAINS key: 60 ==> False) ==> False),(Value: 0 is BETWEEN 0 and 2147483647 (incl. minValue = False; maxValue = True ==> False)' for Flight: Glider-Flight: HB-3407, Pilot: Bonzli Lenni, Flight-Date: 05/25/2026, Starttime: 10:00, LdgTime: 10:30, Flightcode: 60, Nr of Ldgs: 1/0, Flight-Air-State: 20, Flight-Process-State: 40
2026-05-25 05:42:33.0616 FLS.Server.Service.Accounting.Rules.BaseAccountingRule NOT applied rule AircraftFlightTimeRule, Nr of Conditions=3, RuleApplied=False, StopRuleEngineWhenRuleApplied=False, Rule-Filter: HB-WAT of type: FLS.Server.Service.Accounting.Rules.ItemRules.AircraftFlightTimeRule has conditions: '(1 EQUALS 1 ==> True),(collection: 'a2ee31ae-3329-486b-92a0-c90eee34b543' CONTAINS key: 34896816-6341-43b1-ad93-16a600866ae6 ==> False),(Value: 0 is BETWEEN 0 and 2147483647 (incl. minValue = False; maxValue = True ==> False)' for Flight: Glider-Flight: HB-3407, Pilot: Bonzli Lenni, Flight-Date: 05/25/2026, Starttime: 10:00, LdgTime: 10:30, Flightcode: 60, Nr of Ldgs: 1/0, Flight-Air-State: 20, Flight-Process-State: 40
2026-05-25 05:42:33.0743 FLS.Server.Service.Accounting.Rules.BaseAccountingRule NOT applied rule AircraftFlightTimeRule, Nr of Conditions=4, RuleApplied=False, StopRuleEngineWhenRuleApplied=False, Rule-Filter: HB-1824 Privat of type: FLS.Server.Service.Accounting.Rules.ItemRules.AircraftFlightTimeRule has conditions: '(1 EQUALS 1 ==> True),(collection: 'ea148d3d-b9e1-493c-b115-a99b60bcadb1' CONTAINS key: 34896816-6341-43b1-ad93-16a600866ae6 ==> False),(INVERTS condition: (null OR (collection: '70,80,66,68,69,77,88,78' CONTAINS key: 60 ==> False) ==> False) ==> True),(Value: 0 is BETWEEN 0 and 2147483647 (incl. minValue = False; maxValue = True ==> False)' for Flight: Glider-Flight: HB-3407, Pilot: Bonzli Lenni, Flight-Date: 05/25/2026, Starttime: 10:00, LdgTime: 10:30, Flightcode: 60, Nr of Ldgs: 1/0, Flight-Air-State: 20, Flight-Process-State: 40
2026-05-25 05:42:33.1007 FLS.Server.Service.Accounting.Rules.BaseAccountingRule NOT applied rule AircraftFlightTimeRule, Nr of Conditions=3, RuleApplied=False, StopRuleEngineWhenRuleApplied=False, Rule-Filter: HB-DGP of type: FLS.Server.Service.Accounting.Rules.ItemRules.AircraftFlightTimeRule has conditions: '(1 EQUALS 1 ==> True),(collection: '7539c0b0-36ff-428a-9f5b-eba902117bb1' CONTAINS key: 34896816-6341-43b1-ad93-16a600866ae6 ==> False),(Value: 0 is BETWEEN 0 and 2147483647 (incl. minValue = False; maxValue = True ==> False)' for Flight: Glider-Flight: HB-3407, Pilot: Bonzli Lenni, Flight-Date: 05/25/2026, Starttime: 10:00, LdgTime: 10:30, Flightcode: 60, Nr of Ldgs: 1/0, Flight-Air-State: 20, Flight-Process-State: 40
2026-05-25 05:42:33.1241 FLS.Server.Service.Accounting.Rules.BaseAccountingRule NOT applied rule AircraftFlightTimeRule, Nr of Conditions=4, RuleApplied=False, StopRuleEngineWhenRuleApplied=False, Rule-Filter: HB-3256 Schulung of type: FLS.Server.Service.Accounting.Rules.ItemRules.AircraftFlightTimeRule has conditions: '(1 EQUALS 1 ==> True),(collection: '4aa36c51-802a-4d94-a227-7a5286b3964c' CONTAINS key: 34896816-6341-43b1-ad93-16a600866ae6 ==> False),(null OR (collection: '70,80,66,68,69' CONTAINS key: 60 ==> False) ==> False),(Value: 0 is BETWEEN 0 and 2147483647 (incl. minValue = False; maxValue = True ==> False)' for Flight: Glider-Flight: HB-3407, Pilot: Bonzli Lenni, Flight-Date: 05/25/2026, Starttime: 10:00, LdgTime: 10:30, Flightcode: 60, Nr of Ldgs: 1/0, Flight-Air-State: 20, Flight-Process-State: 40
2026-05-25 05:42:33.1374 FLS.Server.Service.Accounting.Rules.BaseAccountingRule NOT applied rule AircraftFlightTimeRule, Nr of Conditions=3, RuleApplied=False, StopRuleEngineWhenRuleApplied=False, Rule-Filter: HB-KDO of type: FLS.Server.Service.Accounting.Rules.ItemRules.AircraftFlightTimeRule has conditions: '(1 EQUALS 1 ==> True),(collection: '8ffa0de8-1f0e-41d0-bb6e-6d8ac551397b' CONTAINS key: 34896816-6341-43b1-ad93-16a600866ae6 ==> False),(Value: 0 is BETWEEN 0 and 2147483647 (incl. minValue = False; maxValue = True ==> False)' for Flight: Glider-Flight: HB-3407, Pilot: Bonzli Lenni, Flight-Date: 05/25/2026, Starttime: 10:00, LdgTime: 10:30, Flightcode: 60, Nr of Ldgs: 1/0, Flight-Air-State: 20, Flight-Process-State: 40
2026-05-25 05:42:33.1552 FLS.Server.Service.Accounting.Rules.BaseAccountingRule NOT applied rule AircraftFlightTimeRule, Nr of Conditions=4, RuleApplied=False, StopRuleEngineWhenRuleApplied=False, Rule-Filter: HB-3256 Privat of type: FLS.Server.Service.Accounting.Rules.ItemRules.AircraftFlightTimeRule has conditions: '(1 EQUALS 1 ==> True),(collection: '4aa36c51-802a-4d94-a227-7a5286b3964c' CONTAINS key: 34896816-6341-43b1-ad93-16a600866ae6 ==> False),(INVERTS condition: (null OR (collection: '70,80,66,68,69,77,88,78' CONTAINS key: 60 ==> False) ==> False) ==> True),(Value: 0 is BETWEEN 0 and 2147483647 (incl. minValue = False; maxValue = True ==> False)' for Flight: Glider-Flight: HB-3407, Pilot: Bonzli Lenni, Flight-Date: 05/25/2026, Starttime: 10:00, LdgTime: 10:30, Flightcode: 60, Nr of Ldgs: 1/0, Flight-Air-State: 20, Flight-Process-State: 40
2026-05-25 05:42:33.1676 FLS.Server.Service.Accounting.Rules.BaseAccountingRule NOT applied rule AircraftFlightTimeRule, Nr of Conditions=3, RuleApplied=False, StopRuleEngineWhenRuleApplied=False, Rule-Filter: HB-KIO of type: FLS.Server.Service.Accounting.Rules.ItemRules.AircraftFlightTimeRule has conditions: '(1 EQUALS 1 ==> True),(collection: '5a14a9f7-d192-4777-9f59-175c47a2b46d' CONTAINS key: 34896816-6341-43b1-ad93-16a600866ae6 ==> False),(Value: 0 is BETWEEN 0 and 2147483647 (incl. minValue = False; maxValue = True ==> False)' for Flight: Glider-Flight: HB-3407, Pilot: Bonzli Lenni, Flight-Date: 05/25/2026, Starttime: 10:00, LdgTime: 10:30, Flightcode: 60, Nr of Ldgs: 1/0, Flight-Air-State: 20, Flight-Process-State: 40
2026-05-25 05:42:33.1792 FLS.Server.Service.Accounting.Rules.BaseAccountingRule NOT applied rule InstructorFeeRule, Nr of Conditions=2, RuleApplied=False, StopRuleEngineWhenRuleApplied=False, Rule-Filter: Instruktor-Honorar Thomas of type: FLS.Server.Service.Accounting.Rules.ItemRules.InstructorFeeRule has conditions: '(1 EQUALS 1 ==> True),('888888' INTERSECTS ANY  ==> False)' for Flight: Glider-Flight: HB-3407, Pilot: Bonzli Lenni, Flight-Date: 05/25/2026, Starttime: 10:00, LdgTime: 10:30, Flightcode: 60, Nr of Ldgs: 1/0, Flight-Air-State: 20, Flight-Process-State: 40
2026-05-25 05:42:33.2084 FLS.Server.Service.Accounting.Rules.BaseAccountingRule NOT applied rule InstructorFeeRule, Nr of Conditions=2, RuleApplied=False, StopRuleEngineWhenRuleApplied=False, Rule-Filter: Instruktor-Honorar Silvan of type: FLS.Server.Service.Accounting.Rules.ItemRules.InstructorFeeRule has conditions: '(1 EQUALS 1 ==> True),('999999' INTERSECTS ANY  ==> False)' for Flight: Glider-Flight: HB-3407, Pilot: Bonzli Lenni, Flight-Date: 05/25/2026, Starttime: 10:00, LdgTime: 10:30, Flightcode: 60, Nr of Ldgs: 1/0, Flight-Air-State: 20, Flight-Process-State: 40
2026-05-25 05:42:33.2224 FLS.Server.Service.Accounting.Rules.BaseAccountingRule NOT applied rule InstructorFeeRule, Nr of Conditions=2, RuleApplied=False, StopRuleEngineWhenRuleApplied=False, Rule-Filter: Instruktor-Honorar Päde of type: FLS.Server.Service.Accounting.Rules.ItemRules.InstructorFeeRule has conditions: '(1 EQUALS 1 ==> True),('836001' INTERSECTS ANY  ==> False)' for Flight: Glider-Flight: HB-3407, Pilot: Bonzli Lenni, Flight-Date: 05/25/2026, Starttime: 10:00, LdgTime: 10:30, Flightcode: 60, Nr of Ldgs: 1/0, Flight-Air-State: 20, Flight-Process-State: 40
2026-05-25 05:42:33.2344 FLS.Server.Service.Accounting.Rules.BaseAccountingRule NOT applied rule InstructorFeeRule, Nr of Conditions=2, RuleApplied=False, StopRuleEngineWhenRuleApplied=False, Rule-Filter: Instruktor-Honorar Karl of type: FLS.Server.Service.Accounting.Rules.ItemRules.InstructorFeeRule has conditions: '(1 EQUALS 1 ==> True),('424976' INTERSECTS ANY  ==> False)' for Flight: Glider-Flight: HB-3407, Pilot: Bonzli Lenni, Flight-Date: 05/25/2026, Starttime: 10:00, LdgTime: 10:30, Flightcode: 60, Nr of Ldgs: 1/0, Flight-Air-State: 20, Flight-Process-State: 40
2026-05-25 05:42:33.2456 FLS.Server.Service.Accounting.Rules.BaseAccountingRule NOT applied rule InstructorFeeRule, Nr of Conditions=2, RuleApplied=False, StopRuleEngineWhenRuleApplied=False, Rule-Filter: Instruktor-Honorar HUK of type: FLS.Server.Service.Accounting.Rules.ItemRules.InstructorFeeRule has conditions: '(1 EQUALS 1 ==> True),('536594' INTERSECTS ANY  ==> False)' for Flight: Glider-Flight: HB-3407, Pilot: Bonzli Lenni, Flight-Date: 05/25/2026, Starttime: 10:00, LdgTime: 10:30, Flightcode: 60, Nr of Ldgs: 1/0, Flight-Air-State: 20, Flight-Process-State: 40
2026-05-25 05:42:33.2540 FLS.Server.Service.Accounting.Rules.BaseAccountingRule NOT applied rule AdditionalFuelFeeRule, Nr of Conditions=3, RuleApplied=False, StopRuleEngineWhenRuleApplied=False, Rule-Filter: HB-KCB Treibstoffzuschlag of type: FLS.Server.Service.Accounting.Rules.ItemRules.AdditionalFuelFeeRule has conditions: '(1 EQUALS 1 ==> True),(collection: '33fa9ce5-2079-4bc4-831c-3f8a63fe6b1e' CONTAINS key: 34896816-6341-43b1-ad93-16a600866ae6 ==> False),(collection: '5bfd35f5-1183-4f7a-84b5-8c0c19288ed3' CONTAINS key: 5bfd35f5-1183-4f7a-84b5-8c0c19288ed3 ==> True)' for Flight: Glider-Flight: HB-3407, Pilot: Bonzli Lenni, Flight-Date: 05/25/2026, Starttime: 10:00, LdgTime: 10:30, Flightcode: 60, Nr of Ldgs: 1/0, Flight-Air-State: 20, Flight-Process-State: 40
2026-05-25 05:42:33.2610 FLS.Server.Service.Accounting.Rules.BaseAccountingRule Added new delivery item line to delivery. Line: Pos: 2 Product: 6001 Text: Landegebuehr LSZK Qty: 1 of type: Landung Discount: 0% Add. Info: 
2026-05-25 05:42:33.2680 FLS.Server.Service.Accounting.Rules.BaseAccountingRule Applied rule LandingTaxRule, Nr of Conditions=3, RuleApplied=True, StopRuleEngineWhenRuleApplied=False, Rule-Filter: LandingTax: LSZK of type: FLS.Server.Service.Accounting.Rules.ItemRules.LandingTaxRule has conditions: '(1 EQUALS 1 ==> True),(collection: '5bfd35f5-1183-4f7a-84b5-8c0c19288ed3' CONTAINS key: 5bfd35f5-1183-4f7a-84b5-8c0c19288ed3 ==> True),(Value: 1800 is BETWEEN 0 and 2147483647 (incl. minValue = False; maxValue = True ==> True)' for Flight: Glider-Flight: HB-3407, Pilot: Bonzli Lenni, Flight-Date: 05/25/2026, Starttime: 10:00, LdgTime: 10:30, Flightcode: 60, Nr of Ldgs: 1/0, Flight-Air-State: 20, Flight-Process-State: 40
2026-05-25 05:42:33.2754 FLS.Server.Service.Accounting.Rules.BaseAccountingRule NOT applied rule LandingTaxRule, Nr of Conditions=3, RuleApplied=False, StopRuleEngineWhenRuleApplied=False, Rule-Filter: Landetaxen Saanen of type: FLS.Server.Service.Accounting.Rules.ItemRules.LandingTaxRule has conditions: '(0 EQUALS 1 ==> False),(collection: '97eaa8e5-bb61-4cf9-9565-f6771ae4d19f' CONTAINS key: 5bfd35f5-1183-4f7a-84b5-8c0c19288ed3 ==> False),(Value: 1800 is BETWEEN 0 and 2147483647 (incl. minValue = False; maxValue = True ==> True)' for Flight: Glider-Flight: HB-3407, Pilot: Bonzli Lenni, Flight-Date: 05/25/2026, Starttime: 10:00, LdgTime: 10:30, Flightcode: 60, Nr of Ldgs: 1/0, Flight-Air-State: 20, Flight-Process-State: 40
2026-05-25 05:42:33.2826 FLS.Server.Service.Accounting.Rules.BaseAccountingRule NOT applied rule LandingTaxRule, Nr of Conditions=3, RuleApplied=False, StopRuleEngineWhenRuleApplied=False, Rule-Filter: Landetaxen Montricher of type: FLS.Server.Service.Accounting.Rules.ItemRules.LandingTaxRule has conditions: '(0 EQUALS 1 ==> False),(collection: 'a75e2185-1fb5-4418-a9d0-c320b877f2bd' CONTAINS key: 5bfd35f5-1183-4f7a-84b5-8c0c19288ed3 ==> False),(Value: 1800 is BETWEEN 0 and 2147483647 (incl. minValue = False; maxValue = True ==> True)' for Flight: Glider-Flight: HB-3407, Pilot: Bonzli Lenni, Flight-Date: 05/25/2026, Starttime: 10:00, LdgTime: 10:30, Flightcode: 60, Nr of Ldgs: 1/0, Flight-Air-State: 20, Flight-Process-State: 40
2026-05-25 05:42:33.2897 FLS.Server.Service.Accounting.Rules.BaseAccountingRule NOT applied rule LandingTaxRule, Nr of Conditions=4, RuleApplied=False, StopRuleEngineWhenRuleApplied=False, Rule-Filter: Landetaxen Speck of type: FLS.Server.Service.Accounting.Rules.ItemRules.LandingTaxRule has conditions: '(0 EQUALS 1 ==> False),(INVERTS condition: (null OR (collection: '70,80,66,68,69,77,88,78' CONTAINS key: 60 ==> False) ==> False) ==> True),(collection: '5bfd35f5-1183-4f7a-84b5-8c0c19288ed3' CONTAINS key: 5bfd35f5-1183-4f7a-84b5-8c0c19288ed3 ==> True),(Value: 1800 is BETWEEN 0 and 2147483647 (incl. minValue = False; maxValue = True ==> True)' for Flight: Glider-Flight: HB-3407, Pilot: Bonzli Lenni, Flight-Date: 05/25/2026, Starttime: 10:00, LdgTime: 10:30, Flightcode: 60, Nr of Ldgs: 1/0, Flight-Air-State: 20, Flight-Process-State: 40
2026-05-25 05:42:33.3037 FLS.Server.Service.Accounting.Rules.BaseAccountingRule NOT applied rule LandingTaxOnStartLocationRule, Nr of Conditions=3, RuleApplied=False, StopRuleEngineWhenRuleApplied=False, Rule-Filter: LandingTax: LSZK of type: FLS.Server.Service.Accounting.Rules.ItemRules.LandingTaxOnStartLocationRule has conditions: '(1 EQUALS 1 ==> True),(False EQUALS True ==> False),(Value: 1800 is BETWEEN 0 and 2147483647 (incl. minValue = False; maxValue = True ==> True)' for Flight: Glider-Flight: HB-3407, Pilot: Bonzli Lenni, Flight-Date: 05/25/2026, Starttime: 10:00, LdgTime: 10:30, Flightcode: 60, Nr of Ldgs: 1/0, Flight-Air-State: 20, Flight-Process-State: 40
2026-05-25 05:42:33.3118 FLS.Server.Service.Accounting.Rules.BaseAccountingRule NOT applied rule LandingTaxOnStartLocationRule, Nr of Conditions=3, RuleApplied=False, StopRuleEngineWhenRuleApplied=False, Rule-Filter: Landetaxen Saanen of type: FLS.Server.Service.Accounting.Rules.ItemRules.LandingTaxOnStartLocationRule has conditions: '(0 EQUALS 1 ==> False),(False EQUALS True ==> False),(Value: 1800 is BETWEEN 0 and 2147483647 (incl. minValue = False; maxValue = True ==> True)' for Flight: Glider-Flight: HB-3407, Pilot: Bonzli Lenni, Flight-Date: 05/25/2026, Starttime: 10:00, LdgTime: 10:30, Flightcode: 60, Nr of Ldgs: 1/0, Flight-Air-State: 20, Flight-Process-State: 40
2026-05-25 05:42:33.3199 FLS.Server.Service.Accounting.Rules.BaseAccountingRule NOT applied rule LandingTaxOnStartLocationRule, Nr of Conditions=3, RuleApplied=False, StopRuleEngineWhenRuleApplied=False, Rule-Filter: Landetaxen Montricher of type: FLS.Server.Service.Accounting.Rules.ItemRules.LandingTaxOnStartLocationRule has conditions: '(0 EQUALS 1 ==> False),(False EQUALS True ==> False),(Value: 1800 is BETWEEN 0 and 2147483647 (incl. minValue = False; maxValue = True ==> True)' for Flight: Glider-Flight: HB-3407, Pilot: Bonzli Lenni, Flight-Date: 05/25/2026, Starttime: 10:00, LdgTime: 10:30, Flightcode: 60, Nr of Ldgs: 1/0, Flight-Air-State: 20, Flight-Process-State: 40
2026-05-25 05:42:33.3307 FLS.Server.Service.Accounting.Rules.BaseAccountingRule NOT applied rule LandingTaxOnStartLocationRule, Nr of Conditions=4, RuleApplied=False, StopRuleEngineWhenRuleApplied=False, Rule-Filter: Landetaxen Speck of type: FLS.Server.Service.Accounting.Rules.ItemRules.LandingTaxOnStartLocationRule has conditions: '(0 EQUALS 1 ==> False),(INVERTS condition: (null OR (collection: '70,80,66,68,69,77,88,78' CONTAINS key: 60 ==> False) ==> False) ==> True),(False EQUALS True ==> False),(Value: 1800 is BETWEEN 0 and 2147483647 (incl. minValue = False; maxValue = True ==> True)' for Flight: Glider-Flight: HB-3407, Pilot: Bonzli Lenni, Flight-Date: 05/25/2026, Starttime: 10:00, LdgTime: 10:30, Flightcode: 60, Nr of Ldgs: 1/0, Flight-Air-State: 20, Flight-Process-State: 40
2026-05-25 05:42:33.3426 FLS.Server.Service.Accounting.Rules.BaseAccountingRule Added new delivery item line to delivery. Line: Pos: 3 Product: 1003 Text: VSF-Gebühr Qty: 1 of type: Landung Discount: 0% Add. Info: 
2026-05-25 05:42:33.3515 FLS.Server.Service.Accounting.Rules.BaseAccountingRule Applied rule VsfFeeRule, Nr of Conditions=2, RuleApplied=True, StopRuleEngineWhenRuleApplied=False, Rule-Filter: VSF-Gebühr of type: FLS.Server.Service.Accounting.Rules.ItemRules.VsfFeeRule has conditions: '(1 EQUALS 1 ==> True),(collection: '5bfd35f5-1183-4f7a-84b5-8c0c19288ed3' CONTAINS key: 5bfd35f5-1183-4f7a-84b5-8c0c19288ed3 ==> True)' for Flight: Glider-Flight: HB-3407, Pilot: Bonzli Lenni, Flight-Date: 05/25/2026, Starttime: 10:00, LdgTime: 10:30, Flightcode: 60, Nr of Ldgs: 1/0, Flight-Air-State: 20, Flight-Process-State: 40
2026-05-25 05:42:33.3618 FLS.Server.Service.Accounting.Rules.BaseAccountingRule NOT applied rule VsfFeeOnStartLocationRule, Nr of Conditions=2, RuleApplied=False, StopRuleEngineWhenRuleApplied=False, Rule-Filter: VSF-Gebühr of type: FLS.Server.Service.Accounting.Rules.ItemRules.VsfFeeOnStartLocationRule has conditions: '(1 EQUALS 1 ==> True),(False EQUALS True ==> False)' for Flight: Glider-Flight: HB-3407, Pilot: Bonzli Lenni, Flight-Date: 05/25/2026, Starttime: 10:00, LdgTime: 10:30, Flightcode: 60, Nr of Ldgs: 1/0, Flight-Air-State: 20, Flight-Process-State: 40
2026-05-25 05:42:33.3680 FLS.Server.Service.BaseService Created accounting for : Flight-Date: 05/25/2026 Aircraft: HB-3407 Nr of Lines: 3
2026-05-25 05:42:33.3835 FLS.Server.Data.FLSDataEntities Insert Delivery with data: [Delivery -> DeliveryId: 2ffbea41-587a-4b9e-8761-6b19e6b08e06, ClubId: 0fa7b76f-47ba-4138-8f96-671400fd7c83, FlightId: f5e755f4-1e84-412a-8bcb-1adbabbc8b6d, RecipientPersonId: , RecipientName: , RecipientFirstname: , RecipientLastname: , RecipientAddressLine1: , RecipientAddressLine2: , RecipientZipCode: , RecipientCity: , RecipientCountryName: , RecipientPersonClubMemberNumber: , DeliveryInformation: Charter Clubflugzeug, AdditionalInformation: 0, DeliveryNumber: , DeliveredOn: , IsFurtherProcessed: False, BatchId: 1, CreatedOn: 05/25/2026 05:42:33, CreatedByUserId: 36073196-1ee3-4a97-a3fa-f5f60039f041, ModifiedOn: , ModifiedByUserId: , DeletedOn: , DeletedByUserId: , RecordState: 1, OwnerId: 0fa7b76f-47ba-4138-8f96-671400fd7c83, OwnershipType: 2, IsDeleted: False, Id: 2ffbea41-587a-4b9e-8761-6b19e6b08e06,  <- Delivery]

2026-05-25 05:42:33.3909 FLS.Server.Data.FLSDataEntities Insert DeliveryItem with data: [DeliveryItem -> DeliveryItemId: 4fdad596-a7cc-4406-8f1b-ea850882d81b, DeliveryId: 00000000-0000-0000-0000-000000000000, Position: 1, ArticleNumber: 5001, ItemText: HB-3407 Glider flight minutes, AdditionalInformation: , Quantity: 30, DiscountInPercent: 0, UnitType: Minuten, CreatedOn: 05/25/2026 05:42:33, CreatedByUserId: 36073196-1ee3-4a97-a3fa-f5f60039f041, ModifiedOn: , ModifiedByUserId: , DeletedOn: , DeletedByUserId: , RecordState: 1, OwnerId: 0fa7b76f-47ba-4138-8f96-671400fd7c83, OwnershipType: 2, IsDeleted: False, Id: 4fdad596-a7cc-4406-8f1b-ea850882d81b,  <- DeliveryItem]

2026-05-25 05:42:33.3975 FLS.Server.Data.FLSDataEntities Insert DeliveryItem with data: [DeliveryItem -> DeliveryItemId: 4c018043-2fc1-4ebf-988e-0683a15b4e25, DeliveryId: 00000000-0000-0000-0000-000000000000, Position: 2, ArticleNumber: 6001, ItemText: Landegebuehr LSZK, AdditionalInformation: , Quantity: 1, DiscountInPercent: 0, UnitType: Landung, CreatedOn: 05/25/2026 05:42:33, CreatedByUserId: 36073196-1ee3-4a97-a3fa-f5f60039f041, ModifiedOn: , ModifiedByUserId: , DeletedOn: , DeletedByUserId: , RecordState: 1, OwnerId: 0fa7b76f-47ba-4138-8f96-671400fd7c83, OwnershipType: 2, IsDeleted: False, Id: 4c018043-2fc1-4ebf-988e-0683a15b4e25,  <- DeliveryItem]

2026-05-25 05:42:33.4041 FLS.Server.Data.FLSDataEntities Insert DeliveryItem with data: [DeliveryItem -> DeliveryItemId: 66c044de-680a-48b4-b549-c3b826ce6a33, DeliveryId: 00000000-0000-0000-0000-000000000000, Position: 3, ArticleNumber: 1003, ItemText: VSF-Gebühr, AdditionalInformation: , Quantity: 1, DiscountInPercent: 0, UnitType: Landung, CreatedOn: 05/25/2026 05:42:33, CreatedByUserId: 36073196-1ee3-4a97-a3fa-f5f60039f041, ModifiedOn: , ModifiedByUserId: , DeletedOn: , DeletedByUserId: , RecordState: 1, OwnerId: 0fa7b76f-47ba-4138-8f96-671400fd7c83, OwnershipType: 2, IsDeleted: False, Id: 66c044de-680a-48b4-b549-c3b826ce6a33,  <- DeliveryItem]

2026-05-25 05:42:33.4125 FLS.Server.Data.FLSDataEntities Update Flight with data: Glider-Flight: HB-3407, Pilot: Bonzli Lenni, Flight-Date: 05/25/2026, Starttime: 10:00, LdgTime: 10:30, Flightcode: 60, Nr of Ldgs: 1/0, Flight-Air-State: 20, Flight-Process-State: 50
2026-05-25 05:42:33.5049 FLS.Server.Service.BaseService Start creating accounting for flight: Glider-Flight: HB-3407, Pilot: Bonzli Lenni, Flight-Date: 05/25/2026, Starttime: 10:00, LdgTime: 10:30, Flightcode: 60, Nr of Ldgs: 1/0, Flight-Air-State: 20, Flight-Process-State: 40 using 52 recipient rule filters and 52 accounting line rule filters.
2026-05-25 05:42:33.5191 FLS.Server.Service.Accounting.Rules.BaseAccountingRule Applied rule DeliveryRecipientRule, Nr of Conditions=1, RuleApplied=True, StopRuleEngineWhenRuleApplied=True, Rule-Filter: Recipient: Flight Pilot of type: FLS.Server.Service.Accounting.Rules.DeliveryRecipientRule has conditions: '(1 EQUALS 1 ==> True)' for Flight: Glider-Flight: HB-3407, Pilot: Bonzli Lenni, Flight-Date: 05/25/2026, Starttime: 10:00, LdgTime: 10:30, Flightcode: 60, Nr of Ldgs: 1/0, Flight-Air-State: 20, Flight-Process-State: 40
2026-05-25 05:42:33.5355 FLS.Server.Service.RulesEngine.BaseRule Applied rule FlightDeliveryInfoRule, Nr of Conditions=1, RuleApplied=True, StopRuleEngineWhenRuleApplied=False
2026-05-25 05:42:33.5488 FLS.Server.Service.RulesEngine.BaseRule Applied rule AdditionalInfoRule, Nr of Conditions=1, RuleApplied=True, StopRuleEngineWhenRuleApplied=False
2026-05-25 05:42:33.5561 FLS.Server.Service.Accounting.Rules.BaseAccountingRule NOT applied rule NoLandingTaxRule, Nr of Conditions=5, RuleApplied=False, StopRuleEngineWhenRuleApplied=False, Rule-Filter: Keine Landetaxen für Schulung ab Speck of type: FLS.Server.Service.Accounting.Rules.ItemRules.NoLandingTaxRule has conditions: '(1 EQUALS 1 ==> True),(collection: '' CONTAINS key: 3 ==> False),(null OR (collection: '70,80,66,68,69,77,88,78' CONTAINS key: 60 ==> False) ==> False),(collection: '5bfd35f5-1183-4f7a-84b5-8c0c19288ed3' CONTAINS key: 5bfd35f5-1183-4f7a-84b5-8c0c19288ed3 ==> True),(Value: 1800 is BETWEEN 0 and 2147483647 (incl. minValue = False; maxValue = True ==> True)' for Flight: Glider-Flight: HB-3407, Pilot: Bonzli Lenni, Flight-Date: 05/25/2026, Starttime: 10:00, LdgTime: 10:30, Flightcode: 60, Nr of Ldgs: 1/0, Flight-Air-State: 20, Flight-Process-State: 40
2026-05-25 05:42:33.6132 FLS.Server.Service.Accounting.Rules.BaseAccountingRule Added new delivery item line to Delivery. Line: Pos: 1 Product: 5001 Text: HB-3407 Glider flight minutes Qty: 30 of type: Minuten Discount: 0% Add. Info: 
2026-05-25 05:42:33.6258 FLS.Server.Service.Accounting.Rules.BaseAccountingRule Applied rule AircraftFlightTimeRule, Nr of Conditions=2, RuleApplied=True, StopRuleEngineWhenRuleApplied=False, Rule-Filter: FlightTime: Glider per minute of type: FLS.Server.Service.Accounting.Rules.ItemRules.AircraftFlightTimeRule has conditions: '(1 EQUALS 1 ==> True),(Value: 1800 is BETWEEN 0 and 2147483647 (incl. minValue = False; maxValue = True ==> True)' for Flight: Glider-Flight: HB-3407, Pilot: Bonzli Lenni, Flight-Date: 05/25/2026, Starttime: 10:00, LdgTime: 10:30, Flightcode: 60, Nr of Ldgs: 1/0, Flight-Air-State: 20, Flight-Process-State: 40
2026-05-25 05:42:33.6352 FLS.Server.Service.Accounting.Rules.BaseAccountingRule NOT applied rule AircraftFlightTimeRule, Nr of Conditions=4, RuleApplied=False, StopRuleEngineWhenRuleApplied=False, Rule-Filter: HB-1841 Privat of type: FLS.Server.Service.Accounting.Rules.ItemRules.AircraftFlightTimeRule has conditions: '(1 EQUALS 1 ==> True),(collection: '1850f1f0-96f3-42a8-acf5-8b358dfe5103' CONTAINS key: 34896816-6341-43b1-ad93-16a600866ae6 ==> False),(INVERTS condition: (null OR (collection: '70,80,66,68,69,77,88,78' CONTAINS key: 60 ==> False) ==> False) ==> True),(Value: 0 is BETWEEN 0 and 2147483647 (incl. minValue = False; maxValue = True ==> False)' for Flight: Glider-Flight: HB-3407, Pilot: Bonzli Lenni, Flight-Date: 05/25/2026, Starttime: 10:00, LdgTime: 10:30, Flightcode: 60, Nr of Ldgs: 1/0, Flight-Air-State: 20, Flight-Process-State: 40
2026-05-25 05:42:33.6469 FLS.Server.Service.Accounting.Rules.BaseAccountingRule NOT applied rule AircraftFlightTimeRule, Nr of Conditions=5, RuleApplied=False, StopRuleEngineWhenRuleApplied=False, Rule-Filter: HB-2464 Weiterbildung mit Pauschale of type: FLS.Server.Service.Accounting.Rules.ItemRules.AircraftFlightTimeRule has conditions: '(1 EQUALS 1 ==> True),(collection: '7f2bfbdc-04f3-46b5-9ad0-5a687d040741' CONTAINS key: 34896816-6341-43b1-ad93-16a600866ae6 ==> False),(null OR (collection: '77,88,78' CONTAINS key: 60 ==> False) ==> False),(INVERTS condition: ('363289,897764,155264,463161,622976,686001' INTERSECTS ANY 205207 ==> False) ==> True),(Value: 0 is BETWEEN 0 and 2147483647 (incl. minValue = False; maxValue = True ==> False)' for Flight: Glider-Flight: HB-3407, Pilot: Bonzli Lenni, Flight-Date: 05/25/2026, Starttime: 10:00, LdgTime: 10:30, Flightcode: 60, Nr of Ldgs: 1/0, Flight-Air-State: 20, Flight-Process-State: 40
2026-05-25 05:42:33.6647 FLS.Server.Service.Accounting.Rules.BaseAccountingRule NOT applied rule AircraftFlightTimeRule, Nr of Conditions=5, RuleApplied=False, StopRuleEngineWhenRuleApplied=False, Rule-Filter: HB-1841 Weiterbildung mit Pauschale of type: FLS.Server.Service.Accounting.Rules.ItemRules.AircraftFlightTimeRule has conditions: '(1 EQUALS 1 ==> True),(collection: '1850f1f0-96f3-42a8-acf5-8b358dfe5103' CONTAINS key: 34896816-6341-43b1-ad93-16a600866ae6 ==> False),(null OR (collection: '77,88,78' CONTAINS key: 60 ==> False) ==> False),(INVERTS condition: ('363289,897764,155264,463161,622976,686001' INTERSECTS ANY 205207 ==> False) ==> True),(Value: 0 is BETWEEN 0 and 2147483647 (incl. minValue = False; maxValue = True ==> False)' for Flight: Glider-Flight: HB-3407, Pilot: Bonzli Lenni, Flight-Date: 05/25/2026, Starttime: 10:00, LdgTime: 10:30, Flightcode: 60, Nr of Ldgs: 1/0, Flight-Air-State: 20, Flight-Process-State: 40
2026-05-25 05:42:33.6742 FLS.Server.Service.Accounting.Rules.BaseAccountingRule NOT applied rule AircraftFlightTimeRule, Nr of Conditions=4, RuleApplied=False, StopRuleEngineWhenRuleApplied=False, Rule-Filter: HB-3407 Schulung of type: FLS.Server.Service.Accounting.Rules.ItemRules.AircraftFlightTimeRule has conditions: '(1 EQUALS 1 ==> True),(collection: '34896816-6341-43b1-ad93-16a600866ae6' CONTAINS key: 34896816-6341-43b1-ad93-16a600866ae6 ==> True),(null OR (collection: '70,80,66,68,69' CONTAINS key: 60 ==> False) ==> False),(Value: 0 is BETWEEN 0 and 2147483647 (incl. minValue = False; maxValue = True ==> False)' for Flight: Glider-Flight: HB-3407, Pilot: Bonzli Lenni, Flight-Date: 05/25/2026, Starttime: 10:00, LdgTime: 10:30, Flightcode: 60, Nr of Ldgs: 1/0, Flight-Air-State: 20, Flight-Process-State: 40
2026-05-25 05:42:33.6810 FLS.Server.Service.Accounting.Rules.BaseAccountingRule NOT applied rule AircraftFlightTimeRule, Nr of Conditions=5, RuleApplied=False, StopRuleEngineWhenRuleApplied=False, Rule-Filter: HB-1824 Weiterbildung mit Pauschale of type: FLS.Server.Service.Accounting.Rules.ItemRules.AircraftFlightTimeRule has conditions: '(1 EQUALS 1 ==> True),(collection: 'ea148d3d-b9e1-493c-b115-a99b60bcadb1' CONTAINS key: 34896816-6341-43b1-ad93-16a600866ae6 ==> False),(null OR (collection: '77,88,78' CONTAINS key: 60 ==> False) ==> False),(INVERTS condition: ('363289,897764,155264,463161,622976,686001' INTERSECTS ANY 205207 ==> False) ==> True),(Value: 0 is BETWEEN 0 and 2147483647 (incl. minValue = False; maxValue = True ==> False)' for Flight: Glider-Flight: HB-3407, Pilot: Bonzli Lenni, Flight-Date: 05/25/2026, Starttime: 10:00, LdgTime: 10:30, Flightcode: 60, Nr of Ldgs: 1/0, Flight-Air-State: 20, Flight-Process-State: 40
2026-05-25 05:42:33.6925 FLS.Server.Service.Accounting.Rules.BaseAccountingRule NOT applied rule AircraftFlightTimeRule, Nr of Conditions=5, RuleApplied=False, StopRuleEngineWhenRuleApplied=False, Rule-Filter: HB-3256 Weiterbildung ohne Pauschale of type: FLS.Server.Service.Accounting.Rules.ItemRules.AircraftFlightTimeRule has conditions: '(1 EQUALS 1 ==> True),(collection: '4aa36c51-802a-4d94-a227-7a5286b3964c' CONTAINS key: 34896816-6341-43b1-ad93-16a600866ae6 ==> False),(null OR (collection: '77,88,78' CONTAINS key: 60 ==> False) ==> False),('363289,897764,155264,463161,622976,686001' INTERSECTS ANY 205207 ==> False),(Value: 0 is BETWEEN 0 and 2147483647 (incl. minValue = False; maxValue = True ==> False)' for Flight: Glider-Flight: HB-3407, Pilot: Bonzli Lenni, Flight-Date: 05/25/2026, Starttime: 10:00, LdgTime: 10:30, Flightcode: 60, Nr of Ldgs: 1/0, Flight-Air-State: 20, Flight-Process-State: 40
2026-05-25 05:42:33.7042 FLS.Server.Service.Accounting.Rules.BaseAccountingRule NOT applied rule AircraftFlightTimeRule, Nr of Conditions=5, RuleApplied=False, StopRuleEngineWhenRuleApplied=False, Rule-Filter: HB-KCB Privat ab 11.min of type: FLS.Server.Service.Accounting.Rules.ItemRules.AircraftFlightTimeRule has conditions: '(1 EQUALS 1 ==> True),(collection: '33fa9ce5-2079-4bc4-831c-3f8a63fe6b1e' CONTAINS key: 34896816-6341-43b1-ad93-16a600866ae6 ==> False),(INVERTS condition: (null OR (collection: '70,80,66,68,69,77,88,78' CONTAINS key: 60 ==> False) ==> False) ==> True),(collection: '5bfd35f5-1183-4f7a-84b5-8c0c19288ed3' CONTAINS key: 5bfd35f5-1183-4f7a-84b5-8c0c19288ed3 ==> True),(Value: 0 is BETWEEN 600 and 2147483647 (incl. minValue = False; maxValue = True ==> False)' for Flight: Glider-Flight: HB-3407, Pilot: Bonzli Lenni, Flight-Date: 05/25/2026, Starttime: 10:00, LdgTime: 10:30, Flightcode: 60, Nr of Ldgs: 1/0, Flight-Air-State: 20, Flight-Process-State: 40
2026-05-25 05:42:33.7177 FLS.Server.Service.Accounting.Rules.BaseAccountingRule NOT applied rule AircraftFlightTimeRule, Nr of Conditions=5, RuleApplied=False, StopRuleEngineWhenRuleApplied=False, Rule-Filter: HB-1841 Weiterbildung ohne Pauschale of type: FLS.Server.Service.Accounting.Rules.ItemRules.AircraftFlightTimeRule has conditions: '(1 EQUALS 1 ==> True),(collection: '1850f1f0-96f3-42a8-acf5-8b358dfe5103' CONTAINS key: 34896816-6341-43b1-ad93-16a600866ae6 ==> False),(null OR (collection: '77,88,78' CONTAINS key: 60 ==> False) ==> False),('363289,897764,155264,463161,622976,686001' INTERSECTS ANY 205207 ==> False),(Value: 0 is BETWEEN 0 and 2147483647 (incl. minValue = False; maxValue = True ==> False)' for Flight: Glider-Flight: HB-3407, Pilot: Bonzli Lenni, Flight-Date: 05/25/2026, Starttime: 10:00, LdgTime: 10:30, Flightcode: 60, Nr of Ldgs: 1/0, Flight-Air-State: 20, Flight-Process-State: 40
2026-05-25 05:42:33.7581 FLS.Server.Service.Accounting.Rules.BaseAccountingRule NOT applied rule AircraftFlightTimeRule, Nr of Conditions=5, RuleApplied=False, StopRuleEngineWhenRuleApplied=False, Rule-Filter: HB-1824 Weiterbildung ohne Pauschale of type: FLS.Server.Service.Accounting.Rules.ItemRules.AircraftFlightTimeRule has conditions: '(1 EQUALS 1 ==> True),(collection: 'ea148d3d-b9e1-493c-b115-a99b60bcadb1' CONTAINS key: 34896816-6341-43b1-ad93-16a600866ae6 ==> False),(null OR (collection: '77,88,78' CONTAINS key: 60 ==> False) ==> False),('363289,897764,155264,463161,622976,686001' INTERSECTS ANY 205207 ==> False),(Value: 0 is BETWEEN 0 and 2147483647 (incl. minValue = False; maxValue = True ==> False)' for Flight: Glider-Flight: HB-3407, Pilot: Bonzli Lenni, Flight-Date: 05/25/2026, Starttime: 10:00, LdgTime: 10:30, Flightcode: 60, Nr of Ldgs: 1/0, Flight-Air-State: 20, Flight-Process-State: 40
2026-05-25 05:42:33.7768 FLS.Server.Service.Accounting.Rules.BaseAccountingRule NOT applied rule AircraftFlightTimeRule, Nr of Conditions=5, RuleApplied=False, StopRuleEngineWhenRuleApplied=False, Rule-Filter: HB-KCB Privat bis 10min of type: FLS.Server.Service.Accounting.Rules.ItemRules.AircraftFlightTimeRule has conditions: '(1 EQUALS 1 ==> True),(collection: '33fa9ce5-2079-4bc4-831c-3f8a63fe6b1e' CONTAINS key: 34896816-6341-43b1-ad93-16a600866ae6 ==> False),(INVERTS condition: (null OR (collection: '70,80,66,68,69,77,88,78' CONTAINS key: 60 ==> False) ==> False) ==> True),(collection: '5bfd35f5-1183-4f7a-84b5-8c0c19288ed3' CONTAINS key: 5bfd35f5-1183-4f7a-84b5-8c0c19288ed3 ==> True),(Value: 0 is BETWEEN 0 and 600 (incl. minValue = False; maxValue = True ==> False)' for Flight: Glider-Flight: HB-3407, Pilot: Bonzli Lenni, Flight-Date: 05/25/2026, Starttime: 10:00, LdgTime: 10:30, Flightcode: 60, Nr of Ldgs: 1/0, Flight-Air-State: 20, Flight-Process-State: 40
2026-05-25 05:42:33.7927 FLS.Server.Service.Accounting.Rules.BaseAccountingRule NOT applied rule AircraftFlightTimeRule, Nr of Conditions=5, RuleApplied=False, StopRuleEngineWhenRuleApplied=False, Rule-Filter: HB-KCB Schulung bis 10min of type: FLS.Server.Service.Accounting.Rules.ItemRules.AircraftFlightTimeRule has conditions: '(1 EQUALS 1 ==> True),(collection: '33fa9ce5-2079-4bc4-831c-3f8a63fe6b1e' CONTAINS key: 34896816-6341-43b1-ad93-16a600866ae6 ==> False),(null OR (collection: '70,80,66,68,69,77,88,78' CONTAINS key: 60 ==> False) ==> False),(collection: '5bfd35f5-1183-4f7a-84b5-8c0c19288ed3' CONTAINS key: 5bfd35f5-1183-4f7a-84b5-8c0c19288ed3 ==> True),(Value: 0 is BETWEEN 0 and 600 (incl. minValue = False; maxValue = True ==> False)' for Flight: Glider-Flight: HB-3407, Pilot: Bonzli Lenni, Flight-Date: 05/25/2026, Starttime: 10:00, LdgTime: 10:30, Flightcode: 60, Nr of Ldgs: 1/0, Flight-Air-State: 20, Flight-Process-State: 40
2026-05-25 05:42:33.8250 FLS.Server.Service.Accounting.Rules.BaseAccountingRule NOT applied rule AircraftFlightTimeRule, Nr of Conditions=4, RuleApplied=False, StopRuleEngineWhenRuleApplied=False, Rule-Filter: HB-KCB Saanen of type: FLS.Server.Service.Accounting.Rules.ItemRules.AircraftFlightTimeRule has conditions: '(1 EQUALS 1 ==> True),(collection: '33fa9ce5-2079-4bc4-831c-3f8a63fe6b1e' CONTAINS key: 34896816-6341-43b1-ad93-16a600866ae6 ==> False),(collection: '97eaa8e5-bb61-4cf9-9565-f6771ae4d19f' CONTAINS key: 5bfd35f5-1183-4f7a-84b5-8c0c19288ed3 ==> False),(Value: 0 is BETWEEN 0 and 2147483647 (incl. minValue = False; maxValue = True ==> False)' for Flight: Glider-Flight: HB-3407, Pilot: Bonzli Lenni, Flight-Date: 05/25/2026, Starttime: 10:00, LdgTime: 10:30, Flightcode: 60, Nr of Ldgs: 1/0, Flight-Air-State: 20, Flight-Process-State: 40
2026-05-25 05:42:33.8446 FLS.Server.Service.Accounting.Rules.BaseAccountingRule NOT applied rule AircraftFlightTimeRule, Nr of Conditions=3, RuleApplied=False, StopRuleEngineWhenRuleApplied=False, Rule-Filter: HB-DCU of type: FLS.Server.Service.Accounting.Rules.ItemRules.AircraftFlightTimeRule has conditions: '(1 EQUALS 1 ==> True),(collection: 'ef1f7524-cea2-457e-a3d9-287872078ce9' CONTAINS key: 34896816-6341-43b1-ad93-16a600866ae6 ==> False),(Value: 0 is BETWEEN 0 and 2147483647 (incl. minValue = False; maxValue = True ==> False)' for Flight: Glider-Flight: HB-3407, Pilot: Bonzli Lenni, Flight-Date: 05/25/2026, Starttime: 10:00, LdgTime: 10:30, Flightcode: 60, Nr of Ldgs: 1/0, Flight-Air-State: 20, Flight-Process-State: 40
2026-05-25 05:42:33.8716 FLS.Server.Service.Accounting.Rules.BaseAccountingRule NOT applied rule AircraftFlightTimeRule, Nr of Conditions=5, RuleApplied=False, StopRuleEngineWhenRuleApplied=False, Rule-Filter: HB-3256 Weiterbildung mit Pauschale of type: FLS.Server.Service.Accounting.Rules.ItemRules.AircraftFlightTimeRule has conditions: '(1 EQUALS 1 ==> True),(collection: '4aa36c51-802a-4d94-a227-7a5286b3964c' CONTAINS key: 34896816-6341-43b1-ad93-16a600866ae6 ==> False),(null OR (collection: '77,88,78' CONTAINS key: 60 ==> False) ==> False),(INVERTS condition: ('363289,897764,155264,463161,622976,686001' INTERSECTS ANY 205207 ==> False) ==> True),(Value: 0 is BETWEEN 0 and 2147483647 (incl. minValue = False; maxValue = True ==> False)' for Flight: Glider-Flight: HB-3407, Pilot: Bonzli Lenni, Flight-Date: 05/25/2026, Starttime: 10:00, LdgTime: 10:30, Flightcode: 60, Nr of Ldgs: 1/0, Flight-Air-State: 20, Flight-Process-State: 40
2026-05-25 05:42:33.8823 FLS.Server.Service.Accounting.Rules.BaseAccountingRule NOT applied rule AircraftFlightTimeRule, Nr of Conditions=4, RuleApplied=False, StopRuleEngineWhenRuleApplied=False, Rule-Filter: HB-1824 Schulung of type: FLS.Server.Service.Accounting.Rules.ItemRules.AircraftFlightTimeRule has conditions: '(1 EQUALS 1 ==> True),(collection: 'ea148d3d-b9e1-493c-b115-a99b60bcadb1' CONTAINS key: 34896816-6341-43b1-ad93-16a600866ae6 ==> False),(null OR (collection: '70,80,66,68,69' CONTAINS key: 60 ==> False) ==> False),(Value: 0 is BETWEEN 0 and 2147483647 (incl. minValue = False; maxValue = True ==> False)' for Flight: Glider-Flight: HB-3407, Pilot: Bonzli Lenni, Flight-Date: 05/25/2026, Starttime: 10:00, LdgTime: 10:30, Flightcode: 60, Nr of Ldgs: 1/0, Flight-Air-State: 20, Flight-Process-State: 40
2026-05-25 05:42:33.8941 FLS.Server.Service.Accounting.Rules.BaseAccountingRule NOT applied rule AircraftFlightTimeRule, Nr of Conditions=3, RuleApplied=False, StopRuleEngineWhenRuleApplied=False, Rule-Filter: HB-EQC of type: FLS.Server.Service.Accounting.Rules.ItemRules.AircraftFlightTimeRule has conditions: '(1 EQUALS 1 ==> True),(collection: '7f741756-c8c9-4a7b-a70d-2a5c49d5487d' CONTAINS key: 34896816-6341-43b1-ad93-16a600866ae6 ==> False),(Value: 0 is BETWEEN 0 and 2147483647 (incl. minValue = False; maxValue = True ==> False)' for Flight: Glider-Flight: HB-3407, Pilot: Bonzli Lenni, Flight-Date: 05/25/2026, Starttime: 10:00, LdgTime: 10:30, Flightcode: 60, Nr of Ldgs: 1/0, Flight-Air-State: 20, Flight-Process-State: 40
2026-05-25 05:42:33.9045 FLS.Server.Service.Accounting.Rules.BaseAccountingRule NOT applied rule AircraftFlightTimeRule, Nr of Conditions=5, RuleApplied=False, StopRuleEngineWhenRuleApplied=False, Rule-Filter: HB-KCB Schulung ab 11.min of type: FLS.Server.Service.Accounting.Rules.ItemRules.AircraftFlightTimeRule has conditions: '(1 EQUALS 1 ==> True),(collection: '33fa9ce5-2079-4bc4-831c-3f8a63fe6b1e' CONTAINS key: 34896816-6341-43b1-ad93-16a600866ae6 ==> False),(null OR (collection: '70,80,66,68,69,77,88,78' CONTAINS key: 60 ==> False) ==> False),(collection: '5bfd35f5-1183-4f7a-84b5-8c0c19288ed3' CONTAINS key: 5bfd35f5-1183-4f7a-84b5-8c0c19288ed3 ==> True),(Value: 0 is BETWEEN 600 and 2147483647 (incl. minValue = False; maxValue = True ==> False)' for Flight: Glider-Flight: HB-3407, Pilot: Bonzli Lenni, Flight-Date: 05/25/2026, Starttime: 10:00, LdgTime: 10:30, Flightcode: 60, Nr of Ldgs: 1/0, Flight-Air-State: 20, Flight-Process-State: 40
2026-05-25 05:42:33.9223 FLS.Server.Service.Accounting.Rules.BaseAccountingRule NOT applied rule AircraftFlightTimeRule, Nr of Conditions=4, RuleApplied=False, StopRuleEngineWhenRuleApplied=False, Rule-Filter: HB-2464 Privat of type: FLS.Server.Service.Accounting.Rules.ItemRules.AircraftFlightTimeRule has conditions: '(1 EQUALS 1 ==> True),(collection: '7f2bfbdc-04f3-46b5-9ad0-5a687d040741' CONTAINS key: 34896816-6341-43b1-ad93-16a600866ae6 ==> False),(INVERTS condition: (null OR (collection: '70,80,66,68,69,77,88,78' CONTAINS key: 60 ==> False) ==> False) ==> True),(Value: 0 is BETWEEN 0 and 2147483647 (incl. minValue = False; maxValue = True ==> False)' for Flight: Glider-Flight: HB-3407, Pilot: Bonzli Lenni, Flight-Date: 05/25/2026, Starttime: 10:00, LdgTime: 10:30, Flightcode: 60, Nr of Ldgs: 1/0, Flight-Air-State: 20, Flight-Process-State: 40
2026-05-25 05:42:33.9315 FLS.Server.Service.Accounting.Rules.BaseAccountingRule NOT applied rule AircraftFlightTimeRule, Nr of Conditions=3, RuleApplied=False, StopRuleEngineWhenRuleApplied=False, Rule-Filter: HB-PFW of type: FLS.Server.Service.Accounting.Rules.ItemRules.AircraftFlightTimeRule has conditions: '(1 EQUALS 1 ==> True),(collection: 'bde6d662-d4c0-4117-874c-5373d9cd5d9d' CONTAINS key: 34896816-6341-43b1-ad93-16a600866ae6 ==> False),(Value: 0 is BETWEEN 0 and 2147483647 (incl. minValue = False; maxValue = True ==> False)' for Flight: Glider-Flight: HB-3407, Pilot: Bonzli Lenni, Flight-Date: 05/25/2026, Starttime: 10:00, LdgTime: 10:30, Flightcode: 60, Nr of Ldgs: 1/0, Flight-Air-State: 20, Flight-Process-State: 40
2026-05-25 05:42:33.9391 FLS.Server.Service.Accounting.Rules.BaseAccountingRule NOT applied rule AircraftFlightTimeRule, Nr of Conditions=5, RuleApplied=False, StopRuleEngineWhenRuleApplied=False, Rule-Filter: HB-3407 Weiterbildung mit Pauschale of type: FLS.Server.Service.Accounting.Rules.ItemRules.AircraftFlightTimeRule has conditions: '(1 EQUALS 1 ==> True),(collection: '34896816-6341-43b1-ad93-16a600866ae6' CONTAINS key: 34896816-6341-43b1-ad93-16a600866ae6 ==> True),(null OR (collection: '77,88,78' CONTAINS key: 60 ==> False) ==> False),(INVERTS condition: ('363289,897764,155264,463161,622976,686001' INTERSECTS ANY 205207 ==> False) ==> True),(Value: 0 is BETWEEN 0 and 2147483647 (incl. minValue = False; maxValue = True ==> False)' for Flight: Glider-Flight: HB-3407, Pilot: Bonzli Lenni, Flight-Date: 05/25/2026, Starttime: 10:00, LdgTime: 10:30, Flightcode: 60, Nr of Ldgs: 1/0, Flight-Air-State: 20, Flight-Process-State: 40
2026-05-25 05:42:33.9486 FLS.Server.Service.Accounting.Rules.BaseAccountingRule NOT applied rule AircraftFlightTimeRule, Nr of Conditions=5, RuleApplied=False, StopRuleEngineWhenRuleApplied=False, Rule-Filter: HB-3407 Weiterbildung ohne Pauschale of type: FLS.Server.Service.Accounting.Rules.ItemRules.AircraftFlightTimeRule has conditions: '(1 EQUALS 1 ==> True),(collection: '34896816-6341-43b1-ad93-16a600866ae6' CONTAINS key: 34896816-6341-43b1-ad93-16a600866ae6 ==> True),(null OR (collection: '77,88,78' CONTAINS key: 60 ==> False) ==> False),('363289,897764,155264,463161,622976,686001' INTERSECTS ANY 205207 ==> False),(Value: 0 is BETWEEN 0 and 2147483647 (incl. minValue = False; maxValue = True ==> False)' for Flight: Glider-Flight: HB-3407, Pilot: Bonzli Lenni, Flight-Date: 05/25/2026, Starttime: 10:00, LdgTime: 10:30, Flightcode: 60, Nr of Ldgs: 1/0, Flight-Air-State: 20, Flight-Process-State: 40
2026-05-25 05:42:33.9557 FLS.Server.Service.Accounting.Rules.BaseAccountingRule NOT applied rule AircraftFlightTimeRule, Nr of Conditions=3, RuleApplied=False, StopRuleEngineWhenRuleApplied=False, Rule-Filter: HB-PDL of type: FLS.Server.Service.Accounting.Rules.ItemRules.AircraftFlightTimeRule has conditions: '(1 EQUALS 1 ==> True),(collection: '9da0a173-4385-4394-a946-096e9a22d596' CONTAINS key: 34896816-6341-43b1-ad93-16a600866ae6 ==> False),(Value: 0 is BETWEEN 0 and 2147483647 (incl. minValue = False; maxValue = True ==> False)' for Flight: Glider-Flight: HB-3407, Pilot: Bonzli Lenni, Flight-Date: 05/25/2026, Starttime: 10:00, LdgTime: 10:30, Flightcode: 60, Nr of Ldgs: 1/0, Flight-Air-State: 20, Flight-Process-State: 40
2026-05-25 05:42:33.9627 FLS.Server.Service.Accounting.Rules.BaseAccountingRule NOT applied rule AircraftFlightTimeRule, Nr of Conditions=5, RuleApplied=False, StopRuleEngineWhenRuleApplied=False, Rule-Filter: HB-2464 Weiterbildung ohne Pauschale of type: FLS.Server.Service.Accounting.Rules.ItemRules.AircraftFlightTimeRule has conditions: '(1 EQUALS 1 ==> True),(collection: '7f2bfbdc-04f3-46b5-9ad0-5a687d040741' CONTAINS key: 34896816-6341-43b1-ad93-16a600866ae6 ==> False),(null OR (collection: '77,88,78' CONTAINS key: 60 ==> False) ==> False),('363289,897764,155264,463161,622976,686001' INTERSECTS ANY 205207 ==> False),(Value: 0 is BETWEEN 0 and 2147483647 (incl. minValue = False; maxValue = True ==> False)' for Flight: Glider-Flight: HB-3407, Pilot: Bonzli Lenni, Flight-Date: 05/25/2026, Starttime: 10:00, LdgTime: 10:30, Flightcode: 60, Nr of Ldgs: 1/0, Flight-Air-State: 20, Flight-Process-State: 40
2026-05-25 05:42:33.9700 FLS.Server.Service.Accounting.Rules.BaseAccountingRule NOT applied rule AircraftFlightTimeRule, Nr of Conditions=4, RuleApplied=False, StopRuleEngineWhenRuleApplied=False, Rule-Filter: HB-1841 Schulung of type: FLS.Server.Service.Accounting.Rules.ItemRules.AircraftFlightTimeRule has conditions: '(1 EQUALS 1 ==> True),(collection: '1850f1f0-96f3-42a8-acf5-8b358dfe5103' CONTAINS key: 34896816-6341-43b1-ad93-16a600866ae6 ==> False),(null OR (collection: '70,80,66,68,69' CONTAINS key: 60 ==> False) ==> False),(Value: 0 is BETWEEN 0 and 2147483647 (incl. minValue = False; maxValue = True ==> False)' for Flight: Glider-Flight: HB-3407, Pilot: Bonzli Lenni, Flight-Date: 05/25/2026, Starttime: 10:00, LdgTime: 10:30, Flightcode: 60, Nr of Ldgs: 1/0, Flight-Air-State: 20, Flight-Process-State: 40
2026-05-25 05:42:33.9772 FLS.Server.Service.Accounting.Rules.BaseAccountingRule NOT applied rule AircraftFlightTimeRule, Nr of Conditions=4, RuleApplied=False, StopRuleEngineWhenRuleApplied=False, Rule-Filter: HB-3407 Privat of type: FLS.Server.Service.Accounting.Rules.ItemRules.AircraftFlightTimeRule has conditions: '(1 EQUALS 1 ==> True),(collection: '34896816-6341-43b1-ad93-16a600866ae6' CONTAINS key: 34896816-6341-43b1-ad93-16a600866ae6 ==> True),(INVERTS condition: (null OR (collection: '70,80,66,68,69,77,88,78' CONTAINS key: 60 ==> False) ==> False) ==> True),(Value: 0 is BETWEEN 0 and 2147483647 (incl. minValue = False; maxValue = True ==> False)' for Flight: Glider-Flight: HB-3407, Pilot: Bonzli Lenni, Flight-Date: 05/25/2026, Starttime: 10:00, LdgTime: 10:30, Flightcode: 60, Nr of Ldgs: 1/0, Flight-Air-State: 20, Flight-Process-State: 40
2026-05-25 05:42:33.9839 FLS.Server.Service.Accounting.Rules.BaseAccountingRule NOT applied rule AircraftFlightTimeRule, Nr of Conditions=4, RuleApplied=False, StopRuleEngineWhenRuleApplied=False, Rule-Filter: HB-2464 Schulung of type: FLS.Server.Service.Accounting.Rules.ItemRules.AircraftFlightTimeRule has conditions: '(1 EQUALS 1 ==> True),(collection: '7f2bfbdc-04f3-46b5-9ad0-5a687d040741' CONTAINS key: 34896816-6341-43b1-ad93-16a600866ae6 ==> False),(null OR (collection: '70,80,66,68,69' CONTAINS key: 60 ==> False) ==> False),(Value: 0 is BETWEEN 0 and 2147483647 (incl. minValue = False; maxValue = True ==> False)' for Flight: Glider-Flight: HB-3407, Pilot: Bonzli Lenni, Flight-Date: 05/25/2026, Starttime: 10:00, LdgTime: 10:30, Flightcode: 60, Nr of Ldgs: 1/0, Flight-Air-State: 20, Flight-Process-State: 40
2026-05-25 05:42:33.9903 FLS.Server.Service.Accounting.Rules.BaseAccountingRule NOT applied rule AircraftFlightTimeRule, Nr of Conditions=3, RuleApplied=False, StopRuleEngineWhenRuleApplied=False, Rule-Filter: HB-WAT of type: FLS.Server.Service.Accounting.Rules.ItemRules.AircraftFlightTimeRule has conditions: '(1 EQUALS 1 ==> True),(collection: 'a2ee31ae-3329-486b-92a0-c90eee34b543' CONTAINS key: 34896816-6341-43b1-ad93-16a600866ae6 ==> False),(Value: 0 is BETWEEN 0 and 2147483647 (incl. minValue = False; maxValue = True ==> False)' for Flight: Glider-Flight: HB-3407, Pilot: Bonzli Lenni, Flight-Date: 05/25/2026, Starttime: 10:00, LdgTime: 10:30, Flightcode: 60, Nr of Ldgs: 1/0, Flight-Air-State: 20, Flight-Process-State: 40
2026-05-25 05:42:33.9968 FLS.Server.Service.Accounting.Rules.BaseAccountingRule NOT applied rule AircraftFlightTimeRule, Nr of Conditions=4, RuleApplied=False, StopRuleEngineWhenRuleApplied=False, Rule-Filter: HB-1824 Privat of type: FLS.Server.Service.Accounting.Rules.ItemRules.AircraftFlightTimeRule has conditions: '(1 EQUALS 1 ==> True),(collection: 'ea148d3d-b9e1-493c-b115-a99b60bcadb1' CONTAINS key: 34896816-6341-43b1-ad93-16a600866ae6 ==> False),(INVERTS condition: (null OR (collection: '70,80,66,68,69,77,88,78' CONTAINS key: 60 ==> False) ==> False) ==> True),(Value: 0 is BETWEEN 0 and 2147483647 (incl. minValue = False; maxValue = True ==> False)' for Flight: Glider-Flight: HB-3407, Pilot: Bonzli Lenni, Flight-Date: 05/25/2026, Starttime: 10:00, LdgTime: 10:30, Flightcode: 60, Nr of Ldgs: 1/0, Flight-Air-State: 20, Flight-Process-State: 40
2026-05-25 05:42:34.0029 FLS.Server.Service.Accounting.Rules.BaseAccountingRule NOT applied rule AircraftFlightTimeRule, Nr of Conditions=3, RuleApplied=False, StopRuleEngineWhenRuleApplied=False, Rule-Filter: HB-DGP of type: FLS.Server.Service.Accounting.Rules.ItemRules.AircraftFlightTimeRule has conditions: '(1 EQUALS 1 ==> True),(collection: '7539c0b0-36ff-428a-9f5b-eba902117bb1' CONTAINS key: 34896816-6341-43b1-ad93-16a600866ae6 ==> False),(Value: 0 is BETWEEN 0 and 2147483647 (incl. minValue = False; maxValue = True ==> False)' for Flight: Glider-Flight: HB-3407, Pilot: Bonzli Lenni, Flight-Date: 05/25/2026, Starttime: 10:00, LdgTime: 10:30, Flightcode: 60, Nr of Ldgs: 1/0, Flight-Air-State: 20, Flight-Process-State: 40
2026-05-25 05:42:34.0140 FLS.Server.Service.Accounting.Rules.BaseAccountingRule NOT applied rule AircraftFlightTimeRule, Nr of Conditions=4, RuleApplied=False, StopRuleEngineWhenRuleApplied=False, Rule-Filter: HB-3256 Schulung of type: FLS.Server.Service.Accounting.Rules.ItemRules.AircraftFlightTimeRule has conditions: '(1 EQUALS 1 ==> True),(collection: '4aa36c51-802a-4d94-a227-7a5286b3964c' CONTAINS key: 34896816-6341-43b1-ad93-16a600866ae6 ==> False),(null OR (collection: '70,80,66,68,69' CONTAINS key: 60 ==> False) ==> False),(Value: 0 is BETWEEN 0 and 2147483647 (incl. minValue = False; maxValue = True ==> False)' for Flight: Glider-Flight: HB-3407, Pilot: Bonzli Lenni, Flight-Date: 05/25/2026, Starttime: 10:00, LdgTime: 10:30, Flightcode: 60, Nr of Ldgs: 1/0, Flight-Air-State: 20, Flight-Process-State: 40
2026-05-25 05:42:34.0207 FLS.Server.Service.Accounting.Rules.BaseAccountingRule NOT applied rule AircraftFlightTimeRule, Nr of Conditions=3, RuleApplied=False, StopRuleEngineWhenRuleApplied=False, Rule-Filter: HB-KDO of type: FLS.Server.Service.Accounting.Rules.ItemRules.AircraftFlightTimeRule has conditions: '(1 EQUALS 1 ==> True),(collection: '8ffa0de8-1f0e-41d0-bb6e-6d8ac551397b' CONTAINS key: 34896816-6341-43b1-ad93-16a600866ae6 ==> False),(Value: 0 is BETWEEN 0 and 2147483647 (incl. minValue = False; maxValue = True ==> False)' for Flight: Glider-Flight: HB-3407, Pilot: Bonzli Lenni, Flight-Date: 05/25/2026, Starttime: 10:00, LdgTime: 10:30, Flightcode: 60, Nr of Ldgs: 1/0, Flight-Air-State: 20, Flight-Process-State: 40
2026-05-25 05:42:34.0269 FLS.Server.Service.Accounting.Rules.BaseAccountingRule NOT applied rule AircraftFlightTimeRule, Nr of Conditions=4, RuleApplied=False, StopRuleEngineWhenRuleApplied=False, Rule-Filter: HB-3256 Privat of type: FLS.Server.Service.Accounting.Rules.ItemRules.AircraftFlightTimeRule has conditions: '(1 EQUALS 1 ==> True),(collection: '4aa36c51-802a-4d94-a227-7a5286b3964c' CONTAINS key: 34896816-6341-43b1-ad93-16a600866ae6 ==> False),(INVERTS condition: (null OR (collection: '70,80,66,68,69,77,88,78' CONTAINS key: 60 ==> False) ==> False) ==> True),(Value: 0 is BETWEEN 0 and 2147483647 (incl. minValue = False; maxValue = True ==> False)' for Flight: Glider-Flight: HB-3407, Pilot: Bonzli Lenni, Flight-Date: 05/25/2026, Starttime: 10:00, LdgTime: 10:30, Flightcode: 60, Nr of Ldgs: 1/0, Flight-Air-State: 20, Flight-Process-State: 40
2026-05-25 05:42:34.0390 FLS.Server.Service.Accounting.Rules.BaseAccountingRule NOT applied rule AircraftFlightTimeRule, Nr of Conditions=3, RuleApplied=False, StopRuleEngineWhenRuleApplied=False, Rule-Filter: HB-KIO of type: FLS.Server.Service.Accounting.Rules.ItemRules.AircraftFlightTimeRule has conditions: '(1 EQUALS 1 ==> True),(collection: '5a14a9f7-d192-4777-9f59-175c47a2b46d' CONTAINS key: 34896816-6341-43b1-ad93-16a600866ae6 ==> False),(Value: 0 is BETWEEN 0 and 2147483647 (incl. minValue = False; maxValue = True ==> False)' for Flight: Glider-Flight: HB-3407, Pilot: Bonzli Lenni, Flight-Date: 05/25/2026, Starttime: 10:00, LdgTime: 10:30, Flightcode: 60, Nr of Ldgs: 1/0, Flight-Air-State: 20, Flight-Process-State: 40
2026-05-25 05:42:34.0533 FLS.Server.Service.Accounting.Rules.BaseAccountingRule NOT applied rule InstructorFeeRule, Nr of Conditions=2, RuleApplied=False, StopRuleEngineWhenRuleApplied=False, Rule-Filter: Instruktor-Honorar Thomas of type: FLS.Server.Service.Accounting.Rules.ItemRules.InstructorFeeRule has conditions: '(1 EQUALS 1 ==> True),('888888' INTERSECTS ANY  ==> False)' for Flight: Glider-Flight: HB-3407, Pilot: Bonzli Lenni, Flight-Date: 05/25/2026, Starttime: 10:00, LdgTime: 10:30, Flightcode: 60, Nr of Ldgs: 1/0, Flight-Air-State: 20, Flight-Process-State: 40
2026-05-25 05:42:34.0617 FLS.Server.Service.Accounting.Rules.BaseAccountingRule NOT applied rule InstructorFeeRule, Nr of Conditions=2, RuleApplied=False, StopRuleEngineWhenRuleApplied=False, Rule-Filter: Instruktor-Honorar Silvan of type: FLS.Server.Service.Accounting.Rules.ItemRules.InstructorFeeRule has conditions: '(1 EQUALS 1 ==> True),('999999' INTERSECTS ANY  ==> False)' for Flight: Glider-Flight: HB-3407, Pilot: Bonzli Lenni, Flight-Date: 05/25/2026, Starttime: 10:00, LdgTime: 10:30, Flightcode: 60, Nr of Ldgs: 1/0, Flight-Air-State: 20, Flight-Process-State: 40
2026-05-25 05:42:34.0690 FLS.Server.Service.Accounting.Rules.BaseAccountingRule NOT applied rule InstructorFeeRule, Nr of Conditions=2, RuleApplied=False, StopRuleEngineWhenRuleApplied=False, Rule-Filter: Instruktor-Honorar Päde of type: FLS.Server.Service.Accounting.Rules.ItemRules.InstructorFeeRule has conditions: '(1 EQUALS 1 ==> True),('836001' INTERSECTS ANY  ==> False)' for Flight: Glider-Flight: HB-3407, Pilot: Bonzli Lenni, Flight-Date: 05/25/2026, Starttime: 10:00, LdgTime: 10:30, Flightcode: 60, Nr of Ldgs: 1/0, Flight-Air-State: 20, Flight-Process-State: 40
2026-05-25 05:42:34.0770 FLS.Server.Service.Accounting.Rules.BaseAccountingRule NOT applied rule InstructorFeeRule, Nr of Conditions=2, RuleApplied=False, StopRuleEngineWhenRuleApplied=False, Rule-Filter: Instruktor-Honorar Karl of type: FLS.Server.Service.Accounting.Rules.ItemRules.InstructorFeeRule has conditions: '(1 EQUALS 1 ==> True),('424976' INTERSECTS ANY  ==> False)' for Flight: Glider-Flight: HB-3407, Pilot: Bonzli Lenni, Flight-Date: 05/25/2026, Starttime: 10:00, LdgTime: 10:30, Flightcode: 60, Nr of Ldgs: 1/0, Flight-Air-State: 20, Flight-Process-State: 40
2026-05-25 05:42:34.0842 FLS.Server.Service.Accounting.Rules.BaseAccountingRule NOT applied rule InstructorFeeRule, Nr of Conditions=2, RuleApplied=False, StopRuleEngineWhenRuleApplied=False, Rule-Filter: Instruktor-Honorar HUK of type: FLS.Server.Service.Accounting.Rules.ItemRules.InstructorFeeRule has conditions: '(1 EQUALS 1 ==> True),('536594' INTERSECTS ANY  ==> False)' for Flight: Glider-Flight: HB-3407, Pilot: Bonzli Lenni, Flight-Date: 05/25/2026, Starttime: 10:00, LdgTime: 10:30, Flightcode: 60, Nr of Ldgs: 1/0, Flight-Air-State: 20, Flight-Process-State: 40
2026-05-25 05:42:34.0916 FLS.Server.Service.Accounting.Rules.BaseAccountingRule NOT applied rule AdditionalFuelFeeRule, Nr of Conditions=3, RuleApplied=False, StopRuleEngineWhenRuleApplied=False, Rule-Filter: HB-KCB Treibstoffzuschlag of type: FLS.Server.Service.Accounting.Rules.ItemRules.AdditionalFuelFeeRule has conditions: '(1 EQUALS 1 ==> True),(collection: '33fa9ce5-2079-4bc4-831c-3f8a63fe6b1e' CONTAINS key: 34896816-6341-43b1-ad93-16a600866ae6 ==> False),(collection: '5bfd35f5-1183-4f7a-84b5-8c0c19288ed3' CONTAINS key: 5bfd35f5-1183-4f7a-84b5-8c0c19288ed3 ==> True)' for Flight: Glider-Flight: HB-3407, Pilot: Bonzli Lenni, Flight-Date: 05/25/2026, Starttime: 10:00, LdgTime: 10:30, Flightcode: 60, Nr of Ldgs: 1/0, Flight-Air-State: 20, Flight-Process-State: 40
2026-05-25 05:42:34.1008 FLS.Server.Service.Accounting.Rules.BaseAccountingRule Added new delivery item line to delivery. Line: Pos: 2 Product: 6001 Text: Landegebuehr LSZK Qty: 1 of type: Landung Discount: 0% Add. Info: 
2026-05-25 05:42:34.1076 FLS.Server.Service.Accounting.Rules.BaseAccountingRule Applied rule LandingTaxRule, Nr of Conditions=3, RuleApplied=True, StopRuleEngineWhenRuleApplied=False, Rule-Filter: LandingTax: LSZK of type: FLS.Server.Service.Accounting.Rules.ItemRules.LandingTaxRule has conditions: '(1 EQUALS 1 ==> True),(collection: '5bfd35f5-1183-4f7a-84b5-8c0c19288ed3' CONTAINS key: 5bfd35f5-1183-4f7a-84b5-8c0c19288ed3 ==> True),(Value: 1800 is BETWEEN 0 and 2147483647 (incl. minValue = False; maxValue = True ==> True)' for Flight: Glider-Flight: HB-3407, Pilot: Bonzli Lenni, Flight-Date: 05/25/2026, Starttime: 10:00, LdgTime: 10:30, Flightcode: 60, Nr of Ldgs: 1/0, Flight-Air-State: 20, Flight-Process-State: 40
2026-05-25 05:42:34.1145 FLS.Server.Service.Accounting.Rules.BaseAccountingRule NOT applied rule LandingTaxRule, Nr of Conditions=3, RuleApplied=False, StopRuleEngineWhenRuleApplied=False, Rule-Filter: Landetaxen Saanen of type: FLS.Server.Service.Accounting.Rules.ItemRules.LandingTaxRule has conditions: '(0 EQUALS 1 ==> False),(collection: '97eaa8e5-bb61-4cf9-9565-f6771ae4d19f' CONTAINS key: 5bfd35f5-1183-4f7a-84b5-8c0c19288ed3 ==> False),(Value: 1800 is BETWEEN 0 and 2147483647 (incl. minValue = False; maxValue = True ==> True)' for Flight: Glider-Flight: HB-3407, Pilot: Bonzli Lenni, Flight-Date: 05/25/2026, Starttime: 10:00, LdgTime: 10:30, Flightcode: 60, Nr of Ldgs: 1/0, Flight-Air-State: 20, Flight-Process-State: 40
2026-05-25 05:42:34.1220 FLS.Server.Service.Accounting.Rules.BaseAccountingRule NOT applied rule LandingTaxRule, Nr of Conditions=3, RuleApplied=False, StopRuleEngineWhenRuleApplied=False, Rule-Filter: Landetaxen Montricher of type: FLS.Server.Service.Accounting.Rules.ItemRules.LandingTaxRule has conditions: '(0 EQUALS 1 ==> False),(collection: 'a75e2185-1fb5-4418-a9d0-c320b877f2bd' CONTAINS key: 5bfd35f5-1183-4f7a-84b5-8c0c19288ed3 ==> False),(Value: 1800 is BETWEEN 0 and 2147483647 (incl. minValue = False; maxValue = True ==> True)' for Flight: Glider-Flight: HB-3407, Pilot: Bonzli Lenni, Flight-Date: 05/25/2026, Starttime: 10:00, LdgTime: 10:30, Flightcode: 60, Nr of Ldgs: 1/0, Flight-Air-State: 20, Flight-Process-State: 40
2026-05-25 05:42:34.1281 FLS.Server.Service.Accounting.Rules.BaseAccountingRule NOT applied rule LandingTaxRule, Nr of Conditions=4, RuleApplied=False, StopRuleEngineWhenRuleApplied=False, Rule-Filter: Landetaxen Speck of type: FLS.Server.Service.Accounting.Rules.ItemRules.LandingTaxRule has conditions: '(0 EQUALS 1 ==> False),(INVERTS condition: (null OR (collection: '70,80,66,68,69,77,88,78' CONTAINS key: 60 ==> False) ==> False) ==> True),(collection: '5bfd35f5-1183-4f7a-84b5-8c0c19288ed3' CONTAINS key: 5bfd35f5-1183-4f7a-84b5-8c0c19288ed3 ==> True),(Value: 1800 is BETWEEN 0 and 2147483647 (incl. minValue = False; maxValue = True ==> True)' for Flight: Glider-Flight: HB-3407, Pilot: Bonzli Lenni, Flight-Date: 05/25/2026, Starttime: 10:00, LdgTime: 10:30, Flightcode: 60, Nr of Ldgs: 1/0, Flight-Air-State: 20, Flight-Process-State: 40
2026-05-25 05:42:34.1342 FLS.Server.Service.Accounting.Rules.BaseAccountingRule NOT applied rule LandingTaxOnStartLocationRule, Nr of Conditions=3, RuleApplied=False, StopRuleEngineWhenRuleApplied=False, Rule-Filter: LandingTax: LSZK of type: FLS.Server.Service.Accounting.Rules.ItemRules.LandingTaxOnStartLocationRule has conditions: '(1 EQUALS 1 ==> True),(False EQUALS True ==> False),(Value: 1800 is BETWEEN 0 and 2147483647 (incl. minValue = False; maxValue = True ==> True)' for Flight: Glider-Flight: HB-3407, Pilot: Bonzli Lenni, Flight-Date: 05/25/2026, Starttime: 10:00, LdgTime: 10:30, Flightcode: 60, Nr of Ldgs: 1/0, Flight-Air-State: 20, Flight-Process-State: 40
2026-05-25 05:42:34.1401 FLS.Server.Service.Accounting.Rules.BaseAccountingRule NOT applied rule LandingTaxOnStartLocationRule, Nr of Conditions=3, RuleApplied=False, StopRuleEngineWhenRuleApplied=False, Rule-Filter: Landetaxen Saanen of type: FLS.Server.Service.Accounting.Rules.ItemRules.LandingTaxOnStartLocationRule has conditions: '(0 EQUALS 1 ==> False),(False EQUALS True ==> False),(Value: 1800 is BETWEEN 0 and 2147483647 (incl. minValue = False; maxValue = True ==> True)' for Flight: Glider-Flight: HB-3407, Pilot: Bonzli Lenni, Flight-Date: 05/25/2026, Starttime: 10:00, LdgTime: 10:30, Flightcode: 60, Nr of Ldgs: 1/0, Flight-Air-State: 20, Flight-Process-State: 40
2026-05-25 05:42:34.1461 FLS.Server.Service.Accounting.Rules.BaseAccountingRule NOT applied rule LandingTaxOnStartLocationRule, Nr of Conditions=3, RuleApplied=False, StopRuleEngineWhenRuleApplied=False, Rule-Filter: Landetaxen Montricher of type: FLS.Server.Service.Accounting.Rules.ItemRules.LandingTaxOnStartLocationRule has conditions: '(0 EQUALS 1 ==> False),(False EQUALS True ==> False),(Value: 1800 is BETWEEN 0 and 2147483647 (incl. minValue = False; maxValue = True ==> True)' for Flight: Glider-Flight: HB-3407, Pilot: Bonzli Lenni, Flight-Date: 05/25/2026, Starttime: 10:00, LdgTime: 10:30, Flightcode: 60, Nr of Ldgs: 1/0, Flight-Air-State: 20, Flight-Process-State: 40
2026-05-25 05:42:34.1520 FLS.Server.Service.Accounting.Rules.BaseAccountingRule NOT applied rule LandingTaxOnStartLocationRule, Nr of Conditions=4, RuleApplied=False, StopRuleEngineWhenRuleApplied=False, Rule-Filter: Landetaxen Speck of type: FLS.Server.Service.Accounting.Rules.ItemRules.LandingTaxOnStartLocationRule has conditions: '(0 EQUALS 1 ==> False),(INVERTS condition: (null OR (collection: '70,80,66,68,69,77,88,78' CONTAINS key: 60 ==> False) ==> False) ==> True),(False EQUALS True ==> False),(Value: 1800 is BETWEEN 0 and 2147483647 (incl. minValue = False; maxValue = True ==> True)' for Flight: Glider-Flight: HB-3407, Pilot: Bonzli Lenni, Flight-Date: 05/25/2026, Starttime: 10:00, LdgTime: 10:30, Flightcode: 60, Nr of Ldgs: 1/0, Flight-Air-State: 20, Flight-Process-State: 40
2026-05-25 05:42:34.1599 FLS.Server.Service.Accounting.Rules.BaseAccountingRule Added new delivery item line to delivery. Line: Pos: 3 Product: 1003 Text: VSF-Gebühr Qty: 1 of type: Landung Discount: 0% Add. Info: 
2026-05-25 05:42:34.1658 FLS.Server.Service.Accounting.Rules.BaseAccountingRule Applied rule VsfFeeRule, Nr of Conditions=2, RuleApplied=True, StopRuleEngineWhenRuleApplied=False, Rule-Filter: VSF-Gebühr of type: FLS.Server.Service.Accounting.Rules.ItemRules.VsfFeeRule has conditions: '(1 EQUALS 1 ==> True),(collection: '5bfd35f5-1183-4f7a-84b5-8c0c19288ed3' CONTAINS key: 5bfd35f5-1183-4f7a-84b5-8c0c19288ed3 ==> True)' for Flight: Glider-Flight: HB-3407, Pilot: Bonzli Lenni, Flight-Date: 05/25/2026, Starttime: 10:00, LdgTime: 10:30, Flightcode: 60, Nr of Ldgs: 1/0, Flight-Air-State: 20, Flight-Process-State: 40
2026-05-25 05:42:34.1718 FLS.Server.Service.Accounting.Rules.BaseAccountingRule NOT applied rule VsfFeeOnStartLocationRule, Nr of Conditions=2, RuleApplied=False, StopRuleEngineWhenRuleApplied=False, Rule-Filter: VSF-Gebühr of type: FLS.Server.Service.Accounting.Rules.ItemRules.VsfFeeOnStartLocationRule has conditions: '(1 EQUALS 1 ==> True),(False EQUALS True ==> False)' for Flight: Glider-Flight: HB-3407, Pilot: Bonzli Lenni, Flight-Date: 05/25/2026, Starttime: 10:00, LdgTime: 10:30, Flightcode: 60, Nr of Ldgs: 1/0, Flight-Air-State: 20, Flight-Process-State: 40
2026-05-25 05:42:34.1777 FLS.Server.Service.BaseService Created accounting for : Flight-Date: 05/25/2026 Aircraft: HB-3407 Nr of Lines: 3
2026-05-25 05:42:34.1915 FLS.Server.Data.FLSDataEntities Insert Delivery with data: [Delivery -> DeliveryId: c1eafa2f-fadd-4503-9b06-321ca555f243, ClubId: 0fa7b76f-47ba-4138-8f96-671400fd7c83, FlightId: f95f187e-9af9-4d1b-a2fb-742f2c019854, RecipientPersonId: , RecipientName: , RecipientFirstname: , RecipientLastname: , RecipientAddressLine1: , RecipientAddressLine2: , RecipientZipCode: , RecipientCity: , RecipientCountryName: , RecipientPersonClubMemberNumber: , DeliveryInformation: Charter Clubflugzeug, AdditionalInformation: 0, DeliveryNumber: , DeliveredOn: , IsFurtherProcessed: False, BatchId: 1, CreatedOn: 05/25/2026 05:42:34, CreatedByUserId: 36073196-1ee3-4a97-a3fa-f5f60039f041, ModifiedOn: , ModifiedByUserId: , DeletedOn: , DeletedByUserId: , RecordState: 1, OwnerId: 0fa7b76f-47ba-4138-8f96-671400fd7c83, OwnershipType: 2, IsDeleted: False, Id: c1eafa2f-fadd-4503-9b06-321ca555f243,  <- Delivery]

2026-05-25 05:42:34.1973 FLS.Server.Data.FLSDataEntities Insert DeliveryItem with data: [DeliveryItem -> DeliveryItemId: 783766f0-dc16-46f3-b868-a48c945d6467, DeliveryId: 00000000-0000-0000-0000-000000000000, Position: 1, ArticleNumber: 5001, ItemText: HB-3407 Glider flight minutes, AdditionalInformation: , Quantity: 30, DiscountInPercent: 0, UnitType: Minuten, CreatedOn: 05/25/2026 05:42:34, CreatedByUserId: 36073196-1ee3-4a97-a3fa-f5f60039f041, ModifiedOn: , ModifiedByUserId: , DeletedOn: , DeletedByUserId: , RecordState: 1, OwnerId: 0fa7b76f-47ba-4138-8f96-671400fd7c83, OwnershipType: 2, IsDeleted: False, Id: 783766f0-dc16-46f3-b868-a48c945d6467,  <- DeliveryItem]

2026-05-25 05:42:34.2033 FLS.Server.Data.FLSDataEntities Insert DeliveryItem with data: [DeliveryItem -> DeliveryItemId: 3201a629-bde3-4fd2-a6b4-7c3d0396580d, DeliveryId: 00000000-0000-0000-0000-000000000000, Position: 2, ArticleNumber: 6001, ItemText: Landegebuehr LSZK, AdditionalInformation: , Quantity: 1, DiscountInPercent: 0, UnitType: Landung, CreatedOn: 05/25/2026 05:42:34, CreatedByUserId: 36073196-1ee3-4a97-a3fa-f5f60039f041, ModifiedOn: , ModifiedByUserId: , DeletedOn: , DeletedByUserId: , RecordState: 1, OwnerId: 0fa7b76f-47ba-4138-8f96-671400fd7c83, OwnershipType: 2, IsDeleted: False, Id: 3201a629-bde3-4fd2-a6b4-7c3d0396580d,  <- DeliveryItem]

2026-05-25 05:42:34.2094 FLS.Server.Data.FLSDataEntities Insert DeliveryItem with data: [DeliveryItem -> DeliveryItemId: da6e8abf-6cc7-4668-a9ad-3b91fbb0d278, DeliveryId: 00000000-0000-0000-0000-000000000000, Position: 3, ArticleNumber: 1003, ItemText: VSF-Gebühr, AdditionalInformation: , Quantity: 1, DiscountInPercent: 0, UnitType: Landung, CreatedOn: 05/25/2026 05:42:34, CreatedByUserId: 36073196-1ee3-4a97-a3fa-f5f60039f041, ModifiedOn: , ModifiedByUserId: , DeletedOn: , DeletedByUserId: , RecordState: 1, OwnerId: 0fa7b76f-47ba-4138-8f96-671400fd7c83, OwnershipType: 2, IsDeleted: False, Id: da6e8abf-6cc7-4668-a9ad-3b91fbb0d278,  <- DeliveryItem]

2026-05-25 05:42:34.2176 FLS.Server.Data.FLSDataEntities Update Flight with data: Glider-Flight: HB-3407, Pilot: Bonzli Lenni, Flight-Date: 05/25/2026, Starttime: 10:00, LdgTime: 10:30, Flightcode: 60, Nr of Ldgs: 1/0, Flight-Air-State: 20, Flight-Process-State: 50
2026-05-25 05:42:34.4472 FLS.Server.Service.BaseService Have 3 deliveries in result list for sending back to client.
2026-05-25 05:42:34.4557 FLS.Server.Service.Jobs.DeliveryCreationJob 3 deliveries for flights of club Test-Club created.
2026-05-25 05:42:34.4631 FLS.Server.Service.Jobs.DeliveryCreationJob Executed Delivery creation job.
2026-05-25 05:42:37.5113 FLS.Server.Data.FLSDataEntities Update Person with data: [Person -> PersonId: 23004dec-9300-484d-bc2e-966f89edcb59, Lastname: Bonzli, Firstname: Lenni, Midname: Trainee, CompanyName: , AddressLine1: E2E Profile Strasse 1779687750918-82128, AddressLine2: , Zip: 3000, City: Bern, Region: , CountryId: 77cc3be6-95db-11e0-b104-e7f04724019b, PrivatePhone: +41 44 555 2128, MobilePhone: +41 79 555 2128, BusinessPhone: 044 666 55 44, FaxNumber: , EmailPrivate: hans4@muster.ch, EmailBusiness: , PreferMailToBusinessMail: False, Birthday: , HasMotorPilotLicence: False, HasTowPilotLicence: False, HasGliderInstructorLicence: False, HasGliderPilotLicence: False, HasGliderTraineeLicence: True, HasGliderPAXLicence: False, HasTMGLicence: False, HasWinchOperatorLicence: False, HasMotorInstructorLicence: False, HasPartMLicence: False, LicenceNumber: , MedicalClass1ExpireDate: , MedicalClass2ExpireDate: , MedicalLaplExpireDate: , GliderInstructorLicenceExpireDate: , MotorInstructorLicenceExpireDate: , PartMLicenceExpireDate: , HasGliderTowingStartPermission: False, HasGliderSelfStartPermission: False, HasGliderWinchStartPermission: False, SpotLink: , ReceiveOwnedAircraftStatisticReports: True, EnableAddress: True, IsFastEntryRecord: False, CreatedOn: 05/25/2026 05:38:57, CreatedByUserId: 13731ee2-c1d8-455c-8ad1-c39399893fff, ModifiedOn: 05/25/2026 05:42:37, ModifiedByUserId: 36073196-1ee3-4a97-a3fa-f5f60039f041, DeletedOn: , DeletedByUserId: , RecordState: 1, OwnerId: 0fa7b76f-47ba-4138-8f96-671400fd7c83, OwnershipType: 2, IsDeleted: False, DisplayName: Bonzli Lenni, EmailAddressForCommunication: hans4@muster.ch, Id: 23004dec-9300-484d-bc2e-966f89edcb59, DoNotUpdateTimeStampsInMetaData: False,  <- Person]

2026-05-25 05:42:39.8850 FLS.Server.Service.WorkflowService Execute daily flight validation job.
2026-05-25 05:42:39.8904 FLS.Server.Service.Jobs.DailyFlightValidationJob Executing daily flight validation job
2026-05-25 05:42:39.9098 FLS.Server.Service.FlightService Saved the validated flights of today to database.
2026-05-25 05:42:39.9395 FLS.Server.Service.FlightService Saved the validated flights of today to database.
2026-05-25 05:42:40.0098 FLS.Server.Service.FlightService The currently validated flight Glider-Flight: HB-3407, Pilot: Bonzli Lenni, Flight-Date: 05/25/2026, Starttime: 10:00, LdgTime: 10:30, Flightcode: 60, Nr of Ldgs: 1/0, Flight-Air-State: 20, Flight-Process-State: 30 has now the following Process-State: 30 (Gültig)
2026-05-25 05:42:40.0213 FLS.Server.Data.FLSDataEntities Update Flight with data: Glider-Flight: HB-3407, Pilot: Bonzli Lenni, Flight-Date: 05/25/2026, Starttime: 10:00, LdgTime: 10:30, Flightcode: 60, Nr of Ldgs: 1/0, Flight-Air-State: 20, Flight-Process-State: 30
2026-05-25 05:42:40.0490 FLS.Server.Service.FlightService Saved the validated flights of today to database.
2026-05-25 05:42:40.0846 FLS.Server.Service.FlightService The currently validated flight Glider-Flight: HB-3407, Pilot: Bonzli Lenni, Flight-Date: 05/25/2026, Starttime: 10:00, LdgTime: 10:30, Flightcode: 60, Nr of Ldgs: 1/0, Flight-Air-State: 20, Flight-Process-State: 30 has now the following Process-State: 30 (Gültig)
2026-05-25 05:42:40.0958 FLS.Server.Data.FLSDataEntities Update Flight with data: Glider-Flight: HB-3407, Pilot: Bonzli Lenni, Flight-Date: 05/25/2026, Starttime: 10:00, LdgTime: 10:30, Flightcode: 60, Nr of Ldgs: 1/0, Flight-Air-State: 20, Flight-Process-State: 30
2026-05-25 05:42:40.1319 FLS.Server.Service.FlightService Saved the validated flights of today to database.
2026-05-25 05:42:40.1377 FLS.Server.Service.FlightService Saved the validated flights of today to database.
2026-05-25 05:42:40.5412 FLS.Server.Service.WorkflowService Execute daily report job.
2026-05-25 05:42:40.5451 FLS.Server.Service.Jobs.DailyReportJob Executing daily report job
2026-05-25 05:42:40.5507 FLS.Server.Service.Jobs.DailyReportJob Executing daily report job for club: Flugsportgruppe Zueri-Oberland
2026-05-25 05:42:40.5619 FLS.Server.Service.Jobs.DailyReportJob No today flights to send by email for club: Flugsportgruppe Zueri-Oberland
2026-05-25 05:42:40.5657 FLS.Server.Service.Jobs.DailyReportJob Executing daily report job for club: Other-Test-Club
2026-05-25 05:42:40.5767 FLS.Server.Service.Jobs.DailyReportJob No today flights to send by email for club: Other-Test-Club
2026-05-25 05:42:40.5804 FLS.Server.Service.Jobs.DailyReportJob Executing daily report job for club: Test-Club
2026-05-25 05:42:40.5914 FLS.Server.Service.Jobs.DailyReportJob No today flights to send by email for club: Test-Club
2026-05-25 05:42:40.6472 FLS.Server.Service.WorkflowService Execute planning day mail job.
2026-05-25 05:42:40.6510 FLS.Server.Service.Jobs.PlanningDayNotificationJob Executing planning day notification job
2026-05-25 05:42:40.6606 FLS.Server.Service.Jobs.PlanningDayNotificationJob No planning days for tomorrow for club Flugsportgruppe Zueri-Oberland found, no email will be sent.
2026-05-25 05:42:40.6678 FLS.Server.Service.Jobs.PlanningDayNotificationJob No planning days for tomorrow for club Other-Test-Club found, no email will be sent.
2026-05-25 05:42:40.7635 FLS.Server.Service.Email.EmailSendService Sent email to recipient: test@glider-fls.ch with subject: Flugtag vom 05/26/2026 in Speck Fehraltorf findet statt, and Body: <!DOCTYPE html PUBLIC "-//W3C//DTD XHTML 1.0 Transitional//EN" "http://www.w3.org/TR/xhtml1/DTD/xhtml1-transitional.dtd">
<html xmlns="http://www.w3.org/1999/xhtml">

<head>
<meta content="en-gb" http-equiv="Content-Language" />
<meta content="text/html; charset=utf-8" http-equiv="Content-Type" />
<title>Flugtag vom 05/26/2026 in Speck Fehraltorf findet statt</title>
<style type="text/css">

body {
    font-family: Arial, Helvetica, Sans-Serif;
    font-size: 14px;
}
.datagrid table { border-collapse: collapse; text-align: left; width: 100%; }
.datagrid {font: normal 12px/150% Arial, Helvetica, sans-serif; background: #fff; overflow: hidden; border: 1px solid #006699; }
.datagrid table td, 
.datagrid table th { padding: 3px 10px; }
.datagrid table thead th {background:-webkit-gradient( linear, left top, left bottom, color-stop(0.05, #006699), color-stop(1, #00557F) );background:-moz-linear-gradient( center top, #006699 5%, #00557F 100% );filter:progid:DXImageTransform.Microsoft.gradient(startColorstr='#006699', endColorstr='#00557F');background-color:#006699; color:#ffffff; font-size: 15px; font-weight: bold; border-left: 1px solid #0070A8; } 
.datagrid table thead th:first-child { border: none; }
.datagrid table tbody td { color: #00496B; border-left: 1px solid #E1EEF4;font-size: 12px;font-weight: normal; }
.datagrid table tbody .alt td { background: #E1EEF4; color: #00496B; }
.datagrid table tbody td:first-child { border-left: none; }
.datagrid table tbody tr:last-child td { border-bottom: none; }
</style>
</head>

<body>
<p>
Hallo zusammen...
</p>
<p>
Der Flugtag vom 05/26/2026 in Speck Fehraltorf findet statt (sofern das Wetter dann auch noch mitspielt).
</p>
<p>
Eingeteilter Flugdienstleiter: Stahel Morli<br>
Eingeteilter Schlepppilot: Egli Elias<br><br>
Eingeteilter Segelfluglehrer: <br><br>
Bemerkungen: Test
</p>

Flugzeugreservationen:
<div class="datagrid">
<table>
    <thead>
        <tr>
            <th>Flugzeug</th>
            <th>Pilot</th>
            <th>Reservations-Typ</th>
            <th>Reservations-Zeit</th>
            <th>Fluglehrer</th>
        </tr>
    </thead>
    <tbody>

    
        <tr 
                >
            <td>HB-PDL</td>
            <td>Stahel Morli</td>
            <td>Marketingflug</td>
			<td>Ganzer Tag</td>
            <td></td>
        </tr>

        
</tbody>
</table>
</div>

<p>Herzliche Grüsse</p>
<p>Flight Logging System</p>

</body>

</html>

2026-05-25 05:42:40.8264 FLS.Server.Service.Email.EmailSendService Sent email to recipient: test@glider-fls.ch with subject: Flugtag vom 05/26/2026 in Speck Fehraltorf findet statt, and Body: <!DOCTYPE html PUBLIC "-//W3C//DTD XHTML 1.0 Transitional//EN" "http://www.w3.org/TR/xhtml1/DTD/xhtml1-transitional.dtd">
<html xmlns="http://www.w3.org/1999/xhtml">

<head>
<meta content="en-gb" http-equiv="Content-Language" />
<meta content="text/html; charset=utf-8" http-equiv="Content-Type" />
<title>Flugtag vom 05/26/2026 in Speck Fehraltorf findet statt</title>
<style type="text/css">

body {
    font-family: Arial, Helvetica, Sans-Serif;
    font-size: 14px;
}
.datagrid table { border-collapse: collapse; text-align: left; width: 100%; }
.datagrid {font: normal 12px/150% Arial, Helvetica, sans-serif; background: #fff; overflow: hidden; border: 1px solid #006699; }
.datagrid table td, 
.datagrid table th { padding: 3px 10px; }
.datagrid table thead th {background:-webkit-gradient( linear, left top, left bottom, color-stop(0.05, #006699), color-stop(1, #00557F) );background:-moz-linear-gradient( center top, #006699 5%, #00557F 100% );filter:progid:DXImageTransform.Microsoft.gradient(startColorstr='#006699', endColorstr='#00557F');background-color:#006699; color:#ffffff; font-size: 15px; font-weight: bold; border-left: 1px solid #0070A8; } 
.datagrid table thead th:first-child { border: none; }
.datagrid table tbody td { color: #00496B; border-left: 1px solid #E1EEF4;font-size: 12px;font-weight: normal; }
.datagrid table tbody .alt td { background: #E1EEF4; color: #00496B; }
.datagrid table tbody td:first-child { border-left: none; }
.datagrid table tbody tr:last-child td { border-bottom: none; }
</style>
</head>

<body>
<p>
Hallo zusammen...
</p>
<p>
Der Flugtag vom 05/26/2026 in Speck Fehraltorf findet statt (sofern das Wetter dann auch noch mitspielt).
</p>
<p>
Eingeteilter Flugdienstleiter: Stahel Morli<br>
Eingeteilter Schlepppilot: Rieterman Conny<br><br>
Eingeteilter Segelfluglehrer: <br><br>
Bemerkungen: Test2
</p>

Flugzeugreservationen:
<div class="datagrid">
<table>
    <thead>
        <tr>
            <th>Flugzeug</th>
            <th>Pilot</th>
            <th>Reservations-Typ</th>
            <th>Reservations-Zeit</th>
            <th>Fluglehrer</th>
        </tr>
    </thead>
    <tbody>

    
        <tr 
                >
            <td>HB-PDL</td>
            <td>Stahel Morli</td>
            <td>Marketingflug</td>
			<td>Ganzer Tag</td>
            <td></td>
        </tr>

        
</tbody>
</table>
</div>

<p>Herzliche Grüsse</p>
<p>Flight Logging System</p>

</body>

</html>

2026-05-25 05:42:40.8875 FLS.Server.Service.WorkflowService Execute delivery creation job.
2026-05-25 05:42:40.8913 FLS.Server.Service.Jobs.DeliveryCreationJob Executing Delivery creation job
2026-05-25 05:42:40.9036 FLS.Server.Service.BaseService Queried Flights for accounting and got 0 flights back.
2026-05-25 05:42:40.9260 FLS.Server.Service.BaseService Get 52 AccountingRuleFilters of clubId: 0fa7b76f-47ba-4138-8f96-671400fd7c83
2026-05-25 05:42:40.9382 FLS.Server.Service.BaseService Have 0 deliveries in result list for sending back to client.
2026-05-25 05:42:40.9422 FLS.Server.Service.Jobs.DeliveryCreationJob 0 deliveries for flights of club Test-Club created.
2026-05-25 05:42:40.9461 FLS.Server.Service.Jobs.DeliveryCreationJob Executed Delivery creation job.
