FLS Server starting on http://*:25567/
MonoStartup.Configuration called
SetDataProtectionProvider done
OAuthOptions.AccessTokenFormat set to Microsoft.Owin.Security.DataHandler.TicketDataFormat
Create new FLS.Server.WebApi.UnityConfig.UnityContainer: 748062253
FLS Server READY on http://*:25567/
Press Ctrl+C to stop
2026-09-28 10:41:18.8202 FLS.Server.WebApi.ActionFilters.UnhandledExceptionFilterAttribute HttpStatusCode: InternalServerError with error message: Resolution of the dependency failed, type = "FLS.Server.Service.UserService", name = "(none)".
Exception occurred while: Calling constructor FLS.Server.Service.Email.EmailSendService(FLS.Server.Service.DataAccessService dataAccessService).
Exception is: EntityException - The underlying provider failed on Open.
-----------------------------------------------
At the time of the exception, the container was:

  Resolving FLS.Server.Service.UserService,(none)
  Resolving parameter "passwordEmailService" of constructor FLS.Server.Service.UserService(FLS.Server.Service.DataAccessService dataAccessService, FLS.Server.Data.IIdentityService identityService, FLS.Server.Service.Email.UserAccountEmailBuildService passwordEmailService)
    Resolving FLS.Server.Service.Email.UserAccountEmailBuildService,(none)
    Resolving parameter "emailSendService" of constructor FLS.Server.Service.Email.UserAccountEmailBuildService(FLS.Server.Service.DataAccessService dataAccessService, FLS.Server.Service.Email.IEmailSendService emailSendService, FLS.Server.Service.TemplateService templateService)
      Resolving FLS.Server.Service.Email.EmailSendService,(none) (mapped from FLS.Server.Service.Email.IEmailSendService, (none))
      Calling constructor FLS.Server.Service.Email.EmailSendService(FLS.Server.Service.DataAccessService dataAccessService)
, Exception: Microsoft.Practices.Unity.ResolutionFailedException: Resolution of the dependency failed, type = "FLS.Server.Service.UserService", name = "(none)".
Exception occurred while: Calling constructor FLS.Server.Service.Email.EmailSendService(FLS.Server.Service.DataAccessService dataAccessService).
Exception is: EntityException - The underlying provider failed on Open.
-----------------------------------------------
At the time of the exception, the container was:

  Resolving FLS.Server.Service.UserService,(none)
  Resolving parameter "passwordEmailService" of constructor FLS.Server.Service.UserService(FLS.Server.Service.DataAccessService dataAccessService, FLS.Server.Data.IIdentityService identityService, FLS.Server.Service.Email.UserAccountEmailBuildService passwordEmailService)
    Resolving FLS.Server.Service.Email.UserAccountEmailBuildService,(none)
    Resolving parameter "emailSendService" of constructor FLS.Server.Service.Email.UserAccountEmailBuildService(FLS.Server.Service.DataAccessService dataAccessService, FLS.Server.Service.Email.IEmailSendService emailSendService, FLS.Server.Service.TemplateService templateService)
      Resolving FLS.Server.Service.Email.EmailSendService,(none) (mapped from FLS.Server.Service.Email.IEmailSendService, (none))
      Calling constructor FLS.Server.Service.Email.EmailSendService(FLS.Server.Service.DataAccessService dataAccessService)
 ---> System.Data.Entity.Core.EntityException: The underlying provider failed on Open. ---> System.InvalidOperationException: Timeout expired.  The timeout period elapsed prior to obtaining a connection from the pool.  This may have occurred because all pooled connections were in use and max pool size was reached.
  at System.Data.ProviderBase.DbConnectionFactory.TryGetConnection (System.Data.Common.DbConnection owningConnection, System.Threading.Tasks.TaskCompletionSource`1[TResult] retry, System.Data.Common.DbConnectionOptions userOptions, System.Data.ProviderBase.DbConnectionInternal oldConnection, System.Data.ProviderBase.DbConnectionInternal& connection) [0x0024d] in <5cacff0b76ce45dfa780aae0bc1e2fd5>:0 
  at System.Data.ProviderBase.DbConnectionInternal.TryOpenConnectionInternal (System.Data.Common.DbConnection outerConnection, System.Data.ProviderBase.DbConnectionFactory connectionFactory, System.Threading.Tasks.TaskCompletionSource`1[TResult] retry, System.Data.Common.DbConnectionOptions userOptions) [0x00036] in <5cacff0b76ce45dfa780aae0bc1e2fd5>:0 
  at System.Data.ProviderBase.DbConnectionClosed.TryOpenConnection (System.Data.Common.DbConnection outerConnection, System.Data.ProviderBase.DbConnectionFactory connectionFactory, System.Threading.Tasks.TaskCompletionSource`1[TResult] retry, System.Data.Common.DbConnectionOptions userOptions) [0x00000] in <5cacff0b76ce45dfa780aae0bc1e2fd5>:0 
  at System.Data.SqlClient.SqlConnection.TryOpen (System.Threading.Tasks.TaskCompletionSource`1[TResult] retry) [0x0005d] in <5cacff0b76ce45dfa780aae0bc1e2fd5>:0 
  at System.Data.SqlClient.SqlConnection.Open () [0x0003b] in <5cacff0b76ce45dfa780aae0bc1e2fd5>:0 
  at System.Data.Entity.Infrastructure.Interception.DbConnectionDispatcher.<Open>b__36 (System.Data.Common.DbConnection t, System.Data.Entity.Infrastructure.Interception.DbConnectionInterceptionContext c) [0x00000] in <b7b192e5a05f4f14a14aa0d5b14aeeeb>:0 
  at System.Data.Entity.Infrastructure.Interception.InternalDispatcher`1[TInterceptor].Dispatch[TTarget,TInterceptionContext] (TTarget target, System.Action`2[T1,T2] operation, TInterceptionContext interceptionContext, System.Action`3[T1,T2,T3] executing, System.Action`3[T1,T2,T3] executed) [0x0000f] in <b7b192e5a05f4f14a14aa0d5b14aeeeb>:0 
  at System.Data.Entity.Infrastructure.Interception.DbConnectionDispatcher.Open (System.Data.Common.DbConnection connection, System.Data.Entity.Infrastructure.Interception.DbInterceptionContext interceptionContext) [0x00042] in <b7b192e5a05f4f14a14aa0d5b14aeeeb>:0 
  at System.Data.Entity.Core.EntityClient.EntityConnection.<Open>b__2 () [0x00016] in <b7b192e5a05f4f14a14aa0d5b14aeeeb>:0 
  at System.Data.Entity.SqlServer.DefaultSqlExecutionStrategy+<>c__DisplayClass1.<Execute>b__0 () [0x00000] in <5c51bb66ce2c412d8224b39ad2626fbe>:0 
  at System.Data.Entity.SqlServer.DefaultSqlExecutionStrategy.Execute[TResult] (System.Func`1[TResult] operation) [0x00036] in <5c51bb66ce2c412d8224b39ad2626fbe>:0 
  at System.Data.Entity.SqlServer.DefaultSqlExecutionStrategy.Execute (System.Action operation) [0x00020] in <5c51bb66ce2c412d8224b39ad2626fbe>:0 
  at System.Data.Entity.Core.EntityClient.EntityConnection.Open () [0x00082] in <b7b192e5a05f4f14a14aa0d5b14aeeeb>:0 
   --- End of inner exception stack trace ---
  at System.Data.Entity.Core.EntityClient.EntityConnection.Open () [0x000b5] in <b7b192e5a05f4f14a14aa0d5b14aeeeb>:0 
  at System.Data.Entity.Core.Objects.ObjectContext.EnsureConnection (System.Boolean shouldMonitorTransactions) [0x00038] in <b7b192e5a05f4f14a14aa0d5b14aeeeb>:0 
  at System.Data.Entity.Core.Objects.ObjectContext.ExecuteInTransaction[T] (System.Func`1[TResult] func, System.Data.Entity.Infrastructure.IDbExecutionStrategy executionStrategy, System.Boolean startLocalTransaction, System.Boolean releaseConnectionOnSuccess) [0x00000] in <b7b192e5a05f4f14a14aa0d5b14aeeeb>:0 
  at System.Data.Entity.Core.Objects.ObjectQuery`1+<>c__DisplayClass7[T].<GetResults>b__5 () [0x00033] in <b7b192e5a05f4f14a14aa0d5b14aeeeb>:0 
  at System.Data.Entity.SqlServer.DefaultSqlExecutionStrategy.Execute[TResult] (System.Func`1[TResult] operation) [0x00036] in <5c51bb66ce2c412d8224b39ad2626fbe>:0 
  at System.Data.Entity.Core.Objects.ObjectQuery`1[T].GetResults (System.Nullable`1[T] forMergeOption) [0x00093] in <b7b192e5a05f4f14a14aa0d5b14aeeeb>:0 
  at System.Data.Entity.Core.Objects.ObjectQuery`1[T].<System.Collections.Generic.IEnumerable<T>.GetEnumerator>b__0 () [0x00000] in <b7b192e5a05f4f14a14aa0d5b14aeeeb>:0 
  at System.Data.Entity.Internal.LazyEnumerator`1[T].MoveNext () [0x00008] in <b7b192e5a05f4f14a14aa0d5b14aeeeb>:0 
  at System.Linq.Enumerable.TryGetFirst[TSource] (System.Collections.Generic.IEnumerable`1[T] source, System.Boolean& found) [0x00045] in <69ada62907b24213a012734531df1db1>:0 
  at System.Linq.Enumerable.FirstOrDefault[TSource] (System.Collections.Generic.IEnumerable`1[T] source) [0x00000] in <69ada62907b24213a012734531df1db1>:0 
  at System.Data.Entity.Core.Objects.ELinq.ObjectQueryProvider.<GetElementFunction>b__1[TResult] (System.Collections.Generic.IEnumerable`1[T] sequence) [0x00000] in <b7b192e5a05f4f14a14aa0d5b14aeeeb>:0 
  at System.Data.Entity.Core.Objects.ELinq.ObjectQueryProvider.ExecuteSingle[TResult] (System.Collections.Generic.IEnumerable`1[T] query, System.Linq.Expressions.Expression queryRoot) [0x00006] in <b7b192e5a05f4f14a14aa0d5b14aeeeb>:0 
  at System.Data.Entity.Core.Objects.ELinq.ObjectQueryProvider.System.Linq.IQueryProvider.Execute[TResult] (System.Linq.Expressions.Expression expression) [0x00014] in <b7b192e5a05f4f14a14aa0d5b14aeeeb>:0 
  at System.Data.Entity.Internal.Linq.DbQueryProvider.Execute[TResult] (System.Linq.Expressions.Expression expression) [0x00022] in <b7b192e5a05f4f14a14aa0d5b14aeeeb>:0 
  at System.Linq.Queryable.FirstOrDefault[TSource] (System.Linq.IQueryable`1[T] source) [0x0002f] in <69ada62907b24213a012734531df1db1>:0 
  at FLS.Server.Service.Email.EmailSendService..ctor (FLS.Server.Service.DataAccessService dataAccessService) [0x00022] in <4c901c8bc32e45b4b64fedc4c20a1dd6>:0 
  at (wrapper dynamic-method) System.Object.lambda_method(System.Runtime.CompilerServices.Closure,Microsoft.Practices.ObjectBuilder2.IBuilderContext)
  at Microsoft.Practices.ObjectBuilder2.DynamicBuildPlanGenerationContext+<>c__DisplayClass1.<GetBuildMethod>b__0 (Microsoft.Practices.ObjectBuilder2.IBuilderContext context) [0x00000] in <ba86a34b2f2c4964b8c588538e94514f>:0 
  at Microsoft.Practices.ObjectBuilder2.DynamicMethodBuildPlan.BuildUp (Microsoft.Practices.ObjectBuilder2.IBuilderContext context) [0x00000] in <ba86a34b2f2c4964b8c588538e94514f>:0 
  at Microsoft.Practices.ObjectBuilder2.BuildPlanStrategy.PreBuildUp (Microsoft.Practices.ObjectBuilder2.IBuilderContext context) [0x00064] in <ba86a34b2f2c4964b8c588538e94514f>:0 
  at Microsoft.Practices.ObjectBuilder2.StrategyChain.ExecuteBuildUp (Microsoft.Practices.ObjectBuilder2.IBuilderContext context) [0x0007c] in <ba86a34b2f2c4964b8c588538e94514f>:0 
  at Microsoft.Practices.ObjectBuilder2.BuilderContext.NewBuildUp (Microsoft.Practices.ObjectBuilder2.NamedTypeBuildKey newBuildKey) [0x0003b] in <ba86a34b2f2c4964b8c588538e94514f>:0 
  at Microsoft.Practices.Unity.ObjectBuilder.NamedTypeDependencyResolverPolicy.Resolve (Microsoft.Practices.ObjectBuilder2.IBuilderContext context) [0x0001d] in <ba86a34b2f2c4964b8c588538e94514f>:0 
  at (wrapper dynamic-method) System.Object.lambda_method(System.Runtime.CompilerServices.Closure,Microsoft.Practices.ObjectBuilder2.IBuilderContext)
  at Microsoft.Practices.ObjectBuilder2.DynamicBuildPlanGenerationContext+<>c__DisplayClass1.<GetBuildMethod>b__0 (Microsoft.Practices.ObjectBuilder2.IBuilderContext context) [0x00000] in <ba86a34b2f2c4964b8c588538e94514f>:0 
  at Microsoft.Practices.ObjectBuilder2.DynamicMethodBuildPlan.BuildUp (Microsoft.Practices.ObjectBuilder2.IBuilderContext context) [0x00000] in <ba86a34b2f2c4964b8c588538e94514f>:0 
  at Microsoft.Practices.ObjectBuilder2.BuildPlanStrategy.PreBuildUp (Microsoft.Practices.ObjectBuilder2.IBuilderContext context) [0x00064] in <ba86a34b2f2c4964b8c588538e94514f>:0 
  at Microsoft.Practices.ObjectBuilder2.StrategyChain.ExecuteBuildUp (Microsoft.Practices.ObjectBuilder2.IBuilderContext context) [0x0007c] in <ba86a34b2f2c4964b8c588538e94514f>:0 
  at Microsoft.Practices.ObjectBuilder2.BuilderContext.NewBuildUp (Microsoft.Practices.ObjectBuilder2.NamedTypeBuildKey newBuildKey) [0x0003b] in <ba86a34b2f2c4964b8c588538e94514f>:0 
  at Microsoft.Practices.Unity.ObjectBuilder.NamedTypeDependencyResolverPolicy.Resolve (Microsoft.Practices.ObjectBuilder2.IBuilderContext context) [0x0001d] in <ba86a34b2f2c4964b8c588538e94514f>:0 
  at (wrapper dynamic-method) System.Object.lambda_method(System.Runtime.CompilerServices.Closure,Microsoft.Practices.ObjectBuilder2.IBuilderContext)
  at Microsoft.Practices.ObjectBuilder2.DynamicBuildPlanGenerationContext+<>c__DisplayClass1.<GetBuildMethod>b__0 (Microsoft.Practices.ObjectBuilder2.IBuilderContext context) [0x00000] in <ba86a34b2f2c4964b8c588538e94514f>:0 
  at Microsoft.Practices.ObjectBuilder2.DynamicMethodBuildPlan.BuildUp (Microsoft.Practices.ObjectBuilder2.IBuilderContext context) [0x00000] in <ba86a34b2f2c4964b8c588538e94514f>:0 
  at Microsoft.Practices.ObjectBuilder2.BuildPlanStrategy.PreBuildUp (Microsoft.Practices.ObjectBuilder2.IBuilderContext context) [0x00064] in <ba86a34b2f2c4964b8c588538e94514f>:0 
  at Microsoft.Practices.ObjectBuilder2.StrategyChain.ExecuteBuildUp (Microsoft.Practices.ObjectBuilder2.IBuilderContext context) [0x0007c] in <ba86a34b2f2c4964b8c588538e94514f>:0 
  at Microsoft.Practices.Unity.UnityContainer.DoBuildUp (System.Type t, System.Object existing, System.String name, System.Collections.Generic.IEnumerable`1[T] resolverOverrides) [0x00068] in <ba86a34b2f2c4964b8c588538e94514f>:0 
   --- End of inner exception stack trace ---
  at Microsoft.Practices.Unity.UnityContainer.DoBuildUp (System.Type t, System.Object existing, System.String name, System.Collections.Generic.IEnumerable`1[T] resolverOverrides) [0x0007b] in <ba86a34b2f2c4964b8c588538e94514f>:0 
  at Microsoft.Practices.Unity.UnityContainer.DoBuildUp (System.Type t, System.String name, System.Collections.Generic.IEnumerable`1[T] resolverOverrides) [0x00000] in <ba86a34b2f2c4964b8c588538e94514f>:0 
  at Microsoft.Practices.Unity.UnityContainer.Resolve (System.Type t, System.String name, Microsoft.Practices.Unity.ResolverOverride[] resolverOverrides) [0x00000] in <ba86a34b2f2c4964b8c588538e94514f>:0 
  at Microsoft.Practices.Unity.UnityContainerExtensions.Resolve (Microsoft.Practices.Unity.IUnityContainer container, System.Type t, Microsoft.Practices.Unity.ResolverOverride[] overrides) [0x0000b] in <ba86a34b2f2c4964b8c588538e94514f>:0 
  at Microsoft.Practices.Unity.WebApi.UnityDependencyResolver+SharedDependencyScope.GetService (System.Type serviceType) [0x00000] in <62b6cefcf48647ebbd3f66f90f13572b>:0 
  at FLS.Server.WebApi.ActionFilters.UserInitActionFilter.OnActionExecuting (System.Web.Http.Controllers.HttpActionContext actionContext) [0x00023] in <1bc737b9f479432b884a1e05f137f086>:0 
  at System.Web.Http.Filters.ActionFilterAttribute.OnActionExecutingAsync (System.Web.Http.Controllers.HttpActionContext actionContext, System.Threading.CancellationToken cancellationToken) [0x00000] in <4f8d88aa02d546f6963914471854cb7c>:0 
--- End of stack trace from previous location where exception was thrown ---

  at System.Web.Http.Filters.ActionFilterAttribute.ExecuteActionFilterAsyncCore (System.Web.Http.Controllers.HttpActionContext actionContext, System.Threading.CancellationToken cancellationToken, System.Func`1[TResult] continuation) [0x00078] in <4f8d88aa02d546f6963914471854cb7c>:0 
  at System.Web.Http.Controllers.ActionFilterResult.ExecuteAsync (System.Threading.CancellationToken cancellationToken) [0x001a4] in <4f8d88aa02d546f6963914471854cb7c>:0 
  at System.Web.Http.Filters.AuthorizationFilterAttribute.ExecuteAuthorizationFilterAsyncCore (System.Web.Http.Controllers.HttpActionContext actionContext, System.Threading.CancellationToken cancellationToken, System.Func`1[TResult] continuation) [0x000f3] in <4f8d88aa02d546f6963914471854cb7c>:0 
  at System.Web.Http.Controllers.AuthenticationFilterResult.ExecuteAsync (System.Threading.CancellationToken cancellationToken) [0x00265] in <4f8d88aa02d546f6963914471854cb7c>:0 
  at System.Web.Http.Controllers.ExceptionFilterResult.ExecuteAsync (System.Threading.CancellationToken cancellationToken) [0x00087] in <4f8d88aa02d546f6963914471854cb7c>:0 , InnerException: System.Data.Entity.Core.EntityException: The underlying provider failed on Open. ---> System.InvalidOperationException: Timeout expired.  The timeout period elapsed prior to obtaining a connection from the pool.  This may have occurred because all pooled connections were in use and max pool size was reached.
  at System.Data.ProviderBase.DbConnectionFactory.TryGetConnection (System.Data.Common.DbConnection owningConnection, System.Threading.Tasks.TaskCompletionSource`1[TResult] retry, System.Data.Common.DbConnectionOptions userOptions, System.Data.ProviderBase.DbConnectionInternal oldConnection, System.Data.ProviderBase.DbConnectionInternal& connection) [0x0024d] in <5cacff0b76ce45dfa780aae0bc1e2fd5>:0 
  at System.Data.ProviderBase.DbConnectionInternal.TryOpenConnectionInternal (System.Data.Common.DbConnection outerConnection, System.Data.ProviderBase.DbConnectionFactory connectionFactory, System.Threading.Tasks.TaskCompletionSource`1[TResult] retry, System.Data.Common.DbConnectionOptions userOptions) [0x00036] in <5cacff0b76ce45dfa780aae0bc1e2fd5>:0 
  at System.Data.ProviderBase.DbConnectionClosed.TryOpenConnection (System.Data.Common.DbConnection outerConnection, System.Data.ProviderBase.DbConnectionFactory connectionFactory, System.Threading.Tasks.TaskCompletionSource`1[TResult] retry, System.Data.Common.DbConnectionOptions userOptions) [0x00000] in <5cacff0b76ce45dfa780aae0bc1e2fd5>:0 
  at System.Data.SqlClient.SqlConnection.TryOpen (System.Threading.Tasks.TaskCompletionSource`1[TResult] retry) [0x0005d] in <5cacff0b76ce45dfa780aae0bc1e2fd5>:0 
  at System.Data.SqlClient.SqlConnection.Open () [0x0003b] in <5cacff0b76ce45dfa780aae0bc1e2fd5>:0 
  at System.Data.Entity.Infrastructure.Interception.DbConnectionDispatcher.<Open>b__36 (System.Data.Common.DbConnection t, System.Data.Entity.Infrastructure.Interception.DbConnectionInterceptionContext c) [0x00000] in <b7b192e5a05f4f14a14aa0d5b14aeeeb>:0 
  at System.Data.Entity.Infrastructure.Interception.InternalDispatcher`1[TInterceptor].Dispatch[TTarget,TInterceptionContext] (TTarget target, System.Action`2[T1,T2] operation, TInterceptionContext interceptionContext, System.Action`3[T1,T2,T3] executing, System.Action`3[T1,T2,T3] executed) [0x0000f] in <b7b192e5a05f4f14a14aa0d5b14aeeeb>:0 
  at System.Data.Entity.Infrastructure.Interception.DbConnectionDispatcher.Open (System.Data.Common.DbConnection connection, System.Data.Entity.Infrastructure.Interception.DbInterceptionContext interceptionContext) [0x00042] in <b7b192e5a05f4f14a14aa0d5b14aeeeb>:0 
  at System.Data.Entity.Core.EntityClient.EntityConnection.<Open>b__2 () [0x00016] in <b7b192e5a05f4f14a14aa0d5b14aeeeb>:0 
  at System.Data.Entity.SqlServer.DefaultSqlExecutionStrategy+<>c__DisplayClass1.<Execute>b__0 () [0x00000] in <5c51bb66ce2c412d8224b39ad2626fbe>:0 
  at System.Data.Entity.SqlServer.DefaultSqlExecutionStrategy.Execute[TResult] (System.Func`1[TResult] operation) [0x00036] in <5c51bb66ce2c412d8224b39ad2626fbe>:0 
  at System.Data.Entity.SqlServer.DefaultSqlExecutionStrategy.Execute (System.Action operation) [0x00020] in <5c51bb66ce2c412d8224b39ad2626fbe>:0 
  at System.Data.Entity.Core.EntityClient.EntityConnection.Open () [0x00082] in <b7b192e5a05f4f14a14aa0d5b14aeeeb>:0 
   --- End of inner exception stack trace ---
  at System.Data.Entity.Core.EntityClient.EntityConnection.Open () [0x000b5] in <b7b192e5a05f4f14a14aa0d5b14aeeeb>:0 
  at System.Data.Entity.Core.Objects.ObjectContext.EnsureConnection (System.Boolean shouldMonitorTransactions) [0x00038] in <b7b192e5a05f4f14a14aa0d5b14aeeeb>:0 
  at System.Data.Entity.Core.Objects.ObjectContext.ExecuteInTransaction[T] (System.Func`1[TResult] func, System.Data.Entity.Infrastructure.IDbExecutionStrategy executionStrategy, System.Boolean startLocalTransaction, System.Boolean releaseConnectionOnSuccess) [0x00000] in <b7b192e5a05f4f14a14aa0d5b14aeeeb>:0 
  at System.Data.Entity.Core.Objects.ObjectQuery`1+<>c__DisplayClass7[T].<GetResults>b__5 () [0x00033] in <b7b192e5a05f4f14a14aa0d5b14aeeeb>:0 
  at System.Data.Entity.SqlServer.DefaultSqlExecutionStrategy.Execute[TResult] (System.Func`1[TResult] operation) [0x00036] in <5c51bb66ce2c412d8224b39ad2626fbe>:0 
  at System.Data.Entity.Core.Objects.ObjectQuery`1[T].GetResults (System.Nullable`1[T] forMergeOption) [0x00093] in <b7b192e5a05f4f14a14aa0d5b14aeeeb>:0 
  at System.Data.Entity.Core.Objects.ObjectQuery`1[T].<System.Collections.Generic.IEnumerable<T>.GetEnumerator>b__0 () [0x00000] in <b7b192e5a05f4f14a14aa0d5b14aeeeb>:0 
  at System.Data.Entity.Internal.LazyEnumerator`1[T].MoveNext () [0x00008] in <b7b192e5a05f4f14a14aa0d5b14aeeeb>:0 
  at System.Linq.Enumerable.TryGetFirst[TSource] (System.Collections.Generic.IEnumerable`1[T] source, System.Boolean& found) [0x00045] in <69ada62907b24213a012734531df1db1>:0 
  at System.Linq.Enumerable.FirstOrDefault[TSource] (System.Collections.Generic.IEnumerable`1[T] source) [0x00000] in <69ada62907b24213a012734531df1db1>:0 
  at System.Data.Entity.Core.Objects.ELinq.ObjectQueryProvider.<GetElementFunction>b__1[TResult] (System.Collections.Generic.IEnumerable`1[T] sequence) [0x00000] in <b7b192e5a05f4f14a14aa0d5b14aeeeb>:0 
  at System.Data.Entity.Core.Objects.ELinq.ObjectQueryProvider.ExecuteSingle[TResult] (System.Collections.Generic.IEnumerable`1[T] query, System.Linq.Expressions.Expression queryRoot) [0x00006] in <b7b192e5a05f4f14a14aa0d5b14aeeeb>:0 
  at System.Data.Entity.Core.Objects.ELinq.ObjectQueryProvider.System.Linq.IQueryProvider.Execute[TResult] (System.Linq.Expressions.Expression expression) [0x00014] in <b7b192e5a05f4f14a14aa0d5b14aeeeb>:0 
  at System.Data.Entity.Internal.Linq.DbQueryProvider.Execute[TResult] (System.Linq.Expressions.Expression expression) [0x00022] in <b7b192e5a05f4f14a14aa0d5b14aeeeb>:0 
  at System.Linq.Queryable.FirstOrDefault[TSource] (System.Linq.IQueryable`1[T] source) [0x0002f] in <69ada62907b24213a012734531df1db1>:0 
  at FLS.Server.Service.Email.EmailSendService..ctor (FLS.Server.Service.DataAccessService dataAccessService) [0x00022] in <4c901c8bc32e45b4b64fedc4c20a1dd6>:0 
  at (wrapper dynamic-method) System.Object.lambda_method(System.Runtime.CompilerServices.Closure,Microsoft.Practices.ObjectBuilder2.IBuilderContext)
  at Microsoft.Practices.ObjectBuilder2.DynamicBuildPlanGenerationContext+<>c__DisplayClass1.<GetBuildMethod>b__0 (Microsoft.Practices.ObjectBuilder2.IBuilderContext context) [0x00000] in <ba86a34b2f2c4964b8c588538e94514f>:0 
  at Microsoft.Practices.ObjectBuilder2.DynamicMethodBuildPlan.BuildUp (Microsoft.Practices.ObjectBuilder2.IBuilderContext context) [0x00000] in <ba86a34b2f2c4964b8c588538e94514f>:0 
  at Microsoft.Practices.ObjectBuilder2.BuildPlanStrategy.PreBuildUp (Microsoft.Practices.ObjectBuilder2.IBuilderContext context) [0x00064] in <ba86a34b2f2c4964b8c588538e94514f>:0 
  at Microsoft.Practices.ObjectBuilder2.StrategyChain.ExecuteBuildUp (Microsoft.Practices.ObjectBuilder2.IBuilderContext context) [0x0007c] in <ba86a34b2f2c4964b8c588538e94514f>:0 
  at Microsoft.Practices.ObjectBuilder2.BuilderContext.NewBuildUp (Microsoft.Practices.ObjectBuilder2.NamedTypeBuildKey newBuildKey) [0x0003b] in <ba86a34b2f2c4964b8c588538e94514f>:0 
  at Microsoft.Practices.Unity.ObjectBuilder.NamedTypeDependencyResolverPolicy.Resolve (Microsoft.Practices.ObjectBuilder2.IBuilderContext context) [0x0001d] in <ba86a34b2f2c4964b8c588538e94514f>:0 
  at (wrapper dynamic-method) System.Object.lambda_method(System.Runtime.CompilerServices.Closure,Microsoft.Practices.ObjectBuilder2.IBuilderContext)
  at Microsoft.Practices.ObjectBuilder2.DynamicBuildPlanGenerationContext+<>c__DisplayClass1.<GetBuildMethod>b__0 (Microsoft.Practices.ObjectBuilder2.IBuilderContext context) [0x00000] in <ba86a34b2f2c4964b8c588538e94514f>:0 
  at Microsoft.Practices.ObjectBuilder2.DynamicMethodBuildPlan.BuildUp (Microsoft.Practices.ObjectBuilder2.IBuilderContext context) [0x00000] in <ba86a34b2f2c4964b8c588538e94514f>:0 
  at Microsoft.Practices.ObjectBuilder2.BuildPlanStrategy.PreBuildUp (Microsoft.Practices.ObjectBuilder2.IBuilderContext context) [0x00064] in <ba86a34b2f2c4964b8c588538e94514f>:0 
  at Microsoft.Practices.ObjectBuilder2.StrategyChain.ExecuteBuildUp (Microsoft.Practices.ObjectBuilder2.IBuilderContext context) [0x0007c] in <ba86a34b2f2c4964b8c588538e94514f>:0 
  at Microsoft.Practices.ObjectBuilder2.BuilderContext.NewBuildUp (Microsoft.Practices.ObjectBuilder2.NamedTypeBuildKey newBuildKey) [0x0003b] in <ba86a34b2f2c4964b8c588538e94514f>:0 
  at Microsoft.Practices.Unity.ObjectBuilder.NamedTypeDependencyResolverPolicy.Resolve (Microsoft.Practices.ObjectBuilder2.IBuilderContext context) [0x0001d] in <ba86a34b2f2c4964b8c588538e94514f>:0 
  at (wrapper dynamic-method) System.Object.lambda_method(System.Runtime.CompilerServices.Closure,Microsoft.Practices.ObjectBuilder2.IBuilderContext)
  at Microsoft.Practices.ObjectBuilder2.DynamicBuildPlanGenerationContext+<>c__DisplayClass1.<GetBuildMethod>b__0 (Microsoft.Practices.ObjectBuilder2.IBuilderContext context) [0x00000] in <ba86a34b2f2c4964b8c588538e94514f>:0 
  at Microsoft.Practices.ObjectBuilder2.DynamicMethodBuildPlan.BuildUp (Microsoft.Practices.ObjectBuilder2.IBuilderContext context) [0x00000] in <ba86a34b2f2c4964b8c588538e94514f>:0 
  at Microsoft.Practices.ObjectBuilder2.BuildPlanStrategy.PreBuildUp (Microsoft.Practices.ObjectBuilder2.IBuilderContext context) [0x00064] in <ba86a34b2f2c4964b8c588538e94514f>:0 
  at Microsoft.Practices.ObjectBuilder2.StrategyChain.ExecuteBuildUp (Microsoft.Practices.ObjectBuilder2.IBuilderContext context) [0x0007c] in <ba86a34b2f2c4964b8c588538e94514f>:0 
  at Microsoft.Practices.Unity.UnityContainer.DoBuildUp (System.Type t, System.Object existing, System.String name, System.Collections.Generic.IEnumerable`1[T] resolverOverrides) [0x00068] in <ba86a34b2f2c4964b8c588538e94514f>:0 
2026-09-28 10:41:18.8023 FLS.Server.WebApi.ActionFilters.UnhandledExceptionFilterAttribute HttpStatusCode: InternalServerError with error message: The underlying provider failed on Open., Exception: System.Data.Entity.Core.EntityException: The underlying provider failed on Open. ---> System.InvalidOperationException: Timeout expired.  The timeout period elapsed prior to obtaining a connection from the pool.  This may have occurred because all pooled connections were in use and max pool size was reached.
  at System.Data.ProviderBase.DbConnectionFactory.TryGetConnection (System.Data.Common.DbConnection owningConnection, System.Threading.Tasks.TaskCompletionSource`1[TResult] retry, System.Data.Common.DbConnectionOptions userOptions, System.Data.ProviderBase.DbConnectionInternal oldConnection, System.Data.ProviderBase.DbConnectionInternal& connection) [0x0024d] in <5cacff0b76ce45dfa780aae0bc1e2fd5>:0 
  at System.Data.ProviderBase.DbConnectionInternal.TryOpenConnectionInternal (System.Data.Common.DbConnection outerConnection, System.Data.ProviderBase.DbConnectionFactory connectionFactory, System.Threading.Tasks.TaskCompletionSource`1[TResult] retry, System.Data.Common.DbConnectionOptions userOptions) [0x00036] in <5cacff0b76ce45dfa780aae0bc1e2fd5>:0 
  at System.Data.ProviderBase.DbConnectionClosed.TryOpenConnection (System.Data.Common.DbConnection outerConnection, System.Data.ProviderBase.DbConnectionFactory connectionFactory, System.Threading.Tasks.TaskCompletionSource`1[TResult] retry, System.Data.Common.DbConnectionOptions userOptions) [0x00000] in <5cacff0b76ce45dfa780aae0bc1e2fd5>:0 
  at System.Data.SqlClient.SqlConnection.TryOpen (System.Threading.Tasks.TaskCompletionSource`1[TResult] retry) [0x0005d] in <5cacff0b76ce45dfa780aae0bc1e2fd5>:0 
  at System.Data.SqlClient.SqlConnection.Open () [0x0003b] in <5cacff0b76ce45dfa780aae0bc1e2fd5>:0 
  at System.Data.Entity.Infrastructure.Interception.DbConnectionDispatcher.<Open>b__36 (System.Data.Common.DbConnection t, System.Data.Entity.Infrastructure.Interception.DbConnectionInterceptionContext c) [0x00000] in <b7b192e5a05f4f14a14aa0d5b14aeeeb>:0 
  at System.Data.Entity.Infrastructure.Interception.InternalDispatcher`1[TInterceptor].Dispatch[TTarget,TInterceptionContext] (TTarget target, System.Action`2[T1,T2] operation, TInterceptionContext interceptionContext, System.Action`3[T1,T2,T3] executing, System.Action`3[T1,T2,T3] executed) [0x0000f] in <b7b192e5a05f4f14a14aa0d5b14aeeeb>:0 
  at System.Data.Entity.Infrastructure.Interception.DbConnectionDispatcher.Open (System.Data.Common.DbConnection connection, System.Data.Entity.Infrastructure.Interception.DbInterceptionContext interceptionContext) [0x00042] in <b7b192e5a05f4f14a14aa0d5b14aeeeb>:0 
  at System.Data.Entity.Core.EntityClient.EntityConnection.<Open>b__2 () [0x00016] in <b7b192e5a05f4f14a14aa0d5b14aeeeb>:0 
  at System.Data.Entity.SqlServer.DefaultSqlExecutionStrategy+<>c__DisplayClass1.<Execute>b__0 () [0x00000] in <5c51bb66ce2c412d8224b39ad2626fbe>:0 
  at System.Data.Entity.SqlServer.DefaultSqlExecutionStrategy.Execute[TResult] (System.Func`1[TResult] operation) [0x00036] in <5c51bb66ce2c412d8224b39ad2626fbe>:0 
  at System.Data.Entity.SqlServer.DefaultSqlExecutionStrategy.Execute (System.Action operation) [0x00020] in <5c51bb66ce2c412d8224b39ad2626fbe>:0 
  at System.Data.Entity.Core.EntityClient.EntityConnection.Open () [0x00082] in <b7b192e5a05f4f14a14aa0d5b14aeeeb>:0 
   --- End of inner exception stack trace ---
  at System.Data.Entity.Core.EntityClient.EntityConnection.Open () [0x000b5] in <b7b192e5a05f4f14a14aa0d5b14aeeeb>:0 
  at System.Data.Entity.Core.Objects.ObjectContext.EnsureConnection (System.Boolean shouldMonitorTransactions) [0x00038] in <b7b192e5a05f4f14a14aa0d5b14aeeeb>:0 
  at System.Data.Entity.Core.Objects.ObjectContext.ExecuteInTransaction[T] (System.Func`1[TResult] func, System.Data.Entity.Infrastructure.IDbExecutionStrategy executionStrategy, System.Boolean startLocalTransaction, System.Boolean releaseConnectionOnSuccess) [0x00000] in <b7b192e5a05f4f14a14aa0d5b14aeeeb>:0 
  at System.Data.Entity.Core.Objects.ObjectQuery`1+<>c__DisplayClass7[T].<GetResults>b__5 () [0x00033] in <b7b192e5a05f4f14a14aa0d5b14aeeeb>:0 
  at System.Data.Entity.SqlServer.DefaultSqlExecutionStrategy.Execute[TResult] (System.Func`1[TResult] operation) [0x00036] in <5c51bb66ce2c412d8224b39ad2626fbe>:0 
  at System.Data.Entity.Core.Objects.ObjectQuery`1[T].GetResults (System.Nullable`1[T] forMergeOption) [0x00093] in <b7b192e5a05f4f14a14aa0d5b14aeeeb>:0 
  at System.Data.Entity.Core.Objects.ObjectQuery`1[T].<System.Collections.Generic.IEnumerable<T>.GetEnumerator>b__0 () [0x00000] in <b7b192e5a05f4f14a14aa0d5b14aeeeb>:0 
  at System.Data.Entity.Internal.LazyEnumerator`1[T].MoveNext () [0x00008] in <b7b192e5a05f4f14a14aa0d5b14aeeeb>:0 
  at System.Collections.Generic.List`1[T].AddEnumerable (System.Collections.Generic.IEnumerable`1[T] enumerable) [0x00059] in <d636f104d58046fd9b195699bcb1a744>:0 
  at System.Collections.Generic.List`1[T]..ctor (System.Collections.Generic.IEnumerable`1[T] collection) [0x00062] in <d636f104d58046fd9b195699bcb1a744>:0 
  at System.Linq.Enumerable.ToList[TSource] (System.Collections.Generic.IEnumerable`1[T] source) [0x00018] in <69ada62907b24213a012734531df1db1>:0 
  at FLS.Server.Service.FlightService.GetPagedFlightOverview (System.Nullable`1[T] pageStart, System.Nullable`1[T] pageSize, FLS.Data.WebApi.PageableSearchFilter`1[T] pageableSearchFilter, System.Boolean motorFlightsOnly) [0x02c6e] in <4c901c8bc32e45b4b64fedc4c20a1dd6>:0 
  at FLS.Server.WebApi.Controllers.FlightsController.GetPagedMotorFlightOverview (FLS.Data.WebApi.PageableSearchFilter`1[T] pageableSearchFilter, System.Nullable`1[T] pageStart, System.Nullable`1[T] pageSize) [0x00001] in <1bc737b9f479432b884a1e05f137f086>:0 
  at (wrapper dynamic-method) System.Object.lambda_method(System.Runtime.CompilerServices.Closure,object,object[])
  at System.Web.Http.Controllers.ReflectedHttpActionDescriptor+ActionExecutor+<>c__DisplayClass6_2.<GetExecutor>b__2 (System.Object instance, System.Object[] methodParameters) [0x00000] in <4f8d88aa02d546f6963914471854cb7c>:0 
  at System.Web.Http.Controllers.ReflectedHttpActionDescriptor+ActionExecutor.Execute (System.Object instance, System.Object[] arguments) [0x00000] in <4f8d88aa02d546f6963914471854cb7c>:0 
  at System.Web.Http.Controllers.ReflectedHttpActionDescriptor.ExecuteAsync (System.Web.Http.Controllers.HttpControllerContext controllerContext, System.Collections.Generic.IDictionary`2[TKey,TValue] arguments, System.Threading.CancellationToken cancellationToken) [0x00046] in <4f8d88aa02d546f6963914471854cb7c>:0 
--- End of stack trace from previous location where exception was thrown ---

  at System.Web.Http.Controllers.ApiControllerActionInvoker.InvokeActionAsyncCore (System.Web.Http.Controllers.HttpActionContext actionContext, System.Threading.CancellationToken cancellationToken) [0x000ab] in <4f8d88aa02d546f6963914471854cb7c>:0 
  at System.Web.Http.Filters.ActionFilterAttribute.CallOnActionExecutedAsync (System.Web.Http.Controllers.HttpActionContext actionContext, System.Threading.CancellationToken cancellationToken, System.Func`1[TResult] continuation) [0x00091] in <4f8d88aa02d546f6963914471854cb7c>:0 
  at System.Web.Http.Filters.ActionFilterAttribute.CallOnActionExecutedAsync (System.Web.Http.Controllers.HttpActionContext actionContext, System.Threading.CancellationToken cancellationToken, System.Func`1[TResult] continuation) [0x001ad] in <4f8d88aa02d546f6963914471854cb7c>:0 
  at System.Web.Http.Filters.ActionFilterAttribute.ExecuteActionFilterAsyncCore (System.Web.Http.Controllers.HttpActionContext actionContext, System.Threading.CancellationToken cancellationToken, System.Func`1[TResult] continuation) [0x00103] in <4f8d88aa02d546f6963914471854cb7c>:0 
  at System.Web.Http.Filters.ActionFilterAttribute.CallOnActionExecutedAsync (System.Web.Http.Controllers.HttpActionContext actionContext, System.Threading.CancellationToken cancellationToken, System.Func`1[TResult] continuation) [0x00091] in <4f8d88aa02d546f6963914471854cb7c>:0 
  at System.Web.Http.Filters.ActionFilterAttribute.CallOnActionExecutedAsync (System.Web.Http.Controllers.HttpActionContext actionContext, System.Threading.CancellationToken cancellationToken, System.Func`1[TResult] continuation) [0x001ad] in <4f8d88aa02d546f6963914471854cb7c>:0 
  at System.Web.Http.Filters.ActionFilterAttribute.ExecuteActionFilterAsyncCore (System.Web.Http.Controllers.HttpActionContext actionContext, System.Threading.CancellationToken cancellationToken, System.Func`1[TResult] continuation) [0x00103] in <4f8d88aa02d546f6963914471854cb7c>:0 
  at System.Web.Http.Filters.ActionFilterAttribute.CallOnActionExecutedAsync (System.Web.Http.Controllers.HttpActionContext actionContext, System.Threading.CancellationToken cancellationToken, System.Func`1[TResult] continuation) [0x00091] in <4f8d88aa02d546f6963914471854cb7c>:0 
  at System.Web.Http.Filters.ActionFilterAttribute.CallOnActionExecutedAsync (System.Web.Http.Controllers.HttpActionContext actionContext, System.Threading.CancellationToken cancellationToken, System.Func`1[TResult] continuation) [0x001ad] in <4f8d88aa02d546f6963914471854cb7c>:0 
  at System.Web.Http.Filters.ActionFilterAttribute.ExecuteActionFilterAsyncCore (System.Web.Http.Controllers.HttpActionContext actionContext, System.Threading.CancellationToken cancellationToken, System.Func`1[TResult] continuation) [0x00103] in <4f8d88aa02d546f6963914471854cb7c>:0 
  at System.Web.Http.Filters.ActionFilterAttribute.CallOnActionExecutedAsync (System.Web.Http.Controllers.HttpActionContext actionContext, System.Threading.CancellationToken cancellationToken, System.Func`1[TResult] continuation) [0x00091] in <4f8d88aa02d546f6963914471854cb7c>:0 
  at System.Web.Http.Filters.ActionFilterAttribute.CallOnActionExecutedAsync (System.Web.Http.Controllers.HttpActionContext actionContext, System.Threading.CancellationToken cancellationToken, System.Func`1[TResult] continuation) [0x001ad] in <4f8d88aa02d546f6963914471854cb7c>:0 
  at System.Web.Http.Filters.ActionFilterAttribute.ExecuteActionFilterAsyncCore (System.Web.Http.Controllers.HttpActionContext actionContext, System.Threading.CancellationToken cancellationToken, System.Func`1[TResult] continuation) [0x00103] in <4f8d88aa02d546f6963914471854cb7c>:0 
  at System.Web.Http.Controllers.ActionFilterResult.ExecuteAsync (System.Threading.CancellationToken cancellationToken) [0x001a4] in <4f8d88aa02d546f6963914471854cb7c>:0 
  at System.Web.Http.Filters.AuthorizationFilterAttribute.ExecuteAuthorizationFilterAsyncCore (System.Web.Http.Controllers.HttpActionContext actionContext, System.Threading.CancellationToken cancellationToken, System.Func`1[TResult] continuation) [0x000f3] in <4f8d88aa02d546f6963914471854cb7c>:0 
  at System.Web.Http.Controllers.AuthenticationFilterResult.ExecuteAsync (System.Threading.CancellationToken cancellationToken) [0x00265] in <4f8d88aa02d546f6963914471854cb7c>:0 
  at System.Web.Http.Controllers.ExceptionFilterResult.ExecuteAsync (System.Threading.CancellationToken cancellationToken) [0x00087] in <4f8d88aa02d546f6963914471854cb7c>:0 , InnerException: System.InvalidOperationException: Timeout expired.  The timeout period elapsed prior to obtaining a connection from the pool.  This may have occurred because all pooled connections were in use and max pool size was reached.
  at System.Data.ProviderBase.DbConnectionFactory.TryGetConnection (System.Data.Common.DbConnection owningConnection, System.Threading.Tasks.TaskCompletionSource`1[TResult] retry, System.Data.Common.DbConnectionOptions userOptions, System.Data.ProviderBase.DbConnectionInternal oldConnection, System.Data.ProviderBase.DbConnectionInternal& connection) [0x0024d] in <5cacff0b76ce45dfa780aae0bc1e2fd5>:0 
  at System.Data.ProviderBase.DbConnectionInternal.TryOpenConnectionInternal (System.Data.Common.DbConnection outerConnection, System.Data.ProviderBase.DbConnectionFactory connectionFactory, System.Threading.Tasks.TaskCompletionSource`1[TResult] retry, System.Data.Common.DbConnectionOptions userOptions) [0x00036] in <5cacff0b76ce45dfa780aae0bc1e2fd5>:0 
  at System.Data.ProviderBase.DbConnectionClosed.TryOpenConnection (System.Data.Common.DbConnection outerConnection, System.Data.ProviderBase.DbConnectionFactory connectionFactory, System.Threading.Tasks.TaskCompletionSource`1[TResult] retry, System.Data.Common.DbConnectionOptions userOptions) [0x00000] in <5cacff0b76ce45dfa780aae0bc1e2fd5>:0 
  at System.Data.SqlClient.SqlConnection.TryOpen (System.Threading.Tasks.TaskCompletionSource`1[TResult] retry) [0x0005d] in <5cacff0b76ce45dfa780aae0bc1e2fd5>:0 
  at System.Data.SqlClient.SqlConnection.Open () [0x0003b] in <5cacff0b76ce45dfa780aae0bc1e2fd5>:0 
  at System.Data.Entity.Infrastructure.Interception.DbConnectionDispatcher.<Open>b__36 (System.Data.Common.DbConnection t, System.Data.Entity.Infrastructure.Interception.DbConnectionInterceptionContext c) [0x00000] in <b7b192e5a05f4f14a14aa0d5b14aeeeb>:0 
  at System.Data.Entity.Infrastructure.Interception.InternalDispatcher`1[TInterceptor].Dispatch[TTarget,TInterceptionContext] (TTarget target, System.Action`2[T1,T2] operation, TInterceptionContext interceptionContext, System.Action`3[T1,T2,T3] executing, System.Action`3[T1,T2,T3] executed) [0x0000f] in <b7b192e5a05f4f14a14aa0d5b14aeeeb>:0 
  at System.Data.Entity.Infrastructure.Interception.DbConnectionDispatcher.Open (System.Data.Common.DbConnection connection, System.Data.Entity.Infrastructure.Interception.DbInterceptionContext interceptionContext) [0x00042] in <b7b192e5a05f4f14a14aa0d5b14aeeeb>:0 
  at System.Data.Entity.Core.EntityClient.EntityConnection.<Open>b__2 () [0x00016] in <b7b192e5a05f4f14a14aa0d5b14aeeeb>:0 
  at System.Data.Entity.SqlServer.DefaultSqlExecutionStrategy+<>c__DisplayClass1.<Execute>b__0 () [0x00000] in <5c51bb66ce2c412d8224b39ad2626fbe>:0 
  at System.Data.Entity.SqlServer.DefaultSqlExecutionStrategy.Execute[TResult] (System.Func`1[TResult] operation) [0x00036] in <5c51bb66ce2c412d8224b39ad2626fbe>:0 
  at System.Data.Entity.SqlServer.DefaultSqlExecutionStrategy.Execute (System.Action operation) [0x00020] in <5c51bb66ce2c412d8224b39ad2626fbe>:0 
  at System.Data.Entity.Core.EntityClient.EntityConnection.Open () [0x00082] in <b7b192e5a05f4f14a14aa0d5b14aeeeb>:0 
2026-09-28 10:41:18.8838 FLS.Server.WebApi.ActionFilters.UnhandledExceptionFilterAttribute HttpStatusCode: InternalServerError with error message: Resolution of the dependency failed, type = "FLS.Server.Service.UserService", name = "(none)".
Exception occurred while: Calling constructor FLS.Server.Service.Email.EmailSendService(FLS.Server.Service.DataAccessService dataAccessService).
Exception is: EntityException - The underlying provider failed on Open.
-----------------------------------------------
At the time of the exception, the container was:

  Resolving FLS.Server.Service.UserService,(none)
  Resolving parameter "passwordEmailService" of constructor FLS.Server.Service.UserService(FLS.Server.Service.DataAccessService dataAccessService, FLS.Server.Data.IIdentityService identityService, FLS.Server.Service.Email.UserAccountEmailBuildService passwordEmailService)
    Resolving FLS.Server.Service.Email.UserAccountEmailBuildService,(none)
    Resolving parameter "emailSendService" of constructor FLS.Server.Service.Email.UserAccountEmailBuildService(FLS.Server.Service.DataAccessService dataAccessService, FLS.Server.Service.Email.IEmailSendService emailSendService, FLS.Server.Service.TemplateService templateService)
      Resolving FLS.Server.Service.Email.EmailSendService,(none) (mapped from FLS.Server.Service.Email.IEmailSendService, (none))
      Calling constructor FLS.Server.Service.Email.EmailSendService(FLS.Server.Service.DataAccessService dataAccessService)
, Exception: Microsoft.Practices.Unity.ResolutionFailedException: Resolution of the dependency failed, type = "FLS.Server.Service.UserService", name = "(none)".
Exception occurred while: Calling constructor FLS.Server.Service.Email.EmailSendService(FLS.Server.Service.DataAccessService dataAccessService).
Exception is: EntityException - The underlying provider failed on Open.
-----------------------------------------------
At the time of the exception, the container was:

  Resolving FLS.Server.Service.UserService,(none)
  Resolving parameter "passwordEmailService" of constructor FLS.Server.Service.UserService(FLS.Server.Service.DataAccessService dataAccessService, FLS.Server.Data.IIdentityService identityService, FLS.Server.Service.Email.UserAccountEmailBuildService passwordEmailService)
    Resolving FLS.Server.Service.Email.UserAccountEmailBuildService,(none)
    Resolving parameter "emailSendService" of constructor FLS.Server.Service.Email.UserAccountEmailBuildService(FLS.Server.Service.DataAccessService dataAccessService, FLS.Server.Service.Email.IEmailSendService emailSendService, FLS.Server.Service.TemplateService templateService)
      Resolving FLS.Server.Service.Email.EmailSendService,(none) (mapped from FLS.Server.Service.Email.IEmailSendService, (none))
      Calling constructor FLS.Server.Service.Email.EmailSendService(FLS.Server.Service.DataAccessService dataAccessService)
 ---> System.Data.Entity.Core.EntityException: The underlying provider failed on Open. ---> System.InvalidOperationException: Timeout expired.  The timeout period elapsed prior to obtaining a connection from the pool.  This may have occurred because all pooled connections were in use and max pool size was reached.
  at System.Data.ProviderBase.DbConnectionFactory.TryGetConnection (System.Data.Common.DbConnection owningConnection, System.Threading.Tasks.TaskCompletionSource`1[TResult] retry, System.Data.Common.DbConnectionOptions userOptions, System.Data.ProviderBase.DbConnectionInternal oldConnection, System.Data.ProviderBase.DbConnectionInternal& connection) [0x0024d] in <5cacff0b76ce45dfa780aae0bc1e2fd5>:0 
  at System.Data.ProviderBase.DbConnectionInternal.TryOpenConnectionInternal (System.Data.Common.DbConnection outerConnection, System.Data.ProviderBase.DbConnectionFactory connectionFactory, System.Threading.Tasks.TaskCompletionSource`1[TResult] retry, System.Data.Common.DbConnectionOptions userOptions) [0x00036] in <5cacff0b76ce45dfa780aae0bc1e2fd5>:0 
  at System.Data.ProviderBase.DbConnectionClosed.TryOpenConnection (System.Data.Common.DbConnection outerConnection, System.Data.ProviderBase.DbConnectionFactory connectionFactory, System.Threading.Tasks.TaskCompletionSource`1[TResult] retry, System.Data.Common.DbConnectionOptions userOptions) [0x00000] in <5cacff0b76ce45dfa780aae0bc1e2fd5>:0 
  at System.Data.SqlClient.SqlConnection.TryOpen (System.Threading.Tasks.TaskCompletionSource`1[TResult] retry) [0x0005d] in <5cacff0b76ce45dfa780aae0bc1e2fd5>:0 
  at System.Data.SqlClient.SqlConnection.Open () [0x0003b] in <5cacff0b76ce45dfa780aae0bc1e2fd5>:0 
  at System.Data.Entity.Infrastructure.Interception.DbConnectionDispatcher.<Open>b__36 (System.Data.Common.DbConnection t, System.Data.Entity.Infrastructure.Interception.DbConnectionInterceptionContext c) [0x00000] in <b7b192e5a05f4f14a14aa0d5b14aeeeb>:0 
  at System.Data.Entity.Infrastructure.Interception.InternalDispatcher`1[TInterceptor].Dispatch[TTarget,TInterceptionContext] (TTarget target, System.Action`2[T1,T2] operation, TInterceptionContext interceptionContext, System.Action`3[T1,T2,T3] executing, System.Action`3[T1,T2,T3] executed) [0x0000f] in <b7b192e5a05f4f14a14aa0d5b14aeeeb>:0 
  at System.Data.Entity.Infrastructure.Interception.DbConnectionDispatcher.Open (System.Data.Common.DbConnection connection, System.Data.Entity.Infrastructure.Interception.DbInterceptionContext interceptionContext) [0x00042] in <b7b192e5a05f4f14a14aa0d5b14aeeeb>:0 
  at System.Data.Entity.Core.EntityClient.EntityConnection.<Open>b__2 () [0x00016] in <b7b192e5a05f4f14a14aa0d5b14aeeeb>:0 
  at System.Data.Entity.SqlServer.DefaultSqlExecutionStrategy+<>c__DisplayClass1.<Execute>b__0 () [0x00000] in <5c51bb66ce2c412d8224b39ad2626fbe>:0 
  at System.Data.Entity.SqlServer.DefaultSqlExecutionStrategy.Execute[TResult] (System.Func`1[TResult] operation) [0x00036] in <5c51bb66ce2c412d8224b39ad2626fbe>:0 
  at System.Data.Entity.SqlServer.DefaultSqlExecutionStrategy.Execute (System.Action operation) [0x00020] in <5c51bb66ce2c412d8224b39ad2626fbe>:0 
  at System.Data.Entity.Core.EntityClient.EntityConnection.Open () [0x00082] in <b7b192e5a05f4f14a14aa0d5b14aeeeb>:0 
   --- End of inner exception stack trace ---
  at System.Data.Entity.Core.EntityClient.EntityConnection.Open () [0x000b5] in <b7b192e5a05f4f14a14aa0d5b14aeeeb>:0 
  at System.Data.Entity.Core.Objects.ObjectContext.EnsureConnection (System.Boolean shouldMonitorTransactions) [0x00038] in <b7b192e5a05f4f14a14aa0d5b14aeeeb>:0 
  at System.Data.Entity.Core.Objects.ObjectContext.ExecuteInTransaction[T] (System.Func`1[TResult] func, System.Data.Entity.Infrastructure.IDbExecutionStrategy executionStrategy, System.Boolean startLocalTransaction, System.Boolean releaseConnectionOnSuccess) [0x00000] in <b7b192e5a05f4f14a14aa0d5b14aeeeb>:0 
  at System.Data.Entity.Core.Objects.ObjectQuery`1+<>c__DisplayClass7[T].<GetResults>b__5 () [0x00033] in <b7b192e5a05f4f14a14aa0d5b14aeeeb>:0 
  at System.Data.Entity.SqlServer.DefaultSqlExecutionStrategy.Execute[TResult] (System.Func`1[TResult] operation) [0x00036] in <5c51bb66ce2c412d8224b39ad2626fbe>:0 
  at System.Data.Entity.Core.Objects.ObjectQuery`1[T].GetResults (System.Nullable`1[T] forMergeOption) [0x00093] in <b7b192e5a05f4f14a14aa0d5b14aeeeb>:0 
  at System.Data.Entity.Core.Objects.ObjectQuery`1[T].<System.Collections.Generic.IEnumerable<T>.GetEnumerator>b__0 () [0x00000] in <b7b192e5a05f4f14a14aa0d5b14aeeeb>:0 
  at System.Data.Entity.Internal.LazyEnumerator`1[T].MoveNext () [0x00008] in <b7b192e5a05f4f14a14aa0d5b14aeeeb>:0 
  at System.Linq.Enumerable.TryGetFirst[TSource] (System.Collections.Generic.IEnumerable`1[T] source, System.Boolean& found) [0x00045] in <69ada62907b24213a012734531df1db1>:0 
  at System.Linq.Enumerable.FirstOrDefault[TSource] (System.Collections.Generic.IEnumerable`1[T] source) [0x00000] in <69ada62907b24213a012734531df1db1>:0 
  at System.Data.Entity.Core.Objects.ELinq.ObjectQueryProvider.<GetElementFunction>b__1[TResult] (System.Collections.Generic.IEnumerable`1[T] sequence) [0x00000] in <b7b192e5a05f4f14a14aa0d5b14aeeeb>:0 
  at System.Data.Entity.Core.Objects.ELinq.ObjectQueryProvider.ExecuteSingle[TResult] (System.Collections.Generic.IEnumerable`1[T] query, System.Linq.Expressions.Expression queryRoot) [0x00006] in <b7b192e5a05f4f14a14aa0d5b14aeeeb>:0 
  at System.Data.Entity.Core.Objects.ELinq.ObjectQueryProvider.System.Linq.IQueryProvider.Execute[TResult] (System.Linq.Expressions.Expression expression) [0x00014] in <b7b192e5a05f4f14a14aa0d5b14aeeeb>:0 
  at System.Data.Entity.Internal.Linq.DbQueryProvider.Execute[TResult] (System.Linq.Expressions.Expression expression) [0x00022] in <b7b192e5a05f4f14a14aa0d5b14aeeeb>:0 
  at System.Linq.Queryable.FirstOrDefault[TSource] (System.Linq.IQueryable`1[T] source) [0x0002f] in <69ada62907b24213a012734531df1db1>:0 
  at FLS.Server.Service.Email.EmailSendService..ctor (FLS.Server.Service.DataAccessService dataAccessService) [0x00022] in <4c901c8bc32e45b4b64fedc4c20a1dd6>:0 
  at (wrapper dynamic-method) System.Object.lambda_method(System.Runtime.CompilerServices.Closure,Microsoft.Practices.ObjectBuilder2.IBuilderContext)
  at Microsoft.Practices.ObjectBuilder2.DynamicBuildPlanGenerationContext+<>c__DisplayClass1.<GetBuildMethod>b__0 (Microsoft.Practices.ObjectBuilder2.IBuilderContext context) [0x00000] in <ba86a34b2f2c4964b8c588538e94514f>:0 
  at Microsoft.Practices.ObjectBuilder2.DynamicMethodBuildPlan.BuildUp (Microsoft.Practices.ObjectBuilder2.IBuilderContext context) [0x00000] in <ba86a34b2f2c4964b8c588538e94514f>:0 
  at Microsoft.Practices.ObjectBuilder2.BuildPlanStrategy.PreBuildUp (Microsoft.Practices.ObjectBuilder2.IBuilderContext context) [0x00064] in <ba86a34b2f2c4964b8c588538e94514f>:0 
  at Microsoft.Practices.ObjectBuilder2.StrategyChain.ExecuteBuildUp (Microsoft.Practices.ObjectBuilder2.IBuilderContext context) [0x0007c] in <ba86a34b2f2c4964b8c588538e94514f>:0 
  at Microsoft.Practices.ObjectBuilder2.BuilderContext.NewBuildUp (Microsoft.Practices.ObjectBuilder2.NamedTypeBuildKey newBuildKey) [0x0003b] in <ba86a34b2f2c4964b8c588538e94514f>:0 
  at Microsoft.Practices.Unity.ObjectBuilder.NamedTypeDependencyResolverPolicy.Resolve (Microsoft.Practices.ObjectBuilder2.IBuilderContext context) [0x0001d] in <ba86a34b2f2c4964b8c588538e94514f>:0 
  at (wrapper dynamic-method) System.Object.lambda_method(System.Runtime.CompilerServices.Closure,Microsoft.Practices.ObjectBuilder2.IBuilderContext)
  at Microsoft.Practices.ObjectBuilder2.DynamicBuildPlanGenerationContext+<>c__DisplayClass1.<GetBuildMethod>b__0 (Microsoft.Practices.ObjectBuilder2.IBuilderContext context) [0x00000] in <ba86a34b2f2c4964b8c588538e94514f>:0 
  at Microsoft.Practices.ObjectBuilder2.DynamicMethodBuildPlan.BuildUp (Microsoft.Practices.ObjectBuilder2.IBuilderContext context) [0x00000] in <ba86a34b2f2c4964b8c588538e94514f>:0 
  at Microsoft.Practices.ObjectBuilder2.BuildPlanStrategy.PreBuildUp (Microsoft.Practices.ObjectBuilder2.IBuilderContext context) [0x00064] in <ba86a34b2f2c4964b8c588538e94514f>:0 
  at Microsoft.Practices.ObjectBuilder2.StrategyChain.ExecuteBuildUp (Microsoft.Practices.ObjectBuilder2.IBuilderContext context) [0x0007c] in <ba86a34b2f2c4964b8c588538e94514f>:0 
  at Microsoft.Practices.ObjectBuilder2.BuilderContext.NewBuildUp (Microsoft.Practices.ObjectBuilder2.NamedTypeBuildKey newBuildKey) [0x0003b] in <ba86a34b2f2c4964b8c588538e94514f>:0 
  at Microsoft.Practices.Unity.ObjectBuilder.NamedTypeDependencyResolverPolicy.Resolve (Microsoft.Practices.ObjectBuilder2.IBuilderContext context) [0x0001d] in <ba86a34b2f2c4964b8c588538e94514f>:0 
  at (wrapper dynamic-method) System.Object.lambda_method(System.Runtime.CompilerServices.Closure,Microsoft.Practices.ObjectBuilder2.IBuilderContext)
  at Microsoft.Practices.ObjectBuilder2.DynamicBuildPlanGenerationContext+<>c__DisplayClass1.<GetBuildMethod>b__0 (Microsoft.Practices.ObjectBuilder2.IBuilderContext context) [0x00000] in <ba86a34b2f2c4964b8c588538e94514f>:0 
  at Microsoft.Practices.ObjectBuilder2.DynamicMethodBuildPlan.BuildUp (Microsoft.Practices.ObjectBuilder2.IBuilderContext context) [0x00000] in <ba86a34b2f2c4964b8c588538e94514f>:0 
  at Microsoft.Practices.ObjectBuilder2.BuildPlanStrategy.PreBuildUp (Microsoft.Practices.ObjectBuilder2.IBuilderContext context) [0x00064] in <ba86a34b2f2c4964b8c588538e94514f>:0 
  at Microsoft.Practices.ObjectBuilder2.StrategyChain.ExecuteBuildUp (Microsoft.Practices.ObjectBuilder2.IBuilderContext context) [0x0007c] in <ba86a34b2f2c4964b8c588538e94514f>:0 
  at Microsoft.Practices.Unity.UnityContainer.DoBuildUp (System.Type t, System.Object existing, System.String name, System.Collections.Generic.IEnumerable`1[T] resolverOverrides) [0x00068] in <ba86a34b2f2c4964b8c588538e94514f>:0 
   --- End of inner exception stack trace ---
  at Microsoft.Practices.Unity.UnityContainer.DoBuildUp (System.Type t, System.Object existing, System.String name, System.Collections.Generic.IEnumerable`1[T] resolverOverrides) [0x0007b] in <ba86a34b2f2c4964b8c588538e94514f>:0 
  at Microsoft.Practices.Unity.UnityContainer.DoBuildUp (System.Type t, System.String name, System.Collections.Generic.IEnumerable`1[T] resolverOverrides) [0x00000] in <ba86a34b2f2c4964b8c588538e94514f>:0 
  at Microsoft.Practices.Unity.UnityContainer.Resolve (System.Type t, System.String name, Microsoft.Practices.Unity.ResolverOverride[] resolverOverrides) [0x00000] in <ba86a34b2f2c4964b8c588538e94514f>:0 
  at Microsoft.Practices.Unity.UnityContainerExtensions.Resolve (Microsoft.Practices.Unity.IUnityContainer container, System.Type t, Microsoft.Practices.Unity.ResolverOverride[] overrides) [0x0000b] in <ba86a34b2f2c4964b8c588538e94514f>:0 
  at Microsoft.Practices.Unity.WebApi.UnityDependencyResolver+SharedDependencyScope.GetService (System.Type serviceType) [0x00000] in <62b6cefcf48647ebbd3f66f90f13572b>:0 
  at FLS.Server.WebApi.ActionFilters.UserInitActionFilter.OnActionExecuting (System.Web.Http.Controllers.HttpActionContext actionContext) [0x00023] in <1bc737b9f479432b884a1e05f137f086>:0 
  at System.Web.Http.Filters.ActionFilterAttribute.OnActionExecutingAsync (System.Web.Http.Controllers.HttpActionContext actionContext, System.Threading.CancellationToken cancellationToken) [0x00000] in <4f8d88aa02d546f6963914471854cb7c>:0 
--- End of stack trace from previous location where exception was thrown ---

  at System.Web.Http.Filters.ActionFilterAttribute.ExecuteActionFilterAsyncCore (System.Web.Http.Controllers.HttpActionContext actionContext, System.Threading.CancellationToken cancellationToken, System.Func`1[TResult] continuation) [0x00078] in <4f8d88aa02d546f6963914471854cb7c>:0 
  at System.Web.Http.Controllers.ActionFilterResult.ExecuteAsync (System.Threading.CancellationToken cancellationToken) [0x001a4] in <4f8d88aa02d546f6963914471854cb7c>:0 
  at System.Web.Http.Filters.AuthorizationFilterAttribute.ExecuteAuthorizationFilterAsyncCore (System.Web.Http.Controllers.HttpActionContext actionContext, System.Threading.CancellationToken cancellationToken, System.Func`1[TResult] continuation) [0x000f3] in <4f8d88aa02d546f6963914471854cb7c>:0 
  at System.Web.Http.Controllers.AuthenticationFilterResult.ExecuteAsync (System.Threading.CancellationToken cancellationToken) [0x00265] in <4f8d88aa02d546f6963914471854cb7c>:0 
  at System.Web.Http.Controllers.ExceptionFilterResult.ExecuteAsync (System.Threading.CancellationToken cancellationToken) [0x00087] in <4f8d88aa02d546f6963914471854cb7c>:0 , InnerException: System.Data.Entity.Core.EntityException: The underlying provider failed on Open. ---> System.InvalidOperationException: Timeout expired.  The timeout period elapsed prior to obtaining a connection from the pool.  This may have occurred because all pooled connections were in use and max pool size was reached.
  at System.Data.ProviderBase.DbConnectionFactory.TryGetConnection (System.Data.Common.DbConnection owningConnection, System.Threading.Tasks.TaskCompletionSource`1[TResult] retry, System.Data.Common.DbConnectionOptions userOptions, System.Data.ProviderBase.DbConnectionInternal oldConnection, System.Data.ProviderBase.DbConnectionInternal& connection) [0x0024d] in <5cacff0b76ce45dfa780aae0bc1e2fd5>:0 
  at System.Data.ProviderBase.DbConnectionInternal.TryOpenConnectionInternal (System.Data.Common.DbConnection outerConnection, System.Data.ProviderBase.DbConnectionFactory connectionFactory, System.Threading.Tasks.TaskCompletionSource`1[TResult] retry, System.Data.Common.DbConnectionOptions userOptions) [0x00036] in <5cacff0b76ce45dfa780aae0bc1e2fd5>:0 
  at System.Data.ProviderBase.DbConnectionClosed.TryOpenConnection (System.Data.Common.DbConnection outerConnection, System.Data.ProviderBase.DbConnectionFactory connectionFactory, System.Threading.Tasks.TaskCompletionSource`1[TResult] retry, System.Data.Common.DbConnectionOptions userOptions) [0x00000] in <5cacff0b76ce45dfa780aae0bc1e2fd5>:0 
  at System.Data.SqlClient.SqlConnection.TryOpen (System.Threading.Tasks.TaskCompletionSource`1[TResult] retry) [0x0005d] in <5cacff0b76ce45dfa780aae0bc1e2fd5>:0 
  at System.Data.SqlClient.SqlConnection.Open () [0x0003b] in <5cacff0b76ce45dfa780aae0bc1e2fd5>:0 
  at System.Data.Entity.Infrastructure.Interception.DbConnectionDispatcher.<Open>b__36 (System.Data.Common.DbConnection t, System.Data.Entity.Infrastructure.Interception.DbConnectionInterceptionContext c) [0x00000] in <b7b192e5a05f4f14a14aa0d5b14aeeeb>:0 
  at System.Data.Entity.Infrastructure.Interception.InternalDispatcher`1[TInterceptor].Dispatch[TTarget,TInterceptionContext] (TTarget target, System.Action`2[T1,T2] operation, TInterceptionContext interceptionContext, System.Action`3[T1,T2,T3] executing, System.Action`3[T1,T2,T3] executed) [0x0000f] in <b7b192e5a05f4f14a14aa0d5b14aeeeb>:0 
  at System.Data.Entity.Infrastructure.Interception.DbConnectionDispatcher.Open (System.Data.Common.DbConnection connection, System.Data.Entity.Infrastructure.Interception.DbInterceptionContext interceptionContext) [0x00042] in <b7b192e5a05f4f14a14aa0d5b14aeeeb>:0 
  at System.Data.Entity.Core.EntityClient.EntityConnection.<Open>b__2 () [0x00016] in <b7b192e5a05f4f14a14aa0d5b14aeeeb>:0 
  at System.Data.Entity.SqlServer.DefaultSqlExecutionStrategy+<>c__DisplayClass1.<Execute>b__0 () [0x00000] in <5c51bb66ce2c412d8224b39ad2626fbe>:0 
  at System.Data.Entity.SqlServer.DefaultSqlExecutionStrategy.Execute[TResult] (System.Func`1[TResult] operation) [0x00036] in <5c51bb66ce2c412d8224b39ad2626fbe>:0 
  at System.Data.Entity.SqlServer.DefaultSqlExecutionStrategy.Execute (System.Action operation) [0x00020] in <5c51bb66ce2c412d8224b39ad2626fbe>:0 
  at System.Data.Entity.Core.EntityClient.EntityConnection.Open () [0x00082] in <b7b192e5a05f4f14a14aa0d5b14aeeeb>:0 
   --- End of inner exception stack trace ---
  at System.Data.Entity.Core.EntityClient.EntityConnection.Open () [0x000b5] in <b7b192e5a05f4f14a14aa0d5b14aeeeb>:0 
  at System.Data.Entity.Core.Objects.ObjectContext.EnsureConnection (System.Boolean shouldMonitorTransactions) [0x00038] in <b7b192e5a05f4f14a14aa0d5b14aeeeb>:0 
  at System.Data.Entity.Core.Objects.ObjectContext.ExecuteInTransaction[T] (System.Func`1[TResult] func, System.Data.Entity.Infrastructure.IDbExecutionStrategy executionStrategy, System.Boolean startLocalTransaction, System.Boolean releaseConnectionOnSuccess) [0x00000] in <b7b192e5a05f4f14a14aa0d5b14aeeeb>:0 
  at System.Data.Entity.Core.Objects.ObjectQuery`1+<>c__DisplayClass7[T].<GetResults>b__5 () [0x00033] in <b7b192e5a05f4f14a14aa0d5b14aeeeb>:0 
  at System.Data.Entity.SqlServer.DefaultSqlExecutionStrategy.Execute[TResult] (System.Func`1[TResult] operation) [0x00036] in <5c51bb66ce2c412d8224b39ad2626fbe>:0 
  at System.Data.Entity.Core.Objects.ObjectQuery`1[T].GetResults (System.Nullable`1[T] forMergeOption) [0x00093] in <b7b192e5a05f4f14a14aa0d5b14aeeeb>:0 
  at System.Data.Entity.Core.Objects.ObjectQuery`1[T].<System.Collections.Generic.IEnumerable<T>.GetEnumerator>b__0 () [0x00000] in <b7b192e5a05f4f14a14aa0d5b14aeeeb>:0 
  at System.Data.Entity.Internal.LazyEnumerator`1[T].MoveNext () [0x00008] in <b7b192e5a05f4f14a14aa0d5b14aeeeb>:0 
  at System.Linq.Enumerable.TryGetFirst[TSource] (System.Collections.Generic.IEnumerable`1[T] source, System.Boolean& found) [0x00045] in <69ada62907b24213a012734531df1db1>:0 
  at System.Linq.Enumerable.FirstOrDefault[TSource] (System.Collections.Generic.IEnumerable`1[T] source) [0x00000] in <69ada62907b24213a012734531df1db1>:0 
  at System.Data.Entity.Core.Objects.ELinq.ObjectQueryProvider.<GetElementFunction>b__1[TResult] (System.Collections.Generic.IEnumerable`1[T] sequence) [0x00000] in <b7b192e5a05f4f14a14aa0d5b14aeeeb>:0 
  at System.Data.Entity.Core.Objects.ELinq.ObjectQueryProvider.ExecuteSingle[TResult] (System.Collections.Generic.IEnumerable`1[T] query, System.Linq.Expressions.Expression queryRoot) [0x00006] in <b7b192e5a05f4f14a14aa0d5b14aeeeb>:0 
  at System.Data.Entity.Core.Objects.ELinq.ObjectQueryProvider.System.Linq.IQueryProvider.Execute[TResult] (System.Linq.Expressions.Expression expression) [0x00014] in <b7b192e5a05f4f14a14aa0d5b14aeeeb>:0 
  at System.Data.Entity.Internal.Linq.DbQueryProvider.Execute[TResult] (System.Linq.Expressions.Expression expression) [0x00022] in <b7b192e5a05f4f14a14aa0d5b14aeeeb>:0 
  at System.Linq.Queryable.FirstOrDefault[TSource] (System.Linq.IQueryable`1[T] source) [0x0002f] in <69ada62907b24213a012734531df1db1>:0 
  at FLS.Server.Service.Email.EmailSendService..ctor (FLS.Server.Service.DataAccessService dataAccessService) [0x00022] in <4c901c8bc32e45b4b64fedc4c20a1dd6>:0 
  at (wrapper dynamic-method) System.Object.lambda_method(System.Runtime.CompilerServices.Closure,Microsoft.Practices.ObjectBuilder2.IBuilderContext)
  at Microsoft.Practices.ObjectBuilder2.DynamicBuildPlanGenerationContext+<>c__DisplayClass1.<GetBuildMethod>b__0 (Microsoft.Practices.ObjectBuilder2.IBuilderContext context) [0x00000] in <ba86a34b2f2c4964b8c588538e94514f>:0 
  at Microsoft.Practices.ObjectBuilder2.DynamicMethodBuildPlan.BuildUp (Microsoft.Practices.ObjectBuilder2.IBuilderContext context) [0x00000] in <ba86a34b2f2c4964b8c588538e94514f>:0 
  at Microsoft.Practices.ObjectBuilder2.BuildPlanStrategy.PreBuildUp (Microsoft.Practices.ObjectBuilder2.IBuilderContext context) [0x00064] in <ba86a34b2f2c4964b8c588538e94514f>:0 
  at Microsoft.Practices.ObjectBuilder2.StrategyChain.ExecuteBuildUp (Microsoft.Practices.ObjectBuilder2.IBuilderContext context) [0x0007c] in <ba86a34b2f2c4964b8c588538e94514f>:0 
  at Microsoft.Practices.ObjectBuilder2.BuilderContext.NewBuildUp (Microsoft.Practices.ObjectBuilder2.NamedTypeBuildKey newBuildKey) [0x0003b] in <ba86a34b2f2c4964b8c588538e94514f>:0 
  at Microsoft.Practices.Unity.ObjectBuilder.NamedTypeDependencyResolverPolicy.Resolve (Microsoft.Practices.ObjectBuilder2.IBuilderContext context) [0x0001d] in <ba86a34b2f2c4964b8c588538e94514f>:0 
  at (wrapper dynamic-method) System.Object.lambda_method(System.Runtime.CompilerServices.Closure,Microsoft.Practices.ObjectBuilder2.IBuilderContext)
  at Microsoft.Practices.ObjectBuilder2.DynamicBuildPlanGenerationContext+<>c__DisplayClass1.<GetBuildMethod>b__0 (Microsoft.Practices.ObjectBuilder2.IBuilderContext context) [0x00000] in <ba86a34b2f2c4964b8c588538e94514f>:0 
  at Microsoft.Practices.ObjectBuilder2.DynamicMethodBuildPlan.BuildUp (Microsoft.Practices.ObjectBuilder2.IBuilderContext context) [0x00000] in <ba86a34b2f2c4964b8c588538e94514f>:0 
  at Microsoft.Practices.ObjectBuilder2.BuildPlanStrategy.PreBuildUp (Microsoft.Practices.ObjectBuilder2.IBuilderContext context) [0x00064] in <ba86a34b2f2c4964b8c588538e94514f>:0 
  at Microsoft.Practices.ObjectBuilder2.StrategyChain.ExecuteBuildUp (Microsoft.Practices.ObjectBuilder2.IBuilderContext context) [0x0007c] in <ba86a34b2f2c4964b8c588538e94514f>:0 
  at Microsoft.Practices.ObjectBuilder2.BuilderContext.NewBuildUp (Microsoft.Practices.ObjectBuilder2.NamedTypeBuildKey newBuildKey) [0x0003b] in <ba86a34b2f2c4964b8c588538e94514f>:0 
  at Microsoft.Practices.Unity.ObjectBuilder.NamedTypeDependencyResolverPolicy.Resolve (Microsoft.Practices.ObjectBuilder2.IBuilderContext context) [0x0001d] in <ba86a34b2f2c4964b8c588538e94514f>:0 
  at (wrapper dynamic-method) System.Object.lambda_method(System.Runtime.CompilerServices.Closure,Microsoft.Practices.ObjectBuilder2.IBuilderContext)
  at Microsoft.Practices.ObjectBuilder2.DynamicBuildPlanGenerationContext+<>c__DisplayClass1.<GetBuildMethod>b__0 (Microsoft.Practices.ObjectBuilder2.IBuilderContext context) [0x00000] in <ba86a34b2f2c4964b8c588538e94514f>:0 
  at Microsoft.Practices.ObjectBuilder2.DynamicMethodBuildPlan.BuildUp (Microsoft.Practices.ObjectBuilder2.IBuilderContext context) [0x00000] in <ba86a34b2f2c4964b8c588538e94514f>:0 
  at Microsoft.Practices.ObjectBuilder2.BuildPlanStrategy.PreBuildUp (Microsoft.Practices.ObjectBuilder2.IBuilderContext context) [0x00064] in <ba86a34b2f2c4964b8c588538e94514f>:0 
  at Microsoft.Practices.ObjectBuilder2.StrategyChain.ExecuteBuildUp (Microsoft.Practices.ObjectBuilder2.IBuilderContext context) [0x0007c] in <ba86a34b2f2c4964b8c588538e94514f>:0 
  at Microsoft.Practices.Unity.UnityContainer.DoBuildUp (System.Type t, System.Object existing, System.String name, System.Collections.Generic.IEnumerable`1[T] resolverOverrides) [0x00068] in <ba86a34b2f2c4964b8c588538e94514f>:0 
2026-09-28 10:41:39.2174 FLS.Server.WebApi.Controllers.UsersController Password reset token: Code: 6o1rBjisfM+hVYokkBODXFhUoBU3qCOjWIq40JGDCiATcORyX2ouMPrnFjJP6fOipdUen6gRqJz/WvDL30Vt/VguqFLQ6G7WbcVoDQEL7+0Uf8qNvtprjWy5vzP6odkDTgSLbufecFH6wFEcByVs7vBIFuWqehf/WvAKKEjYDwQ=, Base64: Nm8xckJqaXNmTStoVllva2tCT0RYRmhVb0JVM3FDT2pXSXE0MEpHRENpQVRjT1J5WDJvdU1Qcm5GakpQNmZPaXBkVWVuNmdScUp6L1d2REwzMFZ0L1ZndXFGTFE2RzdXYmNWb0RRRUw3KzBVZjhxTnZ0cHJqV3k1dnpQNm9ka0RUZ1NMYnVmZWNGSDZ3RkVjQnlWczd2QklGdVdxZWhmL1d2QUtLRWpZRHdRPQ==
2026-09-28 10:41:39.7565 FLS.Server.Service.Email.EmailSendService Sent email to recipient: schuele@galaxy-net.ch with subject: Passwort-Reset für Flight Logging System Zugang, and Body: 
2026-09-28 10:41:43.8357 FLS.Server.Service.RegistrationService New trial flight registration with following data (JSON): {"ClubKey":"TestClub","Firstname":"Trial097796","Lastname":"E2EUser","AddressLine1":"Teststrasse 1","ZipCode":"1234","City":"Teststadt","CountryId":null,"PrivateEmail":"trial-1790592097796-572316@e2e.fls.local","MobilePhoneNumber":null,"PrivatePhoneNumber":null,"BusinessPhoneNumber":null,"InvoiceAddressIsSame":true,"InvoiceToFirstname":null,"InvoiceToLastname":null,"InvoiceToAddressLine1":null,"InvoiceToZipCode":null,"InvoiceToCity":null,"InvoiceToCountryId":null,"NotificationEmail":null,"SelectedDay":"2099-07-01T00:00:00","SendCouponToInvoiceAddress":true,"Remarks":null}
2026-09-28 10:41:44.3016 FLS.Server.Data.FLSDataEntities Insert Person with data: [Person -> PersonId: 88f0a3f6-7e66-4709-9dc0-535d4805cde8, Lastname: E2EUser, Firstname: Trial097796, Midname: , CompanyName: , AddressLine1: Teststrasse 1, AddressLine2: , Zip: 1234, City: Teststadt, Region: , CountryId: , PrivatePhone: , MobilePhone: , BusinessPhone: , FaxNumber: , EmailPrivate: trial-1790592097796-572316@e2e.fls.local, EmailBusiness: , PreferMailToBusinessMail: False, Birthday: , HasMotorPilotLicence: False, HasTowPilotLicence: False, HasGliderInstructorLicence: False, HasGliderPilotLicence: False, HasGliderTraineeLicence: True, HasGliderPAXLicence: False, HasTMGLicence: False, HasWinchOperatorLicence: False, HasMotorInstructorLicence: False, HasPartMLicence: False, LicenceNumber: , MedicalClass1ExpireDate: , MedicalClass2ExpireDate: , MedicalLaplExpireDate: , GliderInstructorLicenceExpireDate: , MotorInstructorLicenceExpireDate: , PartMLicenceExpireDate: , HasGliderTowingStartPermission: False, HasGliderSelfStartPermission: False, HasGliderWinchStartPermission: False, SpotLink: , ReceiveOwnedAircraftStatisticReports: False, EnableAddress: False, IsFastEntryRecord: False, CreatedOn: 09/28/2026 10:41:44, CreatedByUserId: 76e80919-b8f8-4b8b-8c36-a8da9f9a0f25, ModifiedOn: , ModifiedByUserId: , DeletedOn: , DeletedByUserId: , RecordState: 1, OwnerId: 0fa7b76f-47ba-4138-8f96-671400fd7c83, OwnershipType: 2, IsDeleted: False, DisplayName: E2EUser Trial097796, EmailAddressForCommunication: trial-1790592097796-572316@e2e.fls.local, Id: 88f0a3f6-7e66-4709-9dc0-535d4805cde8, DoNotUpdateTimeStampsInMetaData: False,  <- Person]

2026-09-28 10:41:44.3324 FLS.Server.Data.FLSDataEntities Insert PersonClub with data: [PersonClub -> PersonId: 00000000-0000-0000-0000-000000000000, ClubId: 0fa7b76f-47ba-4138-8f96-671400fd7c83, MemberNumber: , MemberStateId: , IsMotorPilot: False, IsTowPilot: False, IsGliderInstructor: False, IsGliderPilot: False, IsGliderTrainee: True, IsPassenger: False, IsWinchOperator: False, IsMotorInstructor: False, ReceiveFlightReports: False, ReceiveAircraftReservationNotifications: False, ReceivePlanningDayRoleReminder: False, IsActive: False, CreatedOn: 09/28/2026 10:41:44, CreatedByUserId: 76e80919-b8f8-4b8b-8c36-a8da9f9a0f25, ModifiedOn: , ModifiedByUserId: , DeletedOn: , DeletedByUserId: , RecordState: 1, OwnerId: 0fa7b76f-47ba-4138-8f96-671400fd7c83, OwnershipType: 2, IsDeleted: False, Id: 00000000-0000-0000-0000-000000000000, DoNotUpdateTimeStampsInMetaData: False,  <- PersonClub]

2026-09-28 10:41:44.3652 FLS.Server.Data.FLSDataEntities Insert AircraftReservation with data: [AircraftReservation -> AircraftReservationId: 2b1e7cac-aa98-4f77-aa62-dd16517cfb1e, Start: 07/01/2099 00:00:00, End: 07/01/2099 23:59:59, IsAllDayReservation: True, AircraftId: 944c52c3-0335-4fa2-b90d-4c441a31a4d5, PilotPersonId: 00000000-0000-0000-0000-000000000000, LocationId: b6121bfe-207e-4295-acff-f8c27835d626, SecondCrewPersonId: , AircraftReservationTypeId: , FlightTypeId: , Remarks: Schnupperflug-Kandidat, ClubId: 0fa7b76f-47ba-4138-8f96-671400fd7c83, CreatedOn: 09/28/2026 10:41:44, CreatedByUserId: 76e80919-b8f8-4b8b-8c36-a8da9f9a0f25, ModifiedOn: , ModifiedByUserId: , Id: 2b1e7cac-aa98-4f77-aa62-dd16517cfb1e, DeletedOn: , DeletedByUserId: , RecordState: 1, OwnerId: 0fa7b76f-47ba-4138-8f96-671400fd7c83, OwnershipType: 2, IsDeleted: False,  <- AircraftReservation]

2026-09-28 10:41:45.8470 FLS.Server.WebApi.Controllers.UsersController Password reset token: Code: MznL/10f8HgfXv/DnmcZq2btAfJn7NNCuK9chhTteIhy/OWFNrQps9vVik5Qu/jAUCol8OwyzYZQnyIK9C7dkhHlTdgMeOjILKaKTneK5/rxPlaEzJDr6Fn7k3t2jv2iXqGDBa6vq6/x4NHTG72aFUvnbE/3jzJx48uHbrZnhhc=, Base64: TXpuTC8xMGY4SGdmWHYvRG5tY1pxMmJ0QWZKbjdOTkN1SzljaGhUdGVJaHkvT1dGTnJRcHM5dlZpazVRdS9qQVVDb2w4T3d5ellaUW55SUs5Qzdka2hIbFRkZ01lT2pJTEthS1RuZUs1L3J4UGxhRXpKRHI2Rm43azN0Mmp2MmlYcUdEQmE2dnE2L3g0TkhURzcyYUZVdm5iRS8zanpKeDQ4dUhiclpuaGhjPQ==
2026-09-28 10:41:45.9704 FLS.Server.Service.Email.EmailSendService Sent email to recipient: schuele@galaxy-net.ch with subject: Passwort-Reset für Flight Logging System Zugang, and Body: 
2026-09-28 10:41:46.2503 FLS.Server.Service.Email.EmailSendService Sent email to recipient: trial-1790592097796-572316@e2e.fls.local with subject: Bestätigung für Schnupperflug-Registrierung, and Body: <!DOCTYPE html PUBLIC "-//W3C//DTD XHTML 1.0 Transitional//EN" "http://www.w3.org/TR/xhtml1/DTD/xhtml1-transitional.dtd">
<html xmlns="http://www.w3.org/1999/xhtml">

<head>
<meta content="en-gb" http-equiv="Content-Language" />
<meta content="text/html; charset=utf-8" http-equiv="Content-Type" />
<title>Bestätigung für Schnupperflug-Registrierung</title>
<style type="text/css">

body {
    font-family: Arial, Helvetica, Sans-Serif;
    font-size: 14px;
}
</style>
</head>

<body>
<p>
Hallo Trial097796 E2EUser
</p>
<p>
Danke für Ihre Anmeldung zu einem Schnupperflug.
</p>
<p>
Dies ist eine Bestätigung für die Registrierung zu einem Schnupperflug am <b>07/01/2099</b> in Speck Fehraltorf.</p>
<p>
Schnupperflug-Kandidat:<br>
E2EUser Trial097796<br>
Teststrasse 1<br>
1234 Teststadt<br>
trial-1790592097796-572316@e2e.fls.local<br>
Tel. Mobil: <br>
Tel. Privat: <br>
Tel. Geschäft: <br>
</p>
<p>
Bemerkungen: keine
</p>
<p>
Wir werden den Schnupperflug-Kandidaten am 06/29/2099 über die Durchführung des Schnupperflugtages informieren. Je nach Wetter kann der Schnupperflugtag nicht durchgeführt werden und muss verschoben werden.</p>

<p>
Die Rechnung wird an folgende Adresse gesendet:<br>
E2EUser Trial097796<br>
Teststrasse 1<br>
1234 Teststadt<br>
</p>

<p>
Der Gutschein wird gesendet an: Schnupperflug-Kandidat
</p>

<p>Herzliche Grüsse<br>
Flugsportgruppe Zürcher Oberland</p>

</body>

</html>

2026-09-28 10:41:46.3460 FLS.Server.Service.Email.EmailSendService Sent email to recipient: trial-organizer@e2e.fls.local with subject: Neue Schnupperflug-Registrierung, and Body: <!DOCTYPE html PUBLIC "-//W3C//DTD XHTML 1.0 Transitional//EN" "http://www.w3.org/TR/xhtml1/DTD/xhtml1-transitional.dtd">
<html xmlns="http://www.w3.org/1999/xhtml">

<head>
<meta content="en-gb" http-equiv="Content-Language" />
<meta content="text/html; charset=utf-8" http-equiv="Content-Type" />
<title>Neue Schnupperflug-Registrierung</title>
<style type="text/css">

body {
    font-family: Arial, Helvetica, Sans-Serif;
    font-size: 14px;
}
</style>
</head>

<body>
<p>
Hallo
</p>
<p>
Es hat eine neue Registrierung zu einem Schnupperflug am <b>07/01/2099</b> in Speck Fehraltorf gegeben.</p>

<p>
Schnupperflug-Kandidat:<br>
E2EUser Trial097796<br>
Teststrasse 1<br>
1234 Teststadt<br>
trial-1790592097796-572316@e2e.fls.local<br>
Tel. Mobil: <br>
Tel. Privat: <br>
Tel. Geschäft: <br>
</p>

<p>
Rechnung an:<br>
E2EUser Trial097796<br>
Teststrasse 1<br>
1234 Teststadt<br>
</p>

<p>
Gutschein an:<br>
Schnupperflug-Kandidat
</p>

<p>
Bemerkungen: keine
</p>

<p>
Flugzeug-Reservation: Reservation wurde erstellt.
</p>

<p>
Bitte Schnupperflug-Gutschein und Rechnung entsprechend ausstellen.
</p>

<p>
Der Schnupperflug-Kandidat soll durch den Organisator am 06/29/2099 über die Durchführung des Schnupperflugtages informiert werden. 
</p>

<p>Herzliche Grüsse</p>
<p>Flight Logging System</p>

</body>

</html>

2026-09-28 10:41:48.2446 FLS.Server.Service.RegistrationService New passenger flight registration with following data (JSON): {"ClubKey":"TestClub","Firstname":"Pax101212","Lastname":"E2EUser","AddressLine1":"Teststrasse 2","ZipCode":"5678","City":"Teststadt","CountryId":null,"PrivateEmail":"passenger-1790592101212-919271@e2e.fls.local","MobilePhoneNumber":null,"PrivatePhoneNumber":null,"BusinessPhoneNumber":null,"InvoiceAddressIsSame":true,"InvoiceToFirstname":null,"InvoiceToLastname":null,"InvoiceToAddressLine1":null,"InvoiceToZipCode":null,"InvoiceToCity":null,"InvoiceToCountryId":null,"NotificationEmail":null,"SendCouponToInvoiceAddress":true,"Remarks":null}
2026-09-28 10:41:48.2947 FLS.Server.Data.FLSDataEntities Insert Person with data: [Person -> PersonId: 0c12851c-3c9e-4def-b899-316012c93f66, Lastname: E2EUser, Firstname: Pax101212, Midname: , CompanyName: , AddressLine1: Teststrasse 2, AddressLine2: , Zip: 5678, City: Teststadt, Region: , CountryId: , PrivatePhone: , MobilePhone: , BusinessPhone: , FaxNumber: , EmailPrivate: passenger-1790592101212-919271@e2e.fls.local, EmailBusiness: , PreferMailToBusinessMail: False, Birthday: , HasMotorPilotLicence: False, HasTowPilotLicence: False, HasGliderInstructorLicence: False, HasGliderPilotLicence: False, HasGliderTraineeLicence: False, HasGliderPAXLicence: False, HasTMGLicence: False, HasWinchOperatorLicence: False, HasMotorInstructorLicence: False, HasPartMLicence: False, LicenceNumber: , MedicalClass1ExpireDate: , MedicalClass2ExpireDate: , MedicalLaplExpireDate: , GliderInstructorLicenceExpireDate: , MotorInstructorLicenceExpireDate: , PartMLicenceExpireDate: , HasGliderTowingStartPermission: False, HasGliderSelfStartPermission: False, HasGliderWinchStartPermission: False, SpotLink: , ReceiveOwnedAircraftStatisticReports: False, EnableAddress: False, IsFastEntryRecord: False, CreatedOn: 09/28/2026 10:41:48, CreatedByUserId: 76e80919-b8f8-4b8b-8c36-a8da9f9a0f25, ModifiedOn: , ModifiedByUserId: , DeletedOn: , DeletedByUserId: , RecordState: 1, OwnerId: 0fa7b76f-47ba-4138-8f96-671400fd7c83, OwnershipType: 2, IsDeleted: False, DisplayName: E2EUser Pax101212, EmailAddressForCommunication: passenger-1790592101212-919271@e2e.fls.local, Id: 0c12851c-3c9e-4def-b899-316012c93f66, DoNotUpdateTimeStampsInMetaData: False,  <- Person]

2026-09-28 10:41:48.3152 FLS.Server.Data.FLSDataEntities Insert PersonClub with data: [PersonClub -> PersonId: 00000000-0000-0000-0000-000000000000, ClubId: 0fa7b76f-47ba-4138-8f96-671400fd7c83, MemberNumber: , MemberStateId: , IsMotorPilot: False, IsTowPilot: False, IsGliderInstructor: False, IsGliderPilot: False, IsGliderTrainee: False, IsPassenger: False, IsWinchOperator: False, IsMotorInstructor: False, ReceiveFlightReports: False, ReceiveAircraftReservationNotifications: False, ReceivePlanningDayRoleReminder: False, IsActive: False, CreatedOn: 09/28/2026 10:41:48, CreatedByUserId: 76e80919-b8f8-4b8b-8c36-a8da9f9a0f25, ModifiedOn: , ModifiedByUserId: , DeletedOn: , DeletedByUserId: , RecordState: 1, OwnerId: 0fa7b76f-47ba-4138-8f96-671400fd7c83, OwnershipType: 2, IsDeleted: False, Id: 00000000-0000-0000-0000-000000000000, DoNotUpdateTimeStampsInMetaData: False,  <- PersonClub]

2026-09-28 10:41:48.5714 FLS.Server.Service.Email.EmailSendService Sent email to recipient: passenger-1790592101212-919271@e2e.fls.local with subject: Bestätigung für Passagierflug-Registrierung, and Body: <html><body>Hallo Pax101212 E2EUser</body></html>
2026-09-28 10:41:48.6856 FLS.Server.Service.Email.EmailSendService Sent email to recipient: passenger-organizer@e2e.fls.local with subject: Neue Passagierflug-Registrierung, and Body: <html><body>Neue Passagier-Registrierung: E2EUser Pax101212</body></html>
2026-09-28 10:41:50.6321 FLS.Server.WebApi.Controllers.UsersController Password reset token: Code: NjzsDBwKxviIMdTc8551BWuXcGU/V5xIQPqd1jXMUxyMvgoHAsepdI5xiuGIUssWQSWpZ1vUPPhpSAra/s9kdHuqF69PTMXAdvjHeWNI/ezB+adG3wqSJxwhVRXNVXFwJQ4M/wBkMsN3Joi+OiP7ikkBdkRhaP8jjpMiHEQQ28k=, Base64: Tmp6c0RCd0t4dmlJTWRUYzg1NTFCV3VYY0dVL1Y1eElRUHFkMWpYTVV4eU12Z29IQXNlcGRJNXhpdUdJVXNzV1FTV3BaMXZVUFBocFNBcmEvczlrZEh1cUY2OVBUTVhBZHZqSGVXTkkvZXpCK2FkRzN3cVNKeHdoVlJYTlZYRndKUTRNL3dCa01zTjNKb2krT2lQN2lra0Jka1JoYVA4ampwTWlIRVFRMjhrPQ==
2026-09-28 10:41:50.7274 FLS.Server.Service.Email.EmailSendService Sent email to recipient: schuele@galaxy-net.ch with subject: Passwort-Reset für Flight Logging System Zugang, and Body: 
2026-09-28 10:42:03.0303 FLS.Server.Data.FLSDataEntities Insert Flight with data: Motor-Flight: , Pilot: , Flight-Date: 09/28/2026, Starttime: 10:00, LdgTime: 10:30, Nr of Ldgs: 1/0, Flight-Air-State: 20, Flight-Process-State: 0
2026-09-28 10:42:03.0713 FLS.Server.Data.FLSDataEntities Insert FlightCrew with data: [FlightCrew -> FlightCrewId: 18803c1b-5281-421f-9ff5-10dd32b80498, FlightId: 00000000-0000-0000-0000-000000000000, PersonId: 08202ac1-d53f-4739-9448-35aebaae8941, FlightCrewTypeId: 1, BeginFlightDateTime: 09/28/2026 10:00:00, EndFlightDateTime: 09/28/2026 10:30:00, BeginInstructionDateTime: , EndInstructionDateTime: , NrOfLdgs: 1, NrOfStarts: , CreatedOn: 09/28/2026 10:42:03, CreatedByUserId: 76e80919-b8f8-4b8b-8c36-a8da9f9a0f25, ModifiedOn: , ModifiedByUserId: , DeletedOn: , DeletedByUserId: , RecordState: 1, OwnerId: 0fa7b76f-47ba-4138-8f96-671400fd7c83, OwnershipType: 2, IsDeleted: False, Id: 18803c1b-5281-421f-9ff5-10dd32b80498, HasPerson: True,  <- FlightCrew]

2026-09-28 10:42:07.3590 FLS.Server.Data.FLSDataEntities Insert Flight with data: Glider-Flight: , Pilot: , Flight-Date: 09/28/2026, Starttime: 10:00, LdgTime: 10:30, Nr of Ldgs: 1/0, Flight-Air-State: 20, Flight-Process-State: 0
2026-09-28 10:42:07.3957 FLS.Server.Data.FLSDataEntities Insert FlightCrew with data: [FlightCrew -> FlightCrewId: 3c7a08e7-0525-4f83-bb96-6a51ac5634c1, FlightId: 00000000-0000-0000-0000-000000000000, PersonId: ea1f94f8-17c1-419d-8166-ea8e9352c8dd, FlightCrewTypeId: 1, BeginFlightDateTime: 09/28/2026 10:00:00, EndFlightDateTime: 09/28/2026 10:30:00, BeginInstructionDateTime: , EndInstructionDateTime: , NrOfLdgs: 1, NrOfStarts: , CreatedOn: 09/28/2026 10:42:07, CreatedByUserId: 76e80919-b8f8-4b8b-8c36-a8da9f9a0f25, ModifiedOn: , ModifiedByUserId: , DeletedOn: , DeletedByUserId: , RecordState: 1, OwnerId: 0fa7b76f-47ba-4138-8f96-671400fd7c83, OwnershipType: 2, IsDeleted: False, Id: 3c7a08e7-0525-4f83-bb96-6a51ac5634c1, HasPerson: True,  <- FlightCrew]

2026-09-28 10:42:07.5623 FLS.Server.Data.FLSDataEntities Insert Flight with data: Glider-Flight: , Pilot: , Flight-Date: 09/28/2026, Starttime: 10:00, LdgTime: 10:30, Nr of Ldgs: 1/0, Flight-Air-State: 20, Flight-Process-State: 0
2026-09-28 10:42:07.6077 FLS.Server.Data.FLSDataEntities Insert FlightCrew with data: [FlightCrew -> FlightCrewId: 1f89f02e-bac1-4b0d-b5f3-715924e976a4, FlightId: 00000000-0000-0000-0000-000000000000, PersonId: ea1f94f8-17c1-419d-8166-ea8e9352c8dd, FlightCrewTypeId: 1, BeginFlightDateTime: 09/28/2026 10:00:00, EndFlightDateTime: 09/28/2026 10:30:00, BeginInstructionDateTime: , EndInstructionDateTime: , NrOfLdgs: 1, NrOfStarts: , CreatedOn: 09/28/2026 10:42:07, CreatedByUserId: 76e80919-b8f8-4b8b-8c36-a8da9f9a0f25, ModifiedOn: , ModifiedByUserId: , DeletedOn: , DeletedByUserId: , RecordState: 1, OwnerId: 0fa7b76f-47ba-4138-8f96-671400fd7c83, OwnershipType: 2, IsDeleted: False, Id: 1f89f02e-bac1-4b0d-b5f3-715924e976a4, HasPerson: True,  <- FlightCrew]

2026-09-28 10:42:08.1634 FLS.Server.Data.FLSDataEntities Insert Flight with data: Glider-Flight: , Pilot: , Flight-Date: 09/28/2026, Starttime: 10:00, LdgTime: 10:30, Nr of Ldgs: 1/0, Flight-Air-State: 20, Flight-Process-State: 0
2026-09-28 10:42:08.1865 FLS.Server.Data.FLSDataEntities Insert FlightCrew with data: [FlightCrew -> FlightCrewId: 654cdcbc-5031-47c8-95fa-94107e37dc88, FlightId: 00000000-0000-0000-0000-000000000000, PersonId: ea1f94f8-17c1-419d-8166-ea8e9352c8dd, FlightCrewTypeId: 1, BeginFlightDateTime: 09/28/2026 10:00:00, EndFlightDateTime: 09/28/2026 10:30:00, BeginInstructionDateTime: , EndInstructionDateTime: , NrOfLdgs: 1, NrOfStarts: , CreatedOn: 09/28/2026 10:42:08, CreatedByUserId: 76e80919-b8f8-4b8b-8c36-a8da9f9a0f25, ModifiedOn: , ModifiedByUserId: , DeletedOn: , DeletedByUserId: , RecordState: 1, OwnerId: 0fa7b76f-47ba-4138-8f96-671400fd7c83, OwnershipType: 2, IsDeleted: False, Id: 654cdcbc-5031-47c8-95fa-94107e37dc88, HasPerson: True,  <- FlightCrew]

2026-09-28 10:42:08.4565 FLS.Server.Data.FLSDataEntities Insert Flight with data: Glider-Flight: , Pilot: , Flight-Date: 09/28/2026, Starttime: 10:00, LdgTime: 10:30, Nr of Ldgs: 1/0, Flight-Air-State: 20, Flight-Process-State: 0
2026-09-28 10:42:08.4705 FLS.Server.Data.FLSDataEntities Insert FlightCrew with data: [FlightCrew -> FlightCrewId: 298f9577-f185-4105-b4c0-7bead170c27a, FlightId: 00000000-0000-0000-0000-000000000000, PersonId: ea1f94f8-17c1-419d-8166-ea8e9352c8dd, FlightCrewTypeId: 1, BeginFlightDateTime: 09/28/2026 10:00:00, EndFlightDateTime: 09/28/2026 10:30:00, BeginInstructionDateTime: , EndInstructionDateTime: , NrOfLdgs: 1, NrOfStarts: , CreatedOn: 09/28/2026 10:42:08, CreatedByUserId: 76e80919-b8f8-4b8b-8c36-a8da9f9a0f25, ModifiedOn: , ModifiedByUserId: , DeletedOn: , DeletedByUserId: , RecordState: 1, OwnerId: 0fa7b76f-47ba-4138-8f96-671400fd7c83, OwnershipType: 2, IsDeleted: False, Id: 298f9577-f185-4105-b4c0-7bead170c27a, HasPerson: True,  <- FlightCrew]

2026-09-28 10:42:09.1572 FLS.Server.Data.FLSDataEntities Update Flight with data: Glider-Flight: HB-3407, Pilot: Bonzli Lenni, Flight-Date: 09/28/2026, Starttime: 10:00, LdgTime: 10:30, Flightcode: 60, Nr of Ldgs: 1/0, Flight-Air-State: 20, Flight-Process-State: 0
2026-09-28 10:42:09.2513 FLS.Server.Data.FLSDataEntities Update Flight with data: Glider-Flight: , Pilot: , Flight-Date: 09/28/2026, Starttime: 10:00, LdgTime: 10:30, Nr of Ldgs: 1/0, Flight-Air-State: 20, Flight-Process-State: 99
2026-09-28 10:42:10.0107 FLS.Server.Service.WorkflowService Execute daily flight validation job.
2026-09-28 10:42:10.0634 FLS.Server.Service.Jobs.DailyFlightValidationJob Executing daily flight validation job
2026-09-28 10:42:10.2003 FLS.Server.Data.FLSDataEntities Update Flight with data: Glider-Flight: , Pilot: , Flight-Date: 09/28/2026, Starttime: 10:00, LdgTime: 10:30, Nr of Ldgs: 1/0, Flight-Air-State: 20, Flight-Process-State: 30
2026-09-28 10:42:10.3497 FLS.Server.Service.FlightService Saved the validated flights of today to database.
2026-09-28 10:42:10.5459 FLS.Server.Data.FLSDataEntities Update Flight with data: Glider-Flight: HB-3407, Pilot: Bonzli Lenni, Flight-Date: 09/28/2026, Starttime: 10:00, LdgTime: 10:30, Flightcode: 60, Nr of Ldgs: 1/0, Flight-Air-State: 20, Flight-Process-State: 0
2026-09-28 10:42:10.6453 FLS.Server.Data.FLSDataEntities Update Flight with data: Motor-Flight: HB-DCU, Pilot: Rieterman Conny, Flight-Date: 09/28/2026, Starttime: 10:00, LdgTime: 10:30, Flightcode: 60, Nr of Ldgs: 1/0, Flight-Air-State: 20, Flight-Process-State: 0
2026-09-28 10:42:15.2860 FLS.Server.Data.FLSDataEntities Insert Flight with data: Glider-Flight: , Pilot: , Flight-Date: 09/28/2026, Starttime: 10:00, LdgTime: 10:30, Nr of Ldgs: 1/0, Flight-Air-State: 20, Flight-Process-State: 0
2026-09-28 10:42:15.3375 FLS.Server.Data.FLSDataEntities Insert FlightCrew with data: [FlightCrew -> FlightCrewId: 0abb7855-b121-4ee7-a8c2-5b09699dd9af, FlightId: 00000000-0000-0000-0000-000000000000, PersonId: ea1f94f8-17c1-419d-8166-ea8e9352c8dd, FlightCrewTypeId: 1, BeginFlightDateTime: 09/28/2026 10:00:00, EndFlightDateTime: 09/28/2026 10:30:00, BeginInstructionDateTime: , EndInstructionDateTime: , NrOfLdgs: 1, NrOfStarts: , CreatedOn: 09/28/2026 10:42:15, CreatedByUserId: 76e80919-b8f8-4b8b-8c36-a8da9f9a0f25, ModifiedOn: , ModifiedByUserId: , DeletedOn: , DeletedByUserId: , RecordState: 1, OwnerId: 0fa7b76f-47ba-4138-8f96-671400fd7c83, OwnershipType: 2, IsDeleted: False, Id: 0abb7855-b121-4ee7-a8c2-5b09699dd9af, HasPerson: True,  <- FlightCrew]

2026-09-28 10:42:16.5250 FLS.Server.Service.FlightService Saved the validated flights of today to database.
2026-09-28 10:42:16.6663 FLS.Server.Data.FLSDataEntities Insert Flight with data: Glider-Flight: , Pilot: , Flight-Date: 09/28/2026, Starttime: 10:00, LdgTime: 10:30, Nr of Ldgs: 1/0, Flight-Air-State: 20, Flight-Process-State: 0
2026-09-28 10:42:16.6994 FLS.Server.Data.FLSDataEntities Insert FlightCrew with data: [FlightCrew -> FlightCrewId: 80068a71-8fd2-4022-9da9-c23477ee9cd6, FlightId: 00000000-0000-0000-0000-000000000000, PersonId: ea1f94f8-17c1-419d-8166-ea8e9352c8dd, FlightCrewTypeId: 1, BeginFlightDateTime: 09/28/2026 10:00:00, EndFlightDateTime: 09/28/2026 10:30:00, BeginInstructionDateTime: , EndInstructionDateTime: , NrOfLdgs: 1, NrOfStarts: , CreatedOn: 09/28/2026 10:42:16, CreatedByUserId: 76e80919-b8f8-4b8b-8c36-a8da9f9a0f25, ModifiedOn: , ModifiedByUserId: , DeletedOn: , DeletedByUserId: , RecordState: 1, OwnerId: 0fa7b76f-47ba-4138-8f96-671400fd7c83, OwnershipType: 2, IsDeleted: False, Id: 80068a71-8fd2-4022-9da9-c23477ee9cd6, HasPerson: True,  <- FlightCrew]

2026-09-28 10:42:22.7073 FLS.Server.Data.FLSDataEntities Insert PlanningDay with data: [PlanningDay -> PlanningDayId: 59a053d6-5ec1-413d-add4-a5a4e09c166b, ClubId: 0fa7b76f-47ba-4138-8f96-671400fd7c83, Day: 09/28/2026 10:42:22, LocationId: b6121bfe-207e-4295-acff-f8c27835d626, Remarks: e2e-planning-1790592142171, CreatedOn: 09/28/2026 10:42:22, CreatedByUserId: 76e80919-b8f8-4b8b-8c36-a8da9f9a0f25, ModifiedOn: , ModifiedByUserId: , Id: 59a053d6-5ec1-413d-add4-a5a4e09c166b, DeletedOn: , DeletedByUserId: , RecordState: 1, OwnerId: 0fa7b76f-47ba-4138-8f96-671400fd7c83, OwnershipType: 2, IsDeleted: False,  <- PlanningDay]

2026-09-28 10:42:22.7393 FLS.Server.Data.FLSDataEntities Insert PlanningDayAssignment with data: [PlanningDayAssignment -> PlanningDayAssignmentId: cc409bd7-cbc9-47db-8df7-7c0d87f710a5, AssignedPlanningDayId: 00000000-0000-0000-0000-000000000000, AssignedPersonId: ea1f94f8-17c1-419d-8166-ea8e9352c8dd, AssignmentTypeId: a46b39ba-bbff-4f54-aa89-2bef5db5dd6a, Remarks: , CreatedOn: 09/28/2026 10:42:22, CreatedByUserId: 76e80919-b8f8-4b8b-8c36-a8da9f9a0f25, ModifiedOn: , ModifiedByUserId: , Id: cc409bd7-cbc9-47db-8df7-7c0d87f710a5, DeletedOn: , DeletedByUserId: , RecordState: 1, OwnerId: 0fa7b76f-47ba-4138-8f96-671400fd7c83, OwnershipType: 2, IsDeleted: False,  <- PlanningDayAssignment]

2026-09-28 10:42:22.7593 FLS.Server.Data.FLSDataEntities Insert PlanningDayAssignment with data: [PlanningDayAssignment -> PlanningDayAssignmentId: c2508461-42d9-4218-8c28-76e93a9bae6e, AssignedPlanningDayId: 00000000-0000-0000-0000-000000000000, AssignedPersonId: 08202ac1-d53f-4739-9448-35aebaae8941, AssignmentTypeId: dfd23261-80eb-4658-a474-e21290b635b1, Remarks: , CreatedOn: 09/28/2026 10:42:22, CreatedByUserId: 76e80919-b8f8-4b8b-8c36-a8da9f9a0f25, ModifiedOn: , ModifiedByUserId: , Id: c2508461-42d9-4218-8c28-76e93a9bae6e, DeletedOn: , DeletedByUserId: , RecordState: 1, OwnerId: 0fa7b76f-47ba-4138-8f96-671400fd7c83, OwnershipType: 2, IsDeleted: False,  <- PlanningDayAssignment]

2026-09-28 10:42:22.7704 FLS.Server.Data.FLSDataEntities Insert PlanningDayAssignment with data: [PlanningDayAssignment -> PlanningDayAssignmentId: 0e3eb19d-39e6-4f4e-83d4-c08b6081c2ee, AssignedPlanningDayId: 00000000-0000-0000-0000-000000000000, AssignedPersonId: 563f121e-b2ae-4738-b8fd-7805ac393914, AssignmentTypeId: 44997f20-e77c-44e7-bfb1-fc32b9456107, Remarks: , CreatedOn: 09/28/2026 10:42:22, CreatedByUserId: 76e80919-b8f8-4b8b-8c36-a8da9f9a0f25, ModifiedOn: , ModifiedByUserId: , Id: 0e3eb19d-39e6-4f4e-83d4-c08b6081c2ee, DeletedOn: , DeletedByUserId: , RecordState: 1, OwnerId: 0fa7b76f-47ba-4138-8f96-671400fd7c83, OwnershipType: 2, IsDeleted: False,  <- PlanningDayAssignment]

2026-09-28 10:42:24.3652 FLS.Server.Data.FLSDataEntities Insert PlanningDay with data: [PlanningDay -> PlanningDayId: d3db7a96-3324-425b-92fd-300e8c1c5440, ClubId: 0fa7b76f-47ba-4138-8f96-671400fd7c83, Day: 05/16/2026 00:00:00, LocationId: b6121bfe-207e-4295-acff-f8c27835d626, Remarks: , CreatedOn: 09/28/2026 10:42:24, CreatedByUserId: 76e80919-b8f8-4b8b-8c36-a8da9f9a0f25, ModifiedOn: , ModifiedByUserId: , Id: d3db7a96-3324-425b-92fd-300e8c1c5440, DeletedOn: , DeletedByUserId: , RecordState: 1, OwnerId: 0fa7b76f-47ba-4138-8f96-671400fd7c83, OwnershipType: 2, IsDeleted: False,  <- PlanningDay]

2026-09-28 10:42:24.3779 FLS.Server.Data.FLSDataEntities Insert PlanningDay with data: [PlanningDay -> PlanningDayId: dc2f59ca-2c57-466d-b39e-fc12c510e47e, ClubId: 0fa7b76f-47ba-4138-8f96-671400fd7c83, Day: 05/17/2026 00:00:00, LocationId: b6121bfe-207e-4295-acff-f8c27835d626, Remarks: , CreatedOn: 09/28/2026 10:42:24, CreatedByUserId: 76e80919-b8f8-4b8b-8c36-a8da9f9a0f25, ModifiedOn: , ModifiedByUserId: , Id: dc2f59ca-2c57-466d-b39e-fc12c510e47e, DeletedOn: , DeletedByUserId: , RecordState: 1, OwnerId: 0fa7b76f-47ba-4138-8f96-671400fd7c83, OwnershipType: 2, IsDeleted: False,  <- PlanningDay]

2026-09-28 10:42:24.3881 FLS.Server.Data.FLSDataEntities Insert PlanningDay with data: [PlanningDay -> PlanningDayId: 9d15a016-4244-4854-b55e-dc57b8e5ea89, ClubId: 0fa7b76f-47ba-4138-8f96-671400fd7c83, Day: 05/23/2026 00:00:00, LocationId: b6121bfe-207e-4295-acff-f8c27835d626, Remarks: , CreatedOn: 09/28/2026 10:42:24, CreatedByUserId: 76e80919-b8f8-4b8b-8c36-a8da9f9a0f25, ModifiedOn: , ModifiedByUserId: , Id: 9d15a016-4244-4854-b55e-dc57b8e5ea89, DeletedOn: , DeletedByUserId: , RecordState: 1, OwnerId: 0fa7b76f-47ba-4138-8f96-671400fd7c83, OwnershipType: 2, IsDeleted: False,  <- PlanningDay]

2026-09-28 10:42:24.4021 FLS.Server.Data.FLSDataEntities Insert PlanningDay with data: [PlanningDay -> PlanningDayId: f86baf3b-17c5-49f8-ae51-67e6fc4d11bb, ClubId: 0fa7b76f-47ba-4138-8f96-671400fd7c83, Day: 05/24/2026 00:00:00, LocationId: b6121bfe-207e-4295-acff-f8c27835d626, Remarks: , CreatedOn: 09/28/2026 10:42:24, CreatedByUserId: 76e80919-b8f8-4b8b-8c36-a8da9f9a0f25, ModifiedOn: , ModifiedByUserId: , Id: f86baf3b-17c5-49f8-ae51-67e6fc4d11bb, DeletedOn: , DeletedByUserId: , RecordState: 1, OwnerId: 0fa7b76f-47ba-4138-8f96-671400fd7c83, OwnershipType: 2, IsDeleted: False,  <- PlanningDay]

2026-09-28 10:42:24.4103 FLS.Server.Data.FLSDataEntities Insert PlanningDay with data: [PlanningDay -> PlanningDayId: fffdbf0c-df5b-4af2-ad7d-0f57eda62f28, ClubId: 0fa7b76f-47ba-4138-8f96-671400fd7c83, Day: 05/30/2026 00:00:00, LocationId: b6121bfe-207e-4295-acff-f8c27835d626, Remarks: , CreatedOn: 09/28/2026 10:42:24, CreatedByUserId: 76e80919-b8f8-4b8b-8c36-a8da9f9a0f25, ModifiedOn: , ModifiedByUserId: , Id: fffdbf0c-df5b-4af2-ad7d-0f57eda62f28, DeletedOn: , DeletedByUserId: , RecordState: 1, OwnerId: 0fa7b76f-47ba-4138-8f96-671400fd7c83, OwnershipType: 2, IsDeleted: False,  <- PlanningDay]

2026-09-28 10:42:24.4220 FLS.Server.Data.FLSDataEntities Insert PlanningDay with data: [PlanningDay -> PlanningDayId: 19742aeb-b6d6-4d90-b681-92345c732ca0, ClubId: 0fa7b76f-47ba-4138-8f96-671400fd7c83, Day: 05/31/2026 00:00:00, LocationId: b6121bfe-207e-4295-acff-f8c27835d626, Remarks: , CreatedOn: 09/28/2026 10:42:24, CreatedByUserId: 76e80919-b8f8-4b8b-8c36-a8da9f9a0f25, ModifiedOn: , ModifiedByUserId: , Id: 19742aeb-b6d6-4d90-b681-92345c732ca0, DeletedOn: , DeletedByUserId: , RecordState: 1, OwnerId: 0fa7b76f-47ba-4138-8f96-671400fd7c83, OwnershipType: 2, IsDeleted: False,  <- PlanningDay]

2026-09-28 10:42:32.7175 FLS.Server.Data.FLSDataEntities Insert AircraftReservation with data: [AircraftReservation -> AircraftReservationId: 69f8c314-fef6-4013-a3a1-6b8e99915054, Start: 09/29/2026 00:00:00, End: 09/29/2026 00:00:00, IsAllDayReservation: True, AircraftId: 944c52c3-0335-4fa2-b90d-4c441a31a4d5, PilotPersonId: ea1f94f8-17c1-419d-8166-ea8e9352c8dd, LocationId: 2612482e-c245-423d-810b-175a48fccce4, SecondCrewPersonId: , AircraftReservationTypeId: f1500010-0000-0000-0000-000000000002, FlightTypeId: , Remarks: e2e-create-1790592152520, ClubId: 0fa7b76f-47ba-4138-8f96-671400fd7c83, CreatedOn: 09/28/2026 10:42:32, CreatedByUserId: 76e80919-b8f8-4b8b-8c36-a8da9f9a0f25, ModifiedOn: , ModifiedByUserId: , Id: 69f8c314-fef6-4013-a3a1-6b8e99915054, DeletedOn: , DeletedByUserId: , RecordState: 1, OwnerId: 0fa7b76f-47ba-4138-8f96-671400fd7c83, OwnershipType: 2, IsDeleted: False,  <- AircraftReservation]

2026-09-28 10:42:35.1612 FLS.Server.Data.FLSDataEntities Insert Aircraft with data: [Aircraft -> AircraftId: abef49c0-af9c-490d-bfa6-ead6e779c8ae, ManufacturerName: E2EManufacturer, AircraftModel: E2E-26-Model, Immatriculation: T-0PRAIG, CompetitionSign: , NrOfSeats: 1, DaecIndex: , Comment: created by e2e #26, AircraftTypeId: 1, IsTowingOrWinchRequired: False, IsTowingstartAllowed: False, IsWinchstartAllowed: False, IsTowingAircraft: False, AircraftOwnerClubId: , AircraftOwnerPersonId: , FLARMId: , AircraftSerialNumber: , YearOfManufacture: , NoiseClass: , NoiseLevel: , MTOM: , FlightOperatingCounterUnitTypeId: , EngineOperatingCounterUnitTypeId: , SpotLink: , IsFastEntryRecord: False, HomebaseId: , CreatedOn: 09/28/2026 10:42:35, CreatedByUserId: 76e80919-b8f8-4b8b-8c36-a8da9f9a0f25, ModifiedOn: , ModifiedByUserId: , DeletedOn: , DeletedByUserId: , RecordState: 1, OwnerId: 0fa7b76f-47ba-4138-8f96-671400fd7c83, OwnershipType: 2, IsDeleted: False, Id: abef49c0-af9c-490d-bfa6-ead6e779c8ae, HasEngine: False,  <- Aircraft]

2026-09-28 10:42:35.6783 FLS.Server.Data.FLSDataEntities Update AircraftReservation with data: [AircraftReservation -> AircraftReservationId: 69f8c314-fef6-4013-a3a1-6b8e99915054, Start: 09/29/2026 00:00:00, End: 09/29/2026 00:00:00, IsAllDayReservation: True, AircraftId: 944c52c3-0335-4fa2-b90d-4c441a31a4d5, PilotPersonId: ea1f94f8-17c1-419d-8166-ea8e9352c8dd, LocationId: 2612482e-c245-423d-810b-175a48fccce4, SecondCrewPersonId: , AircraftReservationTypeId: f1500010-0000-0000-0000-000000000002, FlightTypeId: , Remarks: e2e-edit-1790592154188, ClubId: 0fa7b76f-47ba-4138-8f96-671400fd7c83, CreatedOn: 09/28/2026 10:42:32, CreatedByUserId: 76e80919-b8f8-4b8b-8c36-a8da9f9a0f25, ModifiedOn: 09/28/2026 10:42:35, ModifiedByUserId: 76e80919-b8f8-4b8b-8c36-a8da9f9a0f25, Id: 69f8c314-fef6-4013-a3a1-6b8e99915054, DeletedOn: , DeletedByUserId: , RecordState: 1, OwnerId: 0fa7b76f-47ba-4138-8f96-671400fd7c83, OwnershipType: 2, IsDeleted: False,  <- AircraftReservation]

2026-09-28 10:42:36.3682 FLS.Server.Service.FlightService The currently validated flight Glider-Flight: HB-3407, Pilot: Bonzli Lenni, Flight-Date: 09/28/2026, Starttime: 10:00, LdgTime: 10:30, Flightcode: 60, Nr of Ldgs: 1/0, Flight-Air-State: 20, Flight-Process-State: 30 has now the following Process-State: 30 (Gültig)
2026-09-28 10:42:36.3796 FLS.Server.Data.FLSDataEntities Update Flight with data: Glider-Flight: HB-3407, Pilot: Bonzli Lenni, Flight-Date: 09/28/2026, Starttime: 10:00, LdgTime: 10:30, Flightcode: 60, Nr of Ldgs: 1/0, Flight-Air-State: 20, Flight-Process-State: 30
2026-09-28 10:42:36.4145 FLS.Server.Service.FlightService Saved the validated flights of today to database.
2026-09-28 10:42:36.4160 FLS.Server.Service.FlightService The currently validated flight Glider-Flight: HB-3407, Pilot: Bonzli Lenni, Flight-Date: 09/28/2026, Starttime: 10:00, LdgTime: 10:30, Flightcode: 60, Nr of Ldgs: 1/0, Flight-Air-State: 20, Flight-Process-State: 30 has now the following Process-State: 30 (Gültig)
2026-09-28 10:42:36.4284 FLS.Server.Data.FLSDataEntities Update Flight with data: Glider-Flight: HB-3407, Pilot: Bonzli Lenni, Flight-Date: 09/28/2026, Starttime: 10:00, LdgTime: 10:30, Flightcode: 60, Nr of Ldgs: 1/0, Flight-Air-State: 20, Flight-Process-State: 30
2026-09-28 10:42:36.4546 FLS.Server.Service.FlightService Saved the validated flights of today to database.
2026-09-28 10:42:36.4757 FLS.Server.Service.FlightService The currently validated flight Glider-Flight: HB-3407, Pilot: Bonzli Lenni, Flight-Date: 09/28/2026, Starttime: 10:00, LdgTime: 10:30, Flightcode: 60, Nr of Ldgs: 1/0, Flight-Air-State: 20, Flight-Process-State: 30 has now the following Process-State: 30 (Gültig)
2026-09-28 10:42:36.4937 FLS.Server.Data.FLSDataEntities Update Flight with data: Glider-Flight: HB-3407, Pilot: Bonzli Lenni, Flight-Date: 09/28/2026, Starttime: 10:00, LdgTime: 10:30, Flightcode: 60, Nr of Ldgs: 1/0, Flight-Air-State: 20, Flight-Process-State: 30
2026-09-28 10:42:36.5176 FLS.Server.Service.FlightService Saved the validated flights of today to database.
2026-09-28 10:42:36.5307 FLS.Server.Service.FlightService The currently validated flight Glider-Flight: HB-3407, Pilot: Bonzli Lenni, Flight-Date: 09/28/2026, Starttime: 10:00, LdgTime: 10:30, Flightcode: 60, Nr of Ldgs: 1/0, Flight-Air-State: 20, Flight-Process-State: 30 has now the following Process-State: 30 (Gültig)
2026-09-28 10:42:36.5439 FLS.Server.Data.FLSDataEntities Update Flight with data: Glider-Flight: HB-3407, Pilot: Bonzli Lenni, Flight-Date: 09/28/2026, Starttime: 10:00, LdgTime: 10:30, Flightcode: 60, Nr of Ldgs: 1/0, Flight-Air-State: 20, Flight-Process-State: 30
2026-09-28 10:42:36.5595 FLS.Server.Service.FlightService The currently validated flight Glider-Flight: HB-3407, Pilot: Kellner Hansli, Flight-Date: 09/28/2026, Starttime: 10:12, LdgTime: 13:44, Flightcode: 63, Nr of Ldgs: 1/0, Flight-Air-State: 20, Flight-Process-State: 30, TowFlight: HB-KCB, TowPilot: Rieterman Conny, Tow-Flight-Air-State: 20, Tow-Flight-Process-State: 30 has now the following Process-State: 30 (Gültig)
2026-09-28 10:42:36.5645 FLS.Server.Service.FlightService Saved the validated flights of today to database.
2026-09-28 10:42:36.5843 FLS.Server.Data.FLSDataEntities Update Flight with data: Glider-Flight: HB-3407, Pilot: Kellner Hansli, Flight-Date: 09/28/2026, Starttime: 10:12, LdgTime: 13:44, Flightcode: 63, Nr of Ldgs: 1/0, Flight-Air-State: 20, Flight-Process-State: 30, TowFlight: HB-KCB, TowPilot: Rieterman Conny, Tow-Flight-Air-State: 20, Tow-Flight-Process-State: 30
2026-09-28 10:42:36.5895 FLS.Server.Data.FLSDataEntities Update Flight with data: Tow-Flight: HB-KCB, Pilot: Rieterman Conny, Flight-Date: 09/28/2026, Starttime: 10:12, LdgTime: 10:26, Flightcode: 90, Nr of Ldgs: 1/0, Flight-Air-State: 20, Flight-Process-State: 30
2026-09-28 10:42:36.7145 FLS.Server.Service.FlightService Saved the validated flights of today to database.
2026-09-28 10:42:36.8112 FLS.Server.Data.FLSDataEntities Update Aircraft with data: [Aircraft -> AircraftId: abef49c0-af9c-490d-bfa6-ead6e779c8ae, ManufacturerName: E2EManufacturer, AircraftModel: E2E-26-Model, Immatriculation: T-0PRAIG, CompetitionSign: , NrOfSeats: 1, DaecIndex: , Comment: E2E masterdata-aircrafts-crud-aircraft-crud-create-via-api-edit- edited, AircraftTypeId: 1, IsTowingOrWinchRequired: False, IsTowingstartAllowed: False, IsWinchstartAllowed: False, IsTowingAircraft: False, AircraftOwnerClubId: , AircraftOwnerPersonId: , FLARMId: , AircraftSerialNumber: , YearOfManufacture: 01/01/2026 00:00:00, NoiseClass: , NoiseLevel: , MTOM: , FlightOperatingCounterUnitTypeId: , EngineOperatingCounterUnitTypeId: , SpotLink: , IsFastEntryRecord: False, HomebaseId: , CreatedOn: 09/28/2026 10:42:35, CreatedByUserId: 76e80919-b8f8-4b8b-8c36-a8da9f9a0f25, ModifiedOn: 09/28/2026 10:42:36, ModifiedByUserId: 76e80919-b8f8-4b8b-8c36-a8da9f9a0f25, DeletedOn: , DeletedByUserId: , RecordState: 1, OwnerId: 0fa7b76f-47ba-4138-8f96-671400fd7c83, OwnershipType: 2, IsDeleted: False, Id: abef49c0-af9c-490d-bfa6-ead6e779c8ae, HasEngine: False,  <- Aircraft]

2026-09-28 10:42:36.8387 FLS.Server.Service.FlightService The currently validated flight Glider-Flight: HB-3407, Pilot: Kellner Hansli, Flight-Date: 09/28/2026, Starttime: 10:12, LdgTime: 13:44, Flightcode: 63, Nr of Ldgs: 1/0, Flight-Air-State: 20, Flight-Process-State: 30, TowFlight: HB-KCB, TowPilot: Rieterman Conny, Tow-Flight-Air-State: 20, Tow-Flight-Process-State: 30 has now the following Process-State: 30 (Gültig)
2026-09-28 10:42:36.8591 FLS.Server.Data.FLSDataEntities Update Flight with data: Glider-Flight: HB-3407, Pilot: Kellner Hansli, Flight-Date: 09/28/2026, Starttime: 10:12, LdgTime: 13:44, Flightcode: 63, Nr of Ldgs: 1/0, Flight-Air-State: 20, Flight-Process-State: 30, TowFlight: HB-KCB, TowPilot: Rieterman Conny, Tow-Flight-Air-State: 20, Tow-Flight-Process-State: 30
2026-09-28 10:42:36.8727 FLS.Server.Data.FLSDataEntities Update Flight with data: Tow-Flight: HB-KCB, Pilot: Rieterman Conny, Flight-Date: 09/28/2026, Starttime: 10:12, LdgTime: 10:26, Flightcode: 90, Nr of Ldgs: 1/0, Flight-Air-State: 20, Flight-Process-State: 30
2026-09-28 10:42:36.9548 FLS.Server.Data.FLSDataEntities Delete AircraftReservation with Data: [AircraftReservation -> AircraftReservationId: 69f8c314-fef6-4013-a3a1-6b8e99915054, Start: 09/29/2026 00:00:00, End: 09/29/2026 00:00:00, IsAllDayReservation: True, AircraftId: 944c52c3-0335-4fa2-b90d-4c441a31a4d5, PilotPersonId: ea1f94f8-17c1-419d-8166-ea8e9352c8dd, LocationId: 2612482e-c245-423d-810b-175a48fccce4, SecondCrewPersonId: , AircraftReservationTypeId: , FlightTypeId: , Remarks: e2e-edit-1790592154188, ClubId: 0fa7b76f-47ba-4138-8f96-671400fd7c83, CreatedOn: 09/28/2026 10:42:32, CreatedByUserId: 76e80919-b8f8-4b8b-8c36-a8da9f9a0f25, ModifiedOn: 09/28/2026 10:42:35, ModifiedByUserId: 76e80919-b8f8-4b8b-8c36-a8da9f9a0f25, Id: 69f8c314-fef6-4013-a3a1-6b8e99915054, DeletedOn: 09/28/2026 10:42:36, DeletedByUserId: 76e80919-b8f8-4b8b-8c36-a8da9f9a0f25, RecordState: 99, OwnerId: 0fa7b76f-47ba-4138-8f96-671400fd7c83, OwnershipType: 2, IsDeleted: False,  <- AircraftReservation]

2026-09-28 10:42:36.9611 FLS.Server.Service.FlightService Saved the validated flights of today to database.
2026-09-28 10:42:36.9669 FLS.Server.Service.FlightService The currently validated flight Glider-Flight: HB-2464, Pilot: Kellner Hansli, Flight-Date: 09/28/2026, Starttime: 10:55, Flightcode: 60, Nr of Ldgs: 0/0, Flight-Air-State: 10, Flight-Process-State: 28 has now the following Process-State: 28 (Ungültig)
2026-09-28 10:42:37.0016 FLS.Server.Data.FLSDataEntities Update Flight with data: Glider-Flight: HB-2464, Pilot: Kellner Hansli, Flight-Date: 09/28/2026, Starttime: 10:55, Flightcode: 60, Nr of Ldgs: 0/0, Flight-Air-State: 10, Flight-Process-State: 28
2026-09-28 10:42:37.0681 FLS.Server.Service.FlightService Saved the validated flights of today to database.
2026-09-28 10:42:37.1588 FLS.Server.Data.FLSDataEntities Delete Aircraft with Data: [Aircraft -> AircraftId: abef49c0-af9c-490d-bfa6-ead6e779c8ae, ManufacturerName: E2EManufacturer, AircraftModel: E2E-26-Model, Immatriculation: T-0PRAIG, CompetitionSign: , NrOfSeats: 1, DaecIndex: , Comment: E2E masterdata-aircrafts-crud-aircraft-crud-create-via-api-edit- edited, AircraftTypeId: 1, IsTowingOrWinchRequired: False, IsTowingstartAllowed: False, IsWinchstartAllowed: False, IsTowingAircraft: False, AircraftOwnerClubId: , AircraftOwnerPersonId: , FLARMId: , AircraftSerialNumber: , YearOfManufacture: 01/01/2026 00:00:00, NoiseClass: , NoiseLevel: , MTOM: , FlightOperatingCounterUnitTypeId: , EngineOperatingCounterUnitTypeId: , SpotLink: , IsFastEntryRecord: False, HomebaseId: , CreatedOn: 09/28/2026 10:42:35, CreatedByUserId: 76e80919-b8f8-4b8b-8c36-a8da9f9a0f25, ModifiedOn: 09/28/2026 10:42:36, ModifiedByUserId: 76e80919-b8f8-4b8b-8c36-a8da9f9a0f25, DeletedOn: 09/28/2026 10:42:37, DeletedByUserId: 76e80919-b8f8-4b8b-8c36-a8da9f9a0f25, RecordState: 99, OwnerId: 0fa7b76f-47ba-4138-8f96-671400fd7c83, OwnershipType: 2, IsDeleted: False, Id: abef49c0-af9c-490d-bfa6-ead6e779c8ae, HasEngine: False,  <- Aircraft]

2026-09-28 10:42:37.1599 FLS.Server.Service.FlightService The currently validated flight Glider-Flight: HB-2464, Pilot: Kellner Hansli, Flight-Date: 09/28/2026, Starttime: 10:55, Flightcode: 60, Nr of Ldgs: 0/0, Flight-Air-State: 10, Flight-Process-State: 28 has now the following Process-State: 28 (Ungültig)
2026-09-28 10:42:37.1866 FLS.Server.Data.FLSDataEntities Update Flight with data: Glider-Flight: HB-2464, Pilot: Kellner Hansli, Flight-Date: 09/28/2026, Starttime: 10:55, Flightcode: 60, Nr of Ldgs: 0/0, Flight-Air-State: 10, Flight-Process-State: 28
2026-09-28 10:42:37.2322 FLS.Server.WebApi.ActionFilters.UnhandledExceptionFilterAttribute HttpStatusCode: InternalServerError with error message: Value cannot be null.
Parameter name: entity, Exception: System.ArgumentNullException: Value cannot be null.
Parameter name: entity
  at FLS.Common.Validators.Guard.ArgumentNotNull[T] (T argument, System.String argumentName) [0x0000f] in <0c5f74c2eade45f8985defb9a1998c56>:0 
  at FLS.Server.Data.Mapping.MappingExtensions.ToAircraftReservationDetails (FLS.Server.Data.DbEntities.AircraftReservation entity, FLS.Data.WebApi.AircraftReservation.AircraftReservationDetails details) [0x00001] in <4dc9cb16476a439b88ee5c713f654fb0>:0 
  at FLS.Server.Service.AircraftReservationService.GetAircraftReservationDetails (System.Guid aircraftReservationId) [0x00009] in <4c901c8bc32e45b4b64fedc4c20a1dd6>:0 
  at FLS.Server.WebApi.Controllers.AircraftReservationsController.GetAircraftReservationDetails (System.Guid aircraftReservationId) [0x00001] in <1bc737b9f479432b884a1e05f137f086>:0 
  at (wrapper dynamic-method) System.Object.lambda_method(System.Runtime.CompilerServices.Closure,object,object[])
  at System.Web.Http.Controllers.ReflectedHttpActionDescriptor+ActionExecutor+<>c__DisplayClass6_2.<GetExecutor>b__2 (System.Object instance, System.Object[] methodParameters) [0x00000] in <4f8d88aa02d546f6963914471854cb7c>:0 
  at System.Web.Http.Controllers.ReflectedHttpActionDescriptor+ActionExecutor.Execute (System.Object instance, System.Object[] arguments) [0x00000] in <4f8d88aa02d546f6963914471854cb7c>:0 
  at System.Web.Http.Controllers.ReflectedHttpActionDescriptor.ExecuteAsync (System.Web.Http.Controllers.HttpControllerContext controllerContext, System.Collections.Generic.IDictionary`2[TKey,TValue] arguments, System.Threading.CancellationToken cancellationToken) [0x00046] in <4f8d88aa02d546f6963914471854cb7c>:0 
--- End of stack trace from previous location where exception was thrown ---

  at System.Web.Http.Controllers.ApiControllerActionInvoker.InvokeActionAsyncCore (System.Web.Http.Controllers.HttpActionContext actionContext, System.Threading.CancellationToken cancellationToken) [0x000ab] in <4f8d88aa02d546f6963914471854cb7c>:0 
  at System.Web.Http.Filters.ActionFilterAttribute.CallOnActionExecutedAsync (System.Web.Http.Controllers.HttpActionContext actionContext, System.Threading.CancellationToken cancellationToken, System.Func`1[TResult] continuation) [0x00091] in <4f8d88aa02d546f6963914471854cb7c>:0 
  at System.Web.Http.Filters.ActionFilterAttribute.CallOnActionExecutedAsync (System.Web.Http.Controllers.HttpActionContext actionContext, System.Threading.CancellationToken cancellationToken, System.Func`1[TResult] continuation) [0x001ad] in <4f8d88aa02d546f6963914471854cb7c>:0 
  at System.Web.Http.Filters.ActionFilterAttribute.ExecuteActionFilterAsyncCore (System.Web.Http.Controllers.HttpActionContext actionContext, System.Threading.CancellationToken cancellationToken, System.Func`1[TResult] continuation) [0x00103] in <4f8d88aa02d546f6963914471854cb7c>:0 
  at System.Web.Http.Filters.ActionFilterAttribute.CallOnActionExecutedAsync (System.Web.Http.Controllers.HttpActionContext actionContext, System.Threading.CancellationToken cancellationToken, System.Func`1[TResult] continuation) [0x00091] in <4f8d88aa02d546f6963914471854cb7c>:0 
  at System.Web.Http.Filters.ActionFilterAttribute.CallOnActionExecutedAsync (System.Web.Http.Controllers.HttpActionContext actionContext, System.Threading.CancellationToken cancellationToken, System.Func`1[TResult] continuation) [0x001ad] in <4f8d88aa02d546f6963914471854cb7c>:0 
  at System.Web.Http.Filters.ActionFilterAttribute.ExecuteActionFilterAsyncCore (System.Web.Http.Controllers.HttpActionContext actionContext, System.Threading.CancellationToken cancellationToken, System.Func`1[TResult] continuation) [0x00103] in <4f8d88aa02d546f6963914471854cb7c>:0 
  at System.Web.Http.Filters.ActionFilterAttribute.CallOnActionExecutedAsync (System.Web.Http.Controllers.HttpActionContext actionContext, System.Threading.CancellationToken cancellationToken, System.Func`1[TResult] continuation) [0x00091] in <4f8d88aa02d546f6963914471854cb7c>:0 
  at System.Web.Http.Filters.ActionFilterAttribute.CallOnActionExecutedAsync (System.Web.Http.Controllers.HttpActionContext actionContext, System.Threading.CancellationToken cancellationToken, System.Func`1[TResult] continuation) [0x001ad] in <4f8d88aa02d546f6963914471854cb7c>:0 
  at System.Web.Http.Filters.ActionFilterAttribute.ExecuteActionFilterAsyncCore (System.Web.Http.Controllers.HttpActionContext actionContext, System.Threading.CancellationToken cancellationToken, System.Func`1[TResult] continuation) [0x00103] in <4f8d88aa02d546f6963914471854cb7c>:0 
  at System.Web.Http.Filters.ActionFilterAttribute.CallOnActionExecutedAsync (System.Web.Http.Controllers.HttpActionContext actionContext, System.Threading.CancellationToken cancellationToken, System.Func`1[TResult] continuation) [0x00091] in <4f8d88aa02d546f6963914471854cb7c>:0 
  at System.Web.Http.Filters.ActionFilterAttribute.CallOnActionExecutedAsync (System.Web.Http.Controllers.HttpActionContext actionContext, System.Threading.CancellationToken cancellationToken, System.Func`1[TResult] continuation) [0x001ad] in <4f8d88aa02d546f6963914471854cb7c>:0 
  at System.Web.Http.Filters.ActionFilterAttribute.ExecuteActionFilterAsyncCore (System.Web.Http.Controllers.HttpActionContext actionContext, System.Threading.CancellationToken cancellationToken, System.Func`1[TResult] continuation) [0x00103] in <4f8d88aa02d546f6963914471854cb7c>:0 
  at System.Web.Http.Controllers.ActionFilterResult.ExecuteAsync (System.Threading.CancellationToken cancellationToken) [0x001a4] in <4f8d88aa02d546f6963914471854cb7c>:0 
  at System.Web.Http.Filters.AuthorizationFilterAttribute.ExecuteAuthorizationFilterAsyncCore (System.Web.Http.Controllers.HttpActionContext actionContext, System.Threading.CancellationToken cancellationToken, System.Func`1[TResult] continuation) [0x000f3] in <4f8d88aa02d546f6963914471854cb7c>:0 
  at System.Web.Http.Controllers.AuthenticationFilterResult.ExecuteAsync (System.Threading.CancellationToken cancellationToken) [0x00265] in <4f8d88aa02d546f6963914471854cb7c>:0 
  at System.Web.Http.Controllers.ExceptionFilterResult.ExecuteAsync (System.Threading.CancellationToken cancellationToken) [0x00087] in <4f8d88aa02d546f6963914471854cb7c>:0 , InnerException: 
2026-09-28 10:42:37.2439 FLS.Server.Service.FlightService The currently validated flight Glider-Flight: HB-3407, Pilot: Bonzli Lenni, Flight-Date: 09/28/2026, Starttime: 10:00, LdgTime: 10:30, Flightcode: 60, Nr of Ldgs: 1/0, Flight-Air-State: 20, Flight-Process-State: 30 has now the following Process-State: 30 (Gültig)
2026-09-28 10:42:37.2558 FLS.Server.Service.FlightService Saved the validated flights of today to database.
2026-09-28 10:42:37.2590 FLS.Server.Data.FLSDataEntities Update Flight with data: Glider-Flight: HB-3407, Pilot: Bonzli Lenni, Flight-Date: 09/28/2026, Starttime: 10:00, LdgTime: 10:30, Flightcode: 60, Nr of Ldgs: 1/0, Flight-Air-State: 20, Flight-Process-State: 30
2026-09-28 10:42:37.3311 FLS.Server.Service.FlightService Saved the validated flights of today to database.
2026-09-28 10:42:37.3844 FLS.Server.Service.FlightService The currently validated flight Glider-Flight: HB-3407, Pilot: Bonzli Lenni, Flight-Date: 09/28/2026, Starttime: 10:00, LdgTime: 10:30, Flightcode: 60, Nr of Ldgs: 1/0, Flight-Air-State: 20, Flight-Process-State: 30 has now the following Process-State: 30 (Gültig)
2026-09-28 10:42:37.3989 FLS.Server.Data.FLSDataEntities Update Flight with data: Glider-Flight: HB-3407, Pilot: Bonzli Lenni, Flight-Date: 09/28/2026, Starttime: 10:00, LdgTime: 10:30, Flightcode: 60, Nr of Ldgs: 1/0, Flight-Air-State: 20, Flight-Process-State: 30
2026-09-28 10:42:37.4325 FLS.Server.Service.FlightService Saved the validated flights of today to database.
2026-09-28 10:42:37.4494 FLS.Server.Service.FlightService The currently validated flight Motor-Flight: HB-WAT, Pilot: Rieterman Conny, Flight-Date: 09/28/2026, Starttime: 11:25, LdgTime: 12:10, Flightcode: 60, Nr of Ldgs: 1/0, Flight-Air-State: 20, Flight-Process-State: 30 has now the following Process-State: 30 (Gültig)
2026-09-28 10:42:37.4588 FLS.Server.Data.FLSDataEntities Update Flight with data: Motor-Flight: HB-WAT, Pilot: Rieterman Conny, Flight-Date: 09/28/2026, Starttime: 11:25, LdgTime: 12:10, Flightcode: 60, Nr of Ldgs: 1/0, Flight-Air-State: 20, Flight-Process-State: 30
2026-09-28 10:42:37.4852 FLS.Server.Service.FlightService The currently validated flight Motor-Flight: HB-WAT, Pilot: Rieterman Conny, Flight-Date: 09/28/2026, Starttime: 11:25, LdgTime: 12:10, Flightcode: 60, Nr of Ldgs: 1/0, Flight-Air-State: 20, Flight-Process-State: 30 has now the following Process-State: 30 (Gültig)
2026-09-28 10:42:37.4963 FLS.Server.Data.FLSDataEntities Update Flight with data: Motor-Flight: HB-WAT, Pilot: Rieterman Conny, Flight-Date: 09/28/2026, Starttime: 11:25, LdgTime: 12:10, Flightcode: 60, Nr of Ldgs: 1/0, Flight-Air-State: 20, Flight-Process-State: 30
2026-09-28 10:42:37.4985 FLS.Server.Service.FlightService Saved the validated flights of today to database.
2026-09-28 10:42:37.5203 FLS.Server.Service.FlightService Saved the validated flights of today to database.
2026-09-28 10:42:37.5459 FLS.Server.Service.FlightService The currently validated flight Motor-Flight: HB-DCU, Pilot: Rieterman Conny, Flight-Date: 09/28/2026, Starttime: 10:00, LdgTime: 10:30, Flightcode: 60, Nr of Ldgs: 1/0, Flight-Air-State: 20, Flight-Process-State: 30 has now the following Process-State: 30 (Gültig)
2026-09-28 10:42:37.5576 FLS.Server.Data.FLSDataEntities Update Flight with data: Motor-Flight: HB-DCU, Pilot: Rieterman Conny, Flight-Date: 09/28/2026, Starttime: 10:00, LdgTime: 10:30, Flightcode: 60, Nr of Ldgs: 1/0, Flight-Air-State: 20, Flight-Process-State: 30
2026-09-28 10:42:37.5599 FLS.Server.Service.FlightService The currently validated flight Motor-Flight: HB-DCU, Pilot: Rieterman Conny, Flight-Date: 09/28/2026, Starttime: 10:00, LdgTime: 10:30, Flightcode: 60, Nr of Ldgs: 1/0, Flight-Air-State: 20, Flight-Process-State: 30 has now the following Process-State: 30 (Gültig)
2026-09-28 10:42:37.5680 FLS.Server.Data.FLSDataEntities Update Flight with data: Motor-Flight: HB-DCU, Pilot: Rieterman Conny, Flight-Date: 09/28/2026, Starttime: 10:00, LdgTime: 10:30, Flightcode: 60, Nr of Ldgs: 1/0, Flight-Air-State: 20, Flight-Process-State: 30
2026-09-28 10:42:37.5749 FLS.Server.Service.FlightService Saved the validated flights of today to database.
2026-09-28 10:42:37.6008 FLS.Server.Service.FlightService Saved the validated flights of today to database.
2026-09-28 10:42:37.6199 FLS.Server.Service.FlightService The currently validated flight Tow-Flight: HB-KCB, Pilot: Rieterman Conny, Flight-Date: 09/28/2026, Starttime: 10:32, LdgTime: 10:38, Flightcode: 90, Nr of Ldgs: 1/0, Flight-Air-State: 20, Flight-Process-State: 30 has now the following Process-State: 30 (Gültig)
2026-09-28 10:42:37.6278 FLS.Server.Data.FLSDataEntities Update Flight with data: Tow-Flight: HB-KCB, Pilot: Rieterman Conny, Flight-Date: 09/28/2026, Starttime: 10:32, LdgTime: 10:38, Flightcode: 90, Nr of Ldgs: 1/0, Flight-Air-State: 20, Flight-Process-State: 30
2026-09-28 10:42:37.6421 FLS.Server.Service.FlightService The currently validated flight Tow-Flight: HB-KCB, Pilot: Rieterman Conny, Flight-Date: 09/28/2026, Starttime: 10:32, LdgTime: 10:38, Flightcode: 90, Nr of Ldgs: 1/0, Flight-Air-State: 20, Flight-Process-State: 30 has now the following Process-State: 30 (Gültig)
2026-09-28 10:42:37.6510 FLS.Server.Data.FLSDataEntities Update Flight with data: Tow-Flight: HB-KCB, Pilot: Rieterman Conny, Flight-Date: 09/28/2026, Starttime: 10:32, LdgTime: 10:38, Flightcode: 90, Nr of Ldgs: 1/0, Flight-Air-State: 20, Flight-Process-State: 30
2026-09-28 10:42:37.6596 FLS.Server.Service.FlightService Saved the validated flights of today to database.
2026-09-28 10:42:37.6837 FLS.Server.Service.FlightService Saved the validated flights of today to database.
2026-09-28 10:42:37.7537 FLS.Server.Service.FlightService The currently validated flight Tow-Flight: HB-KCB, Pilot: Rieterman Conny, Flight-Date: 09/28/2026, Starttime: 10:12, LdgTime: 10:26, Flightcode: 90, Nr of Ldgs: 1/0, Flight-Air-State: 20, Flight-Process-State: 30 has now the following Process-State: 30 (Gültig)
2026-09-28 10:42:37.8180 FLS.Server.Data.FLSDataEntities Update Flight with data: Tow-Flight: HB-KCB, Pilot: Rieterman Conny, Flight-Date: 09/28/2026, Starttime: 10:12, LdgTime: 10:26, Flightcode: 90, Nr of Ldgs: 1/0, Flight-Air-State: 20, Flight-Process-State: 30
2026-09-28 10:42:37.8551 FLS.Server.Service.FlightService The currently validated flight Tow-Flight: HB-KCB, Pilot: Rieterman Conny, Flight-Date: 09/28/2026, Starttime: 10:12, LdgTime: 10:26, Flightcode: 90, Nr of Ldgs: 1/0, Flight-Air-State: 20, Flight-Process-State: 30 has now the following Process-State: 30 (Gültig)
2026-09-28 10:42:37.8574 FLS.Server.Service.FlightService Saved the validated flights of today to database.
2026-09-28 10:42:37.8630 FLS.Server.Data.FLSDataEntities Update Flight with data: Tow-Flight: HB-KCB, Pilot: Rieterman Conny, Flight-Date: 09/28/2026, Starttime: 10:12, LdgTime: 10:26, Flightcode: 90, Nr of Ldgs: 1/0, Flight-Air-State: 20, Flight-Process-State: 30
2026-09-28 10:42:37.8837 FLS.Server.Service.FlightService Saved the validated flights of today to database.
2026-09-28 10:42:37.9736 FLS.Server.Service.FlightService The currently validated flight Glider-Flight: HB-3407, Pilot: Bonzli Lenni, Flight-Date: 09/28/2026, Starttime: 10:00, LdgTime: 10:30, Flightcode: 60, Nr of Ldgs: 1/0, Flight-Air-State: 20, Flight-Process-State: 30 has now the following Process-State: 30 (Gültig)
2026-09-28 10:42:38.0193 FLS.Server.Data.FLSDataEntities Update Flight with data: Glider-Flight: HB-3407, Pilot: Bonzli Lenni, Flight-Date: 09/28/2026, Starttime: 10:00, LdgTime: 10:30, Flightcode: 60, Nr of Ldgs: 1/0, Flight-Air-State: 20, Flight-Process-State: 30
2026-09-28 10:42:38.0903 FLS.Server.Service.FlightService The currently validated flight Glider-Flight: HB-3407, Pilot: Bonzli Lenni, Flight-Date: 09/28/2026, Starttime: 10:00, LdgTime: 10:30, Flightcode: 60, Nr of Ldgs: 1/0, Flight-Air-State: 20, Flight-Process-State: 30 has now the following Process-State: 30 (Gültig)
2026-09-28 10:42:38.1147 FLS.Server.Data.FLSDataEntities Update Flight with data: Glider-Flight: HB-3407, Pilot: Bonzli Lenni, Flight-Date: 09/28/2026, Starttime: 10:00, LdgTime: 10:30, Flightcode: 60, Nr of Ldgs: 1/0, Flight-Air-State: 20, Flight-Process-State: 30
2026-09-28 10:42:38.1273 FLS.Server.Service.FlightService Saved the validated flights of today to database.
2026-09-28 10:42:38.1786 FLS.Server.Service.FlightService Saved the validated flights of today to database.
2026-09-28 10:42:38.2996 FLS.Server.Service.FlightService The currently validated flight Glider-Flight: HB-3256, Pilot: Bonzli Lenni, Flight-Date: 09/28/2026, Starttime: 10:32, LdgTime: 10:54, Flightcode: 70, Nr of Ldgs: 1/0, Flight-Air-State: 20, Flight-Process-State: 30, TowFlight: HB-KCB, TowPilot: Rieterman Conny, Tow-Flight-Air-State: 20, Tow-Flight-Process-State: 30 has now the following Process-State: 30 (Gültig)
2026-09-28 10:42:38.3324 FLS.Server.Data.FLSDataEntities Update Flight with data: Glider-Flight: HB-3256, Pilot: Bonzli Lenni, Flight-Date: 09/28/2026, Starttime: 10:32, LdgTime: 10:54, Flightcode: 70, Nr of Ldgs: 1/0, Flight-Air-State: 20, Flight-Process-State: 30, TowFlight: HB-KCB, TowPilot: Rieterman Conny, Tow-Flight-Air-State: 20, Tow-Flight-Process-State: 30
2026-09-28 10:42:38.3343 FLS.Server.Service.FlightService The currently validated flight Glider-Flight: HB-3256, Pilot: Bonzli Lenni, Flight-Date: 09/28/2026, Starttime: 10:32, LdgTime: 10:54, Flightcode: 70, Nr of Ldgs: 1/0, Flight-Air-State: 20, Flight-Process-State: 30, TowFlight: HB-KCB, TowPilot: Rieterman Conny, Tow-Flight-Air-State: 20, Tow-Flight-Process-State: 30 has now the following Process-State: 30 (Gültig)
2026-09-28 10:42:38.3475 FLS.Server.Data.FLSDataEntities Update Flight with data: Tow-Flight: HB-KCB, Pilot: Rieterman Conny, Flight-Date: 09/28/2026, Starttime: 10:32, LdgTime: 10:38, Flightcode: 90, Nr of Ldgs: 1/0, Flight-Air-State: 20, Flight-Process-State: 30
2026-09-28 10:42:38.3762 FLS.Server.Data.FLSDataEntities Update Flight with data: Glider-Flight: HB-3256, Pilot: Bonzli Lenni, Flight-Date: 09/28/2026, Starttime: 10:32, LdgTime: 10:54, Flightcode: 70, Nr of Ldgs: 1/0, Flight-Air-State: 20, Flight-Process-State: 30, TowFlight: HB-KCB, TowPilot: Rieterman Conny, Tow-Flight-Air-State: 20, Tow-Flight-Process-State: 30
2026-09-28 10:42:38.4031 FLS.Server.Data.FLSDataEntities Update Flight with data: Tow-Flight: HB-KCB, Pilot: Rieterman Conny, Flight-Date: 09/28/2026, Starttime: 10:32, LdgTime: 10:38, Flightcode: 90, Nr of Ldgs: 1/0, Flight-Air-State: 20, Flight-Process-State: 30
2026-09-28 10:42:38.4106 FLS.Server.Service.FlightService Saved the validated flights of today to database.
2026-09-28 10:42:38.4217 FLS.Server.Service.FlightService Saved the validated flights of today to database.
2026-09-28 10:42:38.4874 FLS.Server.Service.FlightService Saved the validated flights of today to database.
2026-09-28 10:42:38.5011 FLS.Server.Service.FlightService The valid flight Glider-Flight: HB-3407, Pilot: Bonzli Lenni, Flight-Date: 09/28/2026, Starttime: 10:00, LdgTime: 10:30, Flightcode: 60, Nr of Ldgs: 1/0, Flight-Air-State: 20, Flight-Process-State: 40 has now been locked.
2026-09-28 10:42:38.5070 FLS.Server.Service.FlightService Saved the validated flights of today to database.
2026-09-28 10:42:38.5152 FLS.Server.Service.FlightService The valid flight Glider-Flight: HB-3407, Pilot: Kellner Hansli, Flight-Date: 12/02/2025, Starttime: 00:00, LdgTime: 00:47, Flightcode: 63, Nr of Ldgs: 1/0, Flight-Air-State: 20, Flight-Process-State: 40 has now been locked.
2026-09-28 10:42:38.5351 FLS.Server.Data.FLSDataEntities Update Flight with data: Glider-Flight: HB-3407, Pilot: Bonzli Lenni, Flight-Date: 09/28/2026, Starttime: 10:00, LdgTime: 10:30, Flightcode: 60, Nr of Ldgs: 1/0, Flight-Air-State: 20, Flight-Process-State: 40
2026-09-28 10:42:38.5512 FLS.Server.Data.FLSDataEntities Update Flight with data: Glider-Flight: HB-3407, Pilot: Kellner Hansli, Flight-Date: 12/02/2025, Starttime: 00:00, LdgTime: 00:47, Flightcode: 63, Nr of Ldgs: 1/0, Flight-Air-State: 20, Flight-Process-State: 40
2026-09-28 10:42:41.3138 FLS.Server.WebApi.ActionFilters.UnhandledExceptionFilterAttribute HttpStatusCode: InternalServerError with error message: Object reference not set to an instance of an object, Exception: System.NullReferenceException: Object reference not set to an instance of an object
  at System.Linq.Expressions.Compiler.LambdaCompiler.EmitMethodCall (System.Linq.Expressions.Expression obj, System.Reflection.MethodInfo method, System.Linq.Expressions.IArgumentProvider methodCallExpr, System.Linq.Expressions.Compiler.LambdaCompiler+CompilationFlags flags) [0x00002] in <69ada62907b24213a012734531df1db1>:0 
  at System.Linq.Expressions.Compiler.LambdaCompiler.EmitInvocationExpression (System.Linq.Expressions.Expression expr, System.Linq.Expressions.Compiler.LambdaCompiler+CompilationFlags flags) [0x0002d] in <69ada62907b24213a012734531df1db1>:0 
  at System.Linq.Expressions.Compiler.LambdaCompiler.EmitExpression (System.Linq.Expressions.Expression node, System.Linq.Expressions.Compiler.LambdaCompiler+CompilationFlags flags) [0x00263] in <69ada62907b24213a012734531df1db1>:0 
  at System.Linq.Expressions.Compiler.LambdaCompiler.EmitExpression (System.Linq.Expressions.Expression node) [0x00000] in <69ada62907b24213a012734531df1db1>:0 
  at System.Linq.Expressions.Compiler.LambdaCompiler.EmitInstance (System.Linq.Expressions.Expression instance, System.Type& type) [0x00035] in <69ada62907b24213a012734531df1db1>:0 
  at System.Linq.Expressions.Compiler.LambdaCompiler.EmitMemberExpression (System.Linq.Expressions.Expression expr) [0x00018] in <69ada62907b24213a012734531df1db1>:0 
  at System.Linq.Expressions.Compiler.LambdaCompiler.EmitExpression (System.Linq.Expressions.Expression node, System.Linq.Expressions.Compiler.LambdaCompiler+CompilationFlags flags) [0x00288] in <69ada62907b24213a012734531df1db1>:0 
  at System.Linq.Expressions.Compiler.LambdaCompiler.EmitLambdaBody (System.Linq.Expressions.Compiler.CompilerScope parent, System.Boolean inlined, System.Linq.Expressions.Compiler.LambdaCompiler+CompilationFlags flags) [0x00085] in <69ada62907b24213a012734531df1db1>:0 
  at System.Linq.Expressions.Compiler.LambdaCompiler.EmitLambdaBody () [0x0001a] in <69ada62907b24213a012734531df1db1>:0 
  at System.Linq.Expressions.Compiler.LambdaCompiler.Compile (System.Linq.Expressions.LambdaExpression lambda) [0x00013] in <69ada62907b24213a012734531df1db1>:0 
  at System.Linq.Expressions.LambdaExpression.Compile (System.Boolean preferInterpretation) [0x00000] in <69ada62907b24213a012734531df1db1>:0 
  at System.Linq.Expressions.LambdaExpression.Compile () [0x00000] in <69ada62907b24213a012734531df1db1>:0 
  at System.Data.Entity.Core.Objects.ELinq.QueryParameterExpression.EvaluateParameter (System.Object[] arguments) [0x0008d] in <b7b192e5a05f4f14a14aa0d5b14aeeeb>:0 
  at System.Data.Entity.Core.Objects.ELinq.ELinqQueryState.GetExecutionPlan (System.Nullable`1[T] forMergeOption) [0x002e5] in <b7b192e5a05f4f14a14aa0d5b14aeeeb>:0 
  at System.Data.Entity.Core.Objects.ObjectQuery`1+<>c__DisplayClass7[T].<GetResults>b__6 () [0x0000b] in <b7b192e5a05f4f14a14aa0d5b14aeeeb>:0 
  at System.Data.Entity.Core.Objects.ObjectContext.ExecuteInTransaction[T] (System.Func`1[TResult] func, System.Data.Entity.Infrastructure.IDbExecutionStrategy executionStrategy, System.Boolean startLocalTransaction, System.Boolean releaseConnectionOnSuccess) [0x0008a] in <b7b192e5a05f4f14a14aa0d5b14aeeeb>:0 
  at System.Data.Entity.Core.Objects.ObjectQuery`1+<>c__DisplayClass7[T].<GetResults>b__5 () [0x00033] in <b7b192e5a05f4f14a14aa0d5b14aeeeb>:0 
  at System.Data.Entity.SqlServer.DefaultSqlExecutionStrategy.Execute[TResult] (System.Func`1[TResult] operation) [0x00036] in <5c51bb66ce2c412d8224b39ad2626fbe>:0 
  at System.Data.Entity.Core.Objects.ObjectQuery`1[T].GetResults (System.Nullable`1[T] forMergeOption) [0x00093] in <b7b192e5a05f4f14a14aa0d5b14aeeeb>:0 
  at System.Data.Entity.Core.Objects.ObjectQuery`1[T].<System.Collections.Generic.IEnumerable<T>.GetEnumerator>b__0 () [0x00000] in <b7b192e5a05f4f14a14aa0d5b14aeeeb>:0 
  at System.Data.Entity.Internal.LazyEnumerator`1[T].MoveNext () [0x00008] in <b7b192e5a05f4f14a14aa0d5b14aeeeb>:0 
  at System.Collections.Generic.List`1[T].AddEnumerable (System.Collections.Generic.IEnumerable`1[T] enumerable) [0x00059] in <d636f104d58046fd9b195699bcb1a744>:0 
  at System.Collections.Generic.List`1[T]..ctor (System.Collections.Generic.IEnumerable`1[T] collection) [0x00062] in <d636f104d58046fd9b195699bcb1a744>:0 
  at System.Linq.Enumerable.ToList[TSource] (System.Collections.Generic.IEnumerable`1[T] source) [0x00018] in <69ada62907b24213a012734531df1db1>:0 
  at FLS.Server.Service.LocationService.GetPagedLocationOverviews (System.Nullable`1[T] pageStart, System.Nullable`1[T] pageSize, FLS.Data.WebApi.PageableSearchFilter`1[T] pageableSearchFilter) [0x008ac] in <4c901c8bc32e45b4b64fedc4c20a1dd6>:0 
  at FLS.Server.WebApi.Controllers.LocationsController.GetPagedLocationOverviews (FLS.Data.WebApi.PageableSearchFilter`1[T] pageableSearchFilter, System.Nullable`1[T] pageStart, System.Nullable`1[T] pageSize) [0x00001] in <1bc737b9f479432b884a1e05f137f086>:0 
  at (wrapper dynamic-method) System.Object.lambda_method(System.Runtime.CompilerServices.Closure,object,object[])
  at System.Web.Http.Controllers.ReflectedHttpActionDescriptor+ActionExecutor+<>c__DisplayClass6_2.<GetExecutor>b__2 (System.Object instance, System.Object[] methodParameters) [0x00000] in <4f8d88aa02d546f6963914471854cb7c>:0 
  at System.Web.Http.Controllers.ReflectedHttpActionDescriptor+ActionExecutor.Execute (System.Object instance, System.Object[] arguments) [0x00000] in <4f8d88aa02d546f6963914471854cb7c>:0 
  at System.Web.Http.Controllers.ReflectedHttpActionDescriptor.ExecuteAsync (System.Web.Http.Controllers.HttpControllerContext controllerContext, System.Collections.Generic.IDictionary`2[TKey,TValue] arguments, System.Threading.CancellationToken cancellationToken) [0x00046] in <4f8d88aa02d546f6963914471854cb7c>:0 
--- End of stack trace from previous location where exception was thrown ---

  at System.Web.Http.Controllers.ApiControllerActionInvoker.InvokeActionAsyncCore (System.Web.Http.Controllers.HttpActionContext actionContext, System.Threading.CancellationToken cancellationToken) [0x000ab] in <4f8d88aa02d546f6963914471854cb7c>:0 
  at System.Web.Http.Filters.ActionFilterAttribute.CallOnActionExecutedAsync (System.Web.Http.Controllers.HttpActionContext actionContext, System.Threading.CancellationToken cancellationToken, System.Func`1[TResult] continuation) [0x00091] in <4f8d88aa02d546f6963914471854cb7c>:0 
  at System.Web.Http.Filters.ActionFilterAttribute.CallOnActionExecutedAsync (System.Web.Http.Controllers.HttpActionContext actionContext, System.Threading.CancellationToken cancellationToken, System.Func`1[TResult] continuation) [0x001ad] in <4f8d88aa02d546f6963914471854cb7c>:0 
  at System.Web.Http.Filters.ActionFilterAttribute.ExecuteActionFilterAsyncCore (System.Web.Http.Controllers.HttpActionContext actionContext, System.Threading.CancellationToken cancellationToken, System.Func`1[TResult] continuation) [0x00103] in <4f8d88aa02d546f6963914471854cb7c>:0 
  at System.Web.Http.Filters.ActionFilterAttribute.CallOnActionExecutedAsync (System.Web.Http.Controllers.HttpActionContext actionContext, System.Threading.CancellationToken cancellationToken, System.Func`1[TResult] continuation) [0x00091] in <4f8d88aa02d546f6963914471854cb7c>:0 
  at System.Web.Http.Filters.ActionFilterAttribute.CallOnActionExecutedAsync (System.Web.Http.Controllers.HttpActionContext actionContext, System.Threading.CancellationToken cancellationToken, System.Func`1[TResult] continuation) [0x001ad] in <4f8d88aa02d546f6963914471854cb7c>:0 
  at System.Web.Http.Filters.ActionFilterAttribute.ExecuteActionFilterAsyncCore (System.Web.Http.Controllers.HttpActionContext actionContext, System.Threading.CancellationToken cancellationToken, System.Func`1[TResult] continuation) [0x00103] in <4f8d88aa02d546f6963914471854cb7c>:0 
  at System.Web.Http.Filters.ActionFilterAttribute.CallOnActionExecutedAsync (System.Web.Http.Controllers.HttpActionContext actionContext, System.Threading.CancellationToken cancellationToken, System.Func`1[TResult] continuation) [0x00091] in <4f8d88aa02d546f6963914471854cb7c>:0 
  at System.Web.Http.Filters.ActionFilterAttribute.CallOnActionExecutedAsync (System.Web.Http.Controllers.HttpActionContext actionContext, System.Threading.CancellationToken cancellationToken, System.Func`1[TResult] continuation) [0x001ad] in <4f8d88aa02d546f6963914471854cb7c>:0 
  at System.Web.Http.Filters.ActionFilterAttribute.ExecuteActionFilterAsyncCore (System.Web.Http.Controllers.HttpActionContext actionContext, System.Threading.CancellationToken cancellationToken, System.Func`1[TResult] continuation) [0x00103] in <4f8d88aa02d546f6963914471854cb7c>:0 
  at System.Web.Http.Filters.ActionFilterAttribute.CallOnActionExecutedAsync (System.Web.Http.Controllers.HttpActionContext actionContext, System.Threading.CancellationToken cancellationToken, System.Func`1[TResult] continuation) [0x00091] in <4f8d88aa02d546f6963914471854cb7c>:0 
  at System.Web.Http.Filters.ActionFilterAttribute.CallOnActionExecutedAsync (System.Web.Http.Controllers.HttpActionContext actionContext, System.Threading.CancellationToken cancellationToken, System.Func`1[TResult] continuation) [0x001ad] in <4f8d88aa02d546f6963914471854cb7c>:0 
  at System.Web.Http.Filters.ActionFilterAttribute.ExecuteActionFilterAsyncCore (System.Web.Http.Controllers.HttpActionContext actionContext, System.Threading.CancellationToken cancellationToken, System.Func`1[TResult] continuation) [0x00103] in <4f8d88aa02d546f6963914471854cb7c>:0 
  at System.Web.Http.Controllers.ActionFilterResult.ExecuteAsync (System.Threading.CancellationToken cancellationToken) [0x001a4] in <4f8d88aa02d546f6963914471854cb7c>:0 
  at System.Web.Http.Filters.AuthorizationFilterAttribute.ExecuteAuthorizationFilterAsyncCore (System.Web.Http.Controllers.HttpActionContext actionContext, System.Threading.CancellationToken cancellationToken, System.Func`1[TResult] continuation) [0x000f3] in <4f8d88aa02d546f6963914471854cb7c>:0 
  at System.Web.Http.Controllers.AuthenticationFilterResult.ExecuteAsync (System.Threading.CancellationToken cancellationToken) [0x00265] in <4f8d88aa02d546f6963914471854cb7c>:0 
  at System.Web.Http.Controllers.ExceptionFilterResult.ExecuteAsync (System.Threading.CancellationToken cancellationToken) [0x00087] in <4f8d88aa02d546f6963914471854cb7c>:0 , InnerException: 
2026-09-28 10:42:42.0358 FLS.Server.Data.FLSDataEntities Update Club with data: [Club -> ClubId: 0fa7b76f-47ba-4138-8f96-671400fd7c83, Clubname: Test-Club, ClubKey: TestClub, Address: E2E Address 1790592161210, Zip: 5556, City: Zürich, CountryId: 77cc3be6-95db-11e0-b104-e7f04724019b, Phone: 044 333 44 55, FaxNumber: 044 666 55 44, Email: info@club.ch, WebPage: www.club.ch, Contact: E2E Contact 1790592161210, HomebaseId: b6121bfe-207e-4295-acff-f8c27835d626, DefaultStartTypeId: , DefaultGliderFlightTypeId: , DefaultTowFlightTypeId: , DefaultMotorFlightTypeId: , SendAircraftStatisticReportTo: , SendPlanningDayInfoMailTo: test@glider-fls.ch, SendDeliveryMailExportTo: test@glider-fls.ch, SendTrialFlightRegistrationOperatorEmailTo: trial-organizer@e2e.fls.local, SendPassengerFlightRegistrationOperatorEmailTo: passenger-organizer@e2e.fls.local, ReplyToEmailAddress: , RunDeliveryCreationJob: True, RunDeliveryMailExportJob: False, LastPersonSynchronisationOn: , LastDeliverySynchronisationOn: , LastArticleSynchronisationOn: , ClubStateId: 1, IsClubMemberNumberReadonly: True, CreatedOn: 09/28/2026 10:39:59, CreatedByUserId: 13731ee2-c1d8-455c-8ad1-c39399893fff, ModifiedOn: 09/28/2026 10:42:42, ModifiedByUserId: 76e80919-b8f8-4b8b-8c36-a8da9f9a0f25, DeletedOn: , DeletedByUserId: , RecordState: 1, OwnerId: a1dde2cb-6326-4bb2-897d-7cfc118e842b, OwnershipType: 2, IsDeleted: False, DoNotUpdateMetaData: False, Id: 0fa7b76f-47ba-4138-8f96-671400fd7c83, HomebaseName: Speck Fehraltorf,  <- Club]

2026-09-28 10:42:44.0355 FLS.Server.Data.FLSDataEntities Insert Location with data: [Location -> LocationId: f00536a7-09bd-4f5f-9c7c-f0164a3353ba, LocationName: E2E masterdata-locations-crud-masterdata-crud-locations-create-e, LocationShortName: , CountryId: 77cc3be6-95db-11e0-b104-e7f04724019b, LocationTypeId: 90ac38ef-fa6b-4e7f-87e0-96b2ca556f02, IcaoCode: 1K8A82, Latitude: , Longitude: , Elevation: , ElevationUnitTypeId: , RunwayDirection: , RunwayLength: , RunwayLengthUnitType: , AirportFrequency: , Description: created by e2e, SortIndicator: , IsInboundRouteRequired: False, IsOutboundRouteRequired: False, IsFastEntryRecord: False, CreatedOn: 09/28/2026 10:42:44, CreatedByUserId: 76e80919-b8f8-4b8b-8c36-a8da9f9a0f25, ModifiedOn: , ModifiedByUserId: , DeletedOn: , DeletedByUserId: , RecordState: 1, OwnerId: 0fa7b76f-47ba-4138-8f96-671400fd7c83, OwnershipType: 2, IsDeleted: False, Id: f00536a7-09bd-4f5f-9c7c-f0164a3353ba,  <- Location]

2026-09-28 10:42:44.1734 FLS.Server.Data.FLSDataEntities Update Club with data: [Club -> ClubId: 0fa7b76f-47ba-4138-8f96-671400fd7c83, Clubname: Test-Club, ClubKey: TestClub, Address: Flugplatz Test, Zip: 5556, City: Zürich, CountryId: 77cc3be6-95db-11e0-b104-e7f04724019b, Phone: 044 333 44 55, FaxNumber: 044 666 55 44, Email: info@club.ch, WebPage: www.club.ch, Contact: Sekretariat, HomebaseId: b6121bfe-207e-4295-acff-f8c27835d626, DefaultStartTypeId: , DefaultGliderFlightTypeId: , DefaultTowFlightTypeId: , DefaultMotorFlightTypeId: , SendAircraftStatisticReportTo: , SendPlanningDayInfoMailTo: test@glider-fls.ch, SendDeliveryMailExportTo: test@glider-fls.ch, SendTrialFlightRegistrationOperatorEmailTo: trial-organizer@e2e.fls.local, SendPassengerFlightRegistrationOperatorEmailTo: passenger-organizer@e2e.fls.local, ReplyToEmailAddress: , RunDeliveryCreationJob: True, RunDeliveryMailExportJob: False, LastPersonSynchronisationOn: , LastDeliverySynchronisationOn: , LastArticleSynchronisationOn: , ClubStateId: 1, IsClubMemberNumberReadonly: True, CreatedOn: 09/28/2026 10:39:59, CreatedByUserId: 13731ee2-c1d8-455c-8ad1-c39399893fff, ModifiedOn: 09/28/2026 10:42:44, ModifiedByUserId: 76e80919-b8f8-4b8b-8c36-a8da9f9a0f25, DeletedOn: , DeletedByUserId: , RecordState: 1, OwnerId: a1dde2cb-6326-4bb2-897d-7cfc118e842b, OwnershipType: 2, IsDeleted: False, DoNotUpdateMetaData: False, Id: 0fa7b76f-47ba-4138-8f96-671400fd7c83, HomebaseName: Speck Fehraltorf,  <- Club]

2026-09-28 10:42:46.4113 FLS.Server.Data.FLSDataEntities Update Location with data: [Location -> LocationId: f00536a7-09bd-4f5f-9c7c-f0164a3353ba, LocationName: E2E masterdata-locations-crud-masterdata-crud-locations-create-e, LocationShortName: , CountryId: 77cc3be6-95db-11e0-b104-e7f04724019b, LocationTypeId: 90ac38ef-fa6b-4e7f-87e0-96b2ca556f02, IcaoCode: 1K8A82, Latitude: , Longitude: , Elevation: , ElevationUnitTypeId: , RunwayDirection: , RunwayLength: , RunwayLengthUnitType: , AirportFrequency: , Description: edited by e2e, SortIndicator: , IsInboundRouteRequired: False, IsOutboundRouteRequired: False, IsFastEntryRecord: False, CreatedOn: 09/28/2026 10:42:44, CreatedByUserId: 76e80919-b8f8-4b8b-8c36-a8da9f9a0f25, ModifiedOn: 09/28/2026 10:42:46, ModifiedByUserId: 76e80919-b8f8-4b8b-8c36-a8da9f9a0f25, DeletedOn: , DeletedByUserId: , RecordState: 1, OwnerId: 0fa7b76f-47ba-4138-8f96-671400fd7c83, OwnershipType: 2, IsDeleted: False, Id: f00536a7-09bd-4f5f-9c7c-f0164a3353ba,  <- Location]

2026-09-28 10:42:46.9143 FLS.Server.Data.FLSDataEntities Insert FlightType with data: [FlightType -> FlightTypeId: eeef82ee-0ecb-4f17-a433-cd49c9b11061, ClubId: 0fa7b76f-47ba-4138-8f96-671400fd7c83, FlightTypeName: E2E FT 0GTR9P initial, FlightCode: 0GTR9, InstructorRequired: False, ObserverPilotOrInstructorRequired: False, IsCheckFlight: False, IsPassengerFlight: False, IsSoloFlight: False, IsForGliderFlights: True, IsForTowFlights: False, IsForMotorFlights: False, IsFlightCostBalanceSelectable: False, IsCouponNumberRequired: False, MinNrOfAircraftSeatsRequired: 0, IsForAircraftReservationType: False, CreatedOn: 09/28/2026 10:42:46, CreatedByUserId: 76e80919-b8f8-4b8b-8c36-a8da9f9a0f25, ModifiedOn: , ModifiedByUserId: , DeletedOn: , DeletedByUserId: , RecordState: 1, OwnerId: 0fa7b76f-47ba-4138-8f96-671400fd7c83, OwnershipType: 2, IsDeleted: False, Id: eeef82ee-0ecb-4f17-a433-cd49c9b11061,  <- FlightType]

2026-09-28 10:42:47.0490 FLS.Server.Data.FLSDataEntities Delete Location with Data: [Location -> LocationId: f00536a7-09bd-4f5f-9c7c-f0164a3353ba, LocationName: E2E masterdata-locations-crud-masterdata-crud-locations-create-e, LocationShortName: , CountryId: 77cc3be6-95db-11e0-b104-e7f04724019b, LocationTypeId: 90ac38ef-fa6b-4e7f-87e0-96b2ca556f02, IcaoCode: 1K8A82, Latitude: , Longitude: , Elevation: , ElevationUnitTypeId: , RunwayDirection: , RunwayLength: , RunwayLengthUnitType: , AirportFrequency: , Description: edited by e2e, SortIndicator: , IsInboundRouteRequired: False, IsOutboundRouteRequired: False, IsFastEntryRecord: False, CreatedOn: 09/28/2026 10:42:44, CreatedByUserId: 76e80919-b8f8-4b8b-8c36-a8da9f9a0f25, ModifiedOn: 09/28/2026 10:42:46, ModifiedByUserId: 76e80919-b8f8-4b8b-8c36-a8da9f9a0f25, DeletedOn: 09/28/2026 10:42:47, DeletedByUserId: 76e80919-b8f8-4b8b-8c36-a8da9f9a0f25, RecordState: 99, OwnerId: 0fa7b76f-47ba-4138-8f96-671400fd7c83, OwnershipType: 2, IsDeleted: False, Id: f00536a7-09bd-4f5f-9c7c-f0164a3353ba,  <- Location]

2026-09-28 10:42:48.2267 FLS.Server.Data.FLSDataEntities Update FlightType with data: [FlightType -> FlightTypeId: eeef82ee-0ecb-4f17-a433-cd49c9b11061, ClubId: 0fa7b76f-47ba-4138-8f96-671400fd7c83, FlightTypeName: E2E FT 0GTR9P updated, FlightCode: 0GTR9, InstructorRequired: False, ObserverPilotOrInstructorRequired: False, IsCheckFlight: False, IsPassengerFlight: False, IsSoloFlight: False, IsForGliderFlights: True, IsForTowFlights: False, IsForMotorFlights: False, IsFlightCostBalanceSelectable: False, IsCouponNumberRequired: False, MinNrOfAircraftSeatsRequired: 0, IsForAircraftReservationType: False, CreatedOn: 09/28/2026 10:42:46, CreatedByUserId: 76e80919-b8f8-4b8b-8c36-a8da9f9a0f25, ModifiedOn: 09/28/2026 10:42:48, ModifiedByUserId: 76e80919-b8f8-4b8b-8c36-a8da9f9a0f25, DeletedOn: , DeletedByUserId: , RecordState: 1, OwnerId: 0fa7b76f-47ba-4138-8f96-671400fd7c83, OwnershipType: 2, IsDeleted: False, Id: eeef82ee-0ecb-4f17-a433-cd49c9b11061,  <- FlightType]

2026-09-28 10:42:48.8667 FLS.Server.Data.FLSDataEntities Delete FlightType with Data: [FlightType -> FlightTypeId: eeef82ee-0ecb-4f17-a433-cd49c9b11061, ClubId: 0fa7b76f-47ba-4138-8f96-671400fd7c83, FlightTypeName: E2E FT 0GTR9P updated, FlightCode: 0GTR9, InstructorRequired: False, ObserverPilotOrInstructorRequired: False, IsCheckFlight: False, IsPassengerFlight: False, IsSoloFlight: False, IsForGliderFlights: True, IsForTowFlights: False, IsForMotorFlights: False, IsFlightCostBalanceSelectable: False, IsCouponNumberRequired: False, MinNrOfAircraftSeatsRequired: 0, IsForAircraftReservationType: False, CreatedOn: 09/28/2026 10:42:46, CreatedByUserId: 76e80919-b8f8-4b8b-8c36-a8da9f9a0f25, ModifiedOn: 09/28/2026 10:42:48, ModifiedByUserId: 76e80919-b8f8-4b8b-8c36-a8da9f9a0f25, DeletedOn: 09/28/2026 10:42:48, DeletedByUserId: 76e80919-b8f8-4b8b-8c36-a8da9f9a0f25, RecordState: 99, OwnerId: 0fa7b76f-47ba-4138-8f96-671400fd7c83, OwnershipType: 2, IsDeleted: False, Id: eeef82ee-0ecb-4f17-a433-cd49c9b11061,  <- FlightType]

2026-09-28 10:42:49.0500 FLS.Server.Data.FLSDataEntities Insert PersonCategory with data: [PersonCategory -> PersonCategoryId: b8086e8c-13e2-4a9f-bc3e-4a26697bdf09, ClubId: 0fa7b76f-47ba-4138-8f96-671400fd7c83, CategoryName: Cat-18SFFT-A, Remarks: , ParentPersonCategoryId: , CreatedOn: 09/28/2026 10:42:49, CreatedByUserId: 76e80919-b8f8-4b8b-8c36-a8da9f9a0f25, ModifiedOn: , ModifiedByUserId: , DeletedOn: , DeletedByUserId: , RecordState: 1, OwnerId: 0fa7b76f-47ba-4138-8f96-671400fd7c83, OwnershipType: 2, IsDeleted: False, Id: b8086e8c-13e2-4a9f-bc3e-4a26697bdf09,  <- PersonCategory]

2026-09-28 10:42:49.5144 FLS.Server.Data.FLSDataEntities Update PersonCategory with data: [PersonCategory -> PersonCategoryId: b8086e8c-13e2-4a9f-bc3e-4a26697bdf09, ClubId: 0fa7b76f-47ba-4138-8f96-671400fd7c83, CategoryName: Cat-18SFFT-B, Remarks: , ParentPersonCategoryId: , CreatedOn: 09/28/2026 10:42:49, CreatedByUserId: 76e80919-b8f8-4b8b-8c36-a8da9f9a0f25, ModifiedOn: 09/28/2026 10:42:49, ModifiedByUserId: 76e80919-b8f8-4b8b-8c36-a8da9f9a0f25, DeletedOn: , DeletedByUserId: , RecordState: 1, OwnerId: 0fa7b76f-47ba-4138-8f96-671400fd7c83, OwnershipType: 2, IsDeleted: False, Id: b8086e8c-13e2-4a9f-bc3e-4a26697bdf09,  <- PersonCategory]

2026-09-28 10:42:49.9135 FLS.Server.Data.FLSDataEntities Delete PersonCategory with Data: [PersonCategory -> PersonCategoryId: b8086e8c-13e2-4a9f-bc3e-4a26697bdf09, ClubId: 0fa7b76f-47ba-4138-8f96-671400fd7c83, CategoryName: Cat-18SFFT-B, Remarks: , ParentPersonCategoryId: , CreatedOn: 09/28/2026 10:42:49, CreatedByUserId: 76e80919-b8f8-4b8b-8c36-a8da9f9a0f25, ModifiedOn: 09/28/2026 10:42:49, ModifiedByUserId: 76e80919-b8f8-4b8b-8c36-a8da9f9a0f25, DeletedOn: 09/28/2026 10:42:49, DeletedByUserId: 76e80919-b8f8-4b8b-8c36-a8da9f9a0f25, RecordState: 99, OwnerId: 0fa7b76f-47ba-4138-8f96-671400fd7c83, OwnershipType: 2, IsDeleted: False, Id: b8086e8c-13e2-4a9f-bc3e-4a26697bdf09,  <- PersonCategory]

2026-09-28 10:42:50.6681 FLS.Server.Data.FLSDataEntities Insert MemberState with data: [MemberState -> MemberStateId: 97a00a5f-7ae8-4864-8ac8-29182376a617, ClubId: 0fa7b76f-47ba-4138-8f96-671400fd7c83, MemberStateName: MemberState-1GFDA4-A, Remarks: , CreatedOn: 09/28/2026 10:42:50, CreatedByUserId: 76e80919-b8f8-4b8b-8c36-a8da9f9a0f25, ModifiedOn: , ModifiedByUserId: , DeletedOn: , DeletedByUserId: , RecordState: 1, OwnerId: 0fa7b76f-47ba-4138-8f96-671400fd7c83, OwnershipType: 2, IsDeleted: False, Id: 97a00a5f-7ae8-4864-8ac8-29182376a617,  <- MemberState]

2026-09-28 10:42:51.6747 FLS.Server.Data.FLSDataEntities Update MemberState with data: [MemberState -> MemberStateId: 97a00a5f-7ae8-4864-8ac8-29182376a617, ClubId: 0fa7b76f-47ba-4138-8f96-671400fd7c83, MemberStateName: MemberState-1GFDA4-B, Remarks: , CreatedOn: 09/28/2026 10:42:50, CreatedByUserId: 76e80919-b8f8-4b8b-8c36-a8da9f9a0f25, ModifiedOn: 09/28/2026 10:42:51, ModifiedByUserId: 76e80919-b8f8-4b8b-8c36-a8da9f9a0f25, DeletedOn: , DeletedByUserId: , RecordState: 1, OwnerId: 0fa7b76f-47ba-4138-8f96-671400fd7c83, OwnershipType: 2, IsDeleted: False, Id: 97a00a5f-7ae8-4864-8ac8-29182376a617,  <- MemberState]

2026-09-28 10:42:52.2517 FLS.Server.Data.FLSDataEntities Delete MemberState with Data: [MemberState -> MemberStateId: 97a00a5f-7ae8-4864-8ac8-29182376a617, ClubId: 0fa7b76f-47ba-4138-8f96-671400fd7c83, MemberStateName: MemberState-1GFDA4-B, Remarks: , CreatedOn: 09/28/2026 10:42:50, CreatedByUserId: 76e80919-b8f8-4b8b-8c36-a8da9f9a0f25, ModifiedOn: 09/28/2026 10:42:51, ModifiedByUserId: 76e80919-b8f8-4b8b-8c36-a8da9f9a0f25, DeletedOn: 09/28/2026 10:42:52, DeletedByUserId: 76e80919-b8f8-4b8b-8c36-a8da9f9a0f25, RecordState: 99, OwnerId: 0fa7b76f-47ba-4138-8f96-671400fd7c83, OwnershipType: 2, IsDeleted: False, Id: 97a00a5f-7ae8-4864-8ac8-29182376a617,  <- MemberState]

2026-09-28 10:42:53.1407 FLS.Server.Data.FLSDataEntities Insert Person with data: [Person -> PersonId: 6dc771a8-cc7a-4b34-b7ac-ed8545f4e2cf, Lastname: E2ELast1790592172626-903201, Firstname: E2EFirst1790592172626-903201, Midname: , CompanyName: , AddressLine1: , AddressLine2: , Zip: , City: , Region: , CountryId: , PrivatePhone: , MobilePhone: , BusinessPhone: , FaxNumber: , EmailPrivate: e2e-1790592172626-903201@example.test, EmailBusiness: , PreferMailToBusinessMail: False, Birthday: , HasMotorPilotLicence: False, HasTowPilotLicence: False, HasGliderInstructorLicence: False, HasGliderPilotLicence: False, HasGliderTraineeLicence: False, HasGliderPAXLicence: False, HasTMGLicence: False, HasWinchOperatorLicence: False, HasMotorInstructorLicence: False, HasPartMLicence: False, LicenceNumber: , MedicalClass1ExpireDate: , MedicalClass2ExpireDate: , MedicalLaplExpireDate: , GliderInstructorLicenceExpireDate: , MotorInstructorLicenceExpireDate: , PartMLicenceExpireDate: , HasGliderTowingStartPermission: False, HasGliderSelfStartPermission: False, HasGliderWinchStartPermission: False, SpotLink: , ReceiveOwnedAircraftStatisticReports: False, EnableAddress: False, IsFastEntryRecord: False, CreatedOn: 09/28/2026 10:42:53, CreatedByUserId: 76e80919-b8f8-4b8b-8c36-a8da9f9a0f25, ModifiedOn: , ModifiedByUserId: , DeletedOn: , DeletedByUserId: , RecordState: 1, OwnerId: 0fa7b76f-47ba-4138-8f96-671400fd7c83, OwnershipType: 2, IsDeleted: False, DisplayName: E2ELast1790592172626-903201 E2EFirst1790592172626-903201, EmailAddressForCommunication: e2e-1790592172626-903201@example.test, Id: 6dc771a8-cc7a-4b34-b7ac-ed8545f4e2cf, DoNotUpdateTimeStampsInMetaData: False,  <- Person]

2026-09-28 10:42:53.1556 FLS.Server.Data.FLSDataEntities Insert PersonClub with data: [PersonClub -> PersonId: 00000000-0000-0000-0000-000000000000, ClubId: 0fa7b76f-47ba-4138-8f96-671400fd7c83, MemberNumber: , MemberStateId: , IsMotorPilot: False, IsTowPilot: False, IsGliderInstructor: False, IsGliderPilot: False, IsGliderTrainee: False, IsPassenger: False, IsWinchOperator: False, IsMotorInstructor: False, ReceiveFlightReports: False, ReceiveAircraftReservationNotifications: False, ReceivePlanningDayRoleReminder: False, IsActive: False, CreatedOn: 09/28/2026 10:42:53, CreatedByUserId: 76e80919-b8f8-4b8b-8c36-a8da9f9a0f25, ModifiedOn: , ModifiedByUserId: , DeletedOn: , DeletedByUserId: , RecordState: 1, OwnerId: 0fa7b76f-47ba-4138-8f96-671400fd7c83, OwnershipType: 2, IsDeleted: False, Id: 00000000-0000-0000-0000-000000000000, DoNotUpdateTimeStampsInMetaData: False,  <- PersonClub]

2026-09-28 10:42:55.5788 FLS.Server.WebApi.ActionFilters.UnhandledExceptionFilterAttribute HttpStatusCode: InternalServerError with error message: Object reference not set to an instance of an object, Exception: System.NullReferenceException: Object reference not set to an instance of an object
  at System.Linq.Expressions.Compiler.LambdaCompiler.EmitMethodCall (System.Linq.Expressions.Expression obj, System.Reflection.MethodInfo method, System.Linq.Expressions.IArgumentProvider methodCallExpr, System.Linq.Expressions.Compiler.LambdaCompiler+CompilationFlags flags) [0x00002] in <69ada62907b24213a012734531df1db1>:0 
  at System.Linq.Expressions.Compiler.LambdaCompiler.EmitInvocationExpression (System.Linq.Expressions.Expression expr, System.Linq.Expressions.Compiler.LambdaCompiler+CompilationFlags flags) [0x0002d] in <69ada62907b24213a012734531df1db1>:0 
  at System.Linq.Expressions.Compiler.LambdaCompiler.EmitExpression (System.Linq.Expressions.Expression node, System.Linq.Expressions.Compiler.LambdaCompiler+CompilationFlags flags) [0x00263] in <69ada62907b24213a012734531df1db1>:0 
  at System.Linq.Expressions.Compiler.LambdaCompiler.EmitExpression (System.Linq.Expressions.Expression node) [0x00000] in <69ada62907b24213a012734531df1db1>:0 
  at System.Linq.Expressions.Compiler.LambdaCompiler.EmitInstance (System.Linq.Expressions.Expression instance, System.Type& type) [0x00035] in <69ada62907b24213a012734531df1db1>:0 
  at System.Linq.Expressions.Compiler.LambdaCompiler.EmitMemberExpression (System.Linq.Expressions.Expression expr) [0x00018] in <69ada62907b24213a012734531df1db1>:0 
  at System.Linq.Expressions.Compiler.LambdaCompiler.EmitExpression (System.Linq.Expressions.Expression node, System.Linq.Expressions.Compiler.LambdaCompiler+CompilationFlags flags) [0x00288] in <69ada62907b24213a012734531df1db1>:0 
  at System.Linq.Expressions.Compiler.LambdaCompiler.EmitLambdaBody (System.Linq.Expressions.Compiler.CompilerScope parent, System.Boolean inlined, System.Linq.Expressions.Compiler.LambdaCompiler+CompilationFlags flags) [0x00085] in <69ada62907b24213a012734531df1db1>:0 
  at System.Linq.Expressions.Compiler.LambdaCompiler.EmitLambdaBody () [0x0001a] in <69ada62907b24213a012734531df1db1>:0 
  at System.Linq.Expressions.Compiler.LambdaCompiler.Compile (System.Linq.Expressions.LambdaExpression lambda) [0x00013] in <69ada62907b24213a012734531df1db1>:0 
  at System.Linq.Expressions.LambdaExpression.Compile (System.Boolean preferInterpretation) [0x00000] in <69ada62907b24213a012734531df1db1>:0 
  at System.Linq.Expressions.LambdaExpression.Compile () [0x00000] in <69ada62907b24213a012734531df1db1>:0 
  at System.Data.Entity.Core.Objects.ELinq.QueryParameterExpression.EvaluateParameter (System.Object[] arguments) [0x0008d] in <b7b192e5a05f4f14a14aa0d5b14aeeeb>:0 
  at System.Data.Entity.Core.Objects.ELinq.ELinqQueryState.GetExecutionPlan (System.Nullable`1[T] forMergeOption) [0x002e5] in <b7b192e5a05f4f14a14aa0d5b14aeeeb>:0 
  at System.Data.Entity.Core.Objects.ObjectQuery`1+<>c__DisplayClass7[T].<GetResults>b__6 () [0x0000b] in <b7b192e5a05f4f14a14aa0d5b14aeeeb>:0 
  at System.Data.Entity.Core.Objects.ObjectContext.ExecuteInTransaction[T] (System.Func`1[TResult] func, System.Data.Entity.Infrastructure.IDbExecutionStrategy executionStrategy, System.Boolean startLocalTransaction, System.Boolean releaseConnectionOnSuccess) [0x0008a] in <b7b192e5a05f4f14a14aa0d5b14aeeeb>:0 
  at System.Data.Entity.Core.Objects.ObjectQuery`1+<>c__DisplayClass7[T].<GetResults>b__5 () [0x00033] in <b7b192e5a05f4f14a14aa0d5b14aeeeb>:0 
  at System.Data.Entity.SqlServer.DefaultSqlExecutionStrategy.Execute[TResult] (System.Func`1[TResult] operation) [0x00036] in <5c51bb66ce2c412d8224b39ad2626fbe>:0 
  at System.Data.Entity.Core.Objects.ObjectQuery`1[T].GetResults (System.Nullable`1[T] forMergeOption) [0x00093] in <b7b192e5a05f4f14a14aa0d5b14aeeeb>:0 
  at System.Data.Entity.Core.Objects.ObjectQuery`1[T].<System.Collections.Generic.IEnumerable<T>.GetEnumerator>b__0 () [0x00000] in <b7b192e5a05f4f14a14aa0d5b14aeeeb>:0 
  at System.Data.Entity.Internal.LazyEnumerator`1[T].MoveNext () [0x00008] in <b7b192e5a05f4f14a14aa0d5b14aeeeb>:0 
  at System.Collections.Generic.List`1[T].AddEnumerable (System.Collections.Generic.IEnumerable`1[T] enumerable) [0x00059] in <d636f104d58046fd9b195699bcb1a744>:0 
  at System.Collections.Generic.List`1[T]..ctor (System.Collections.Generic.IEnumerable`1[T] collection) [0x00062] in <d636f104d58046fd9b195699bcb1a744>:0 
  at System.Linq.Enumerable.ToList[TSource] (System.Collections.Generic.IEnumerable`1[T] source) [0x00018] in <69ada62907b24213a012734531df1db1>:0 
  at FLS.Server.Service.PersonService.GetPagedPersonOverview (System.Nullable`1[T] pageStart, System.Nullable`1[T] pageSize, FLS.Data.WebApi.PageableSearchFilter`1[T] pageableSearchFilter) [0x012fc] in <4c901c8bc32e45b4b64fedc4c20a1dd6>:0 
  at FLS.Server.WebApi.Controllers.PersonsController.GetPagedPersonOverview (FLS.Data.WebApi.PageableSearchFilter`1[T] pageableSearchFilter, System.Nullable`1[T] pageStart, System.Nullable`1[T] pageSize) [0x00001] in <1bc737b9f479432b884a1e05f137f086>:0 
  at (wrapper dynamic-method) System.Object.lambda_method(System.Runtime.CompilerServices.Closure,object,object[])
  at System.Web.Http.Controllers.ReflectedHttpActionDescriptor+ActionExecutor+<>c__DisplayClass6_2.<GetExecutor>b__2 (System.Object instance, System.Object[] methodParameters) [0x00000] in <4f8d88aa02d546f6963914471854cb7c>:0 
  at System.Web.Http.Controllers.ReflectedHttpActionDescriptor+ActionExecutor.Execute (System.Object instance, System.Object[] arguments) [0x00000] in <4f8d88aa02d546f6963914471854cb7c>:0 
  at System.Web.Http.Controllers.ReflectedHttpActionDescriptor.ExecuteAsync (System.Web.Http.Controllers.HttpControllerContext controllerContext, System.Collections.Generic.IDictionary`2[TKey,TValue] arguments, System.Threading.CancellationToken cancellationToken) [0x00046] in <4f8d88aa02d546f6963914471854cb7c>:0 
--- End of stack trace from previous location where exception was thrown ---

  at System.Web.Http.Controllers.ApiControllerActionInvoker.InvokeActionAsyncCore (System.Web.Http.Controllers.HttpActionContext actionContext, System.Threading.CancellationToken cancellationToken) [0x000ab] in <4f8d88aa02d546f6963914471854cb7c>:0 
  at System.Web.Http.Filters.ActionFilterAttribute.CallOnActionExecutedAsync (System.Web.Http.Controllers.HttpActionContext actionContext, System.Threading.CancellationToken cancellationToken, System.Func`1[TResult] continuation) [0x00091] in <4f8d88aa02d546f6963914471854cb7c>:0 
  at System.Web.Http.Filters.ActionFilterAttribute.CallOnActionExecutedAsync (System.Web.Http.Controllers.HttpActionContext actionContext, System.Threading.CancellationToken cancellationToken, System.Func`1[TResult] continuation) [0x001ad] in <4f8d88aa02d546f6963914471854cb7c>:0 
  at System.Web.Http.Filters.ActionFilterAttribute.ExecuteActionFilterAsyncCore (System.Web.Http.Controllers.HttpActionContext actionContext, System.Threading.CancellationToken cancellationToken, System.Func`1[TResult] continuation) [0x00103] in <4f8d88aa02d546f6963914471854cb7c>:0 
  at System.Web.Http.Filters.ActionFilterAttribute.CallOnActionExecutedAsync (System.Web.Http.Controllers.HttpActionContext actionContext, System.Threading.CancellationToken cancellationToken, System.Func`1[TResult] continuation) [0x00091] in <4f8d88aa02d546f6963914471854cb7c>:0 
  at System.Web.Http.Filters.ActionFilterAttribute.CallOnActionExecutedAsync (System.Web.Http.Controllers.HttpActionContext actionContext, System.Threading.CancellationToken cancellationToken, System.Func`1[TResult] continuation) [0x001ad] in <4f8d88aa02d546f6963914471854cb7c>:0 
  at System.Web.Http.Filters.ActionFilterAttribute.ExecuteActionFilterAsyncCore (System.Web.Http.Controllers.HttpActionContext actionContext, System.Threading.CancellationToken cancellationToken, System.Func`1[TResult] continuation) [0x00103] in <4f8d88aa02d546f6963914471854cb7c>:0 
  at System.Web.Http.Filters.ActionFilterAttribute.CallOnActionExecutedAsync (System.Web.Http.Controllers.HttpActionContext actionContext, System.Threading.CancellationToken cancellationToken, System.Func`1[TResult] continuation) [0x00091] in <4f8d88aa02d546f6963914471854cb7c>:0 
  at System.Web.Http.Filters.ActionFilterAttribute.CallOnActionExecutedAsync (System.Web.Http.Controllers.HttpActionContext actionContext, System.Threading.CancellationToken cancellationToken, System.Func`1[TResult] continuation) [0x001ad] in <4f8d88aa02d546f6963914471854cb7c>:0 
  at System.Web.Http.Filters.ActionFilterAttribute.ExecuteActionFilterAsyncCore (System.Web.Http.Controllers.HttpActionContext actionContext, System.Threading.CancellationToken cancellationToken, System.Func`1[TResult] continuation) [0x00103] in <4f8d88aa02d546f6963914471854cb7c>:0 
  at System.Web.Http.Filters.ActionFilterAttribute.CallOnActionExecutedAsync (System.Web.Http.Controllers.HttpActionContext actionContext, System.Threading.CancellationToken cancellationToken, System.Func`1[TResult] continuation) [0x00091] in <4f8d88aa02d546f6963914471854cb7c>:0 
  at System.Web.Http.Filters.ActionFilterAttribute.CallOnActionExecutedAsync (System.Web.Http.Controllers.HttpActionContext actionContext, System.Threading.CancellationToken cancellationToken, System.Func`1[TResult] continuation) [0x001ad] in <4f8d88aa02d546f6963914471854cb7c>:0 
  at System.Web.Http.Filters.ActionFilterAttribute.ExecuteActionFilterAsyncCore (System.Web.Http.Controllers.HttpActionContext actionContext, System.Threading.CancellationToken cancellationToken, System.Func`1[TResult] continuation) [0x00103] in <4f8d88aa02d546f6963914471854cb7c>:0 
  at System.Web.Http.Controllers.ActionFilterResult.ExecuteAsync (System.Threading.CancellationToken cancellationToken) [0x001a4] in <4f8d88aa02d546f6963914471854cb7c>:0 
  at System.Web.Http.Filters.AuthorizationFilterAttribute.ExecuteAuthorizationFilterAsyncCore (System.Web.Http.Controllers.HttpActionContext actionContext, System.Threading.CancellationToken cancellationToken, System.Func`1[TResult] continuation) [0x000f3] in <4f8d88aa02d546f6963914471854cb7c>:0 
  at System.Web.Http.Controllers.AuthenticationFilterResult.ExecuteAsync (System.Threading.CancellationToken cancellationToken) [0x00265] in <4f8d88aa02d546f6963914471854cb7c>:0 
  at System.Web.Http.Controllers.ExceptionFilterResult.ExecuteAsync (System.Threading.CancellationToken cancellationToken) [0x00087] in <4f8d88aa02d546f6963914471854cb7c>:0 , InnerException: 
2026-09-28 10:43:24.4345 FLS.Server.Data.FLSDataEntities Insert User with data: [User -> UserId: 2764cab5-febe-46b7-a375-56e923dc1740, ClubId: 0fa7b76f-47ba-4138-8f96-671400fd7c83, UserName: e2euser92202078256, FriendlyName: E2E User 92202078256, PasswordHash: , PersonId: , NotificationEmail: e2e-92202078256@e2e.fls.local, EmailConfirmed: False, SecurityStamp: 8055803f-e0fb-4855-b323-e457520df6c8, PhoneNumber: , PhoneNumberConfirmed: False, TwoFactorEnabled: False, LockoutEnabled: False, LockoutEndDateUtc: , AccessFailedCount: 0, Remarks: , AccountState: 1, LastPasswordChangeOn: , ForcePasswordChangeNextLogon: False, LanguageId: 1, DoNotUpdateMetaData: True, CreatedOn: 09/28/2026 10:43:24, CreatedByUserId: 76e80919-b8f8-4b8b-8c36-a8da9f9a0f25, ModifiedOn: , ModifiedByUserId: , DeletedOn: , DeletedByUserId: , RecordState: 1, OwnerId: 0fa7b76f-47ba-4138-8f96-671400fd7c83, OwnershipType: 2, IsDeleted: False, Id: 2764cab5-febe-46b7-a375-56e923dc1740,  <- User]

2026-09-28 10:43:24.7510 FLS.Server.WebApi.Controllers.UsersController EmailConfirmation-Token: Code: JbdGtHxc9IIQvNcKoUn4HT6AGYbaRsr9L7wE5mB7BoM8fALRusrBLEHCmErpnoTaV2UzcJBYUQE2GaaRU13UsaNrNLowSGKAHKPW0j/R+We/g3COwkT+VMEUtzDVF+jyw/ICLy4iTFJ6mtpgYT5rqw==, Base64: SmJkR3RIeGM5SUlRdk5jS29VbjRIVDZBR1liYVJzcjlMN3dFNW1CN0JvTThmQUxSdXNyQkxFSENtRXJwbm9UYVYyVXpjSkJZVVFFMkdhYVJVMTNVc2FOck5Mb3dTR0tBSEtQVzBqL1IrV2UvZzNDT3drVCtWTUVVdHpEVkYranl3L0lDTHk0aVRGSjZtdHBnWVQ1cnF3PT0=
2026-09-28 10:43:24.8942 FLS.Server.Service.Email.EmailSendService Sent email to recipient: e2e-92202078256@e2e.fls.local with subject: Email-Bestätigung für neues Benutzerkonto im Flight Logging System, and Body: 
2026-09-28 10:43:26.4723 FLS.Server.Data.FLSDataEntities Update User with data: [User -> UserId: 2764cab5-febe-46b7-a375-56e923dc1740, ClubId: 0fa7b76f-47ba-4138-8f96-671400fd7c83, UserName: e2euser92202078256, FriendlyName: E2E User 92202078256 (edited), PasswordHash: , PersonId: , NotificationEmail: e2e-92202078256@e2e.fls.local, EmailConfirmed: False, SecurityStamp: 8055803f-e0fb-4855-b323-e457520df6c8, PhoneNumber: , PhoneNumberConfirmed: False, TwoFactorEnabled: False, LockoutEnabled: True, LockoutEndDateUtc: , AccessFailedCount: 0, Remarks: , AccountState: 1, LastPasswordChangeOn: , ForcePasswordChangeNextLogon: False, LanguageId: 1, DoNotUpdateMetaData: False, CreatedOn: 09/28/2026 10:43:24, CreatedByUserId: 76e80919-b8f8-4b8b-8c36-a8da9f9a0f25, ModifiedOn: 09/28/2026 10:43:26, ModifiedByUserId: 76e80919-b8f8-4b8b-8c36-a8da9f9a0f25, DeletedOn: , DeletedByUserId: , RecordState: 1, OwnerId: 0fa7b76f-47ba-4138-8f96-671400fd7c83, OwnershipType: 2, IsDeleted: False, Id: 2764cab5-febe-46b7-a375-56e923dc1740,  <- User]

2026-09-28 10:43:33.2294 FLS.Server.WebApi.ActionFilters.UnhandledExceptionFilterAttribute HttpStatusCode: InternalServerError with error message: Object reference not set to an instance of an object, Exception: System.NullReferenceException: Object reference not set to an instance of an object
  at System.Linq.Expressions.Compiler.LambdaCompiler.EmitMethodCall (System.Linq.Expressions.Expression obj, System.Reflection.MethodInfo method, System.Linq.Expressions.IArgumentProvider methodCallExpr, System.Linq.Expressions.Compiler.LambdaCompiler+CompilationFlags flags) [0x00002] in <69ada62907b24213a012734531df1db1>:0 
  at System.Linq.Expressions.Compiler.LambdaCompiler.EmitInvocationExpression (System.Linq.Expressions.Expression expr, System.Linq.Expressions.Compiler.LambdaCompiler+CompilationFlags flags) [0x0002d] in <69ada62907b24213a012734531df1db1>:0 
  at System.Linq.Expressions.Compiler.LambdaCompiler.EmitExpression (System.Linq.Expressions.Expression node, System.Linq.Expressions.Compiler.LambdaCompiler+CompilationFlags flags) [0x00263] in <69ada62907b24213a012734531df1db1>:0 
  at System.Linq.Expressions.Compiler.LambdaCompiler.EmitExpression (System.Linq.Expressions.Expression node) [0x00000] in <69ada62907b24213a012734531df1db1>:0 
  at System.Linq.Expressions.Compiler.LambdaCompiler.EmitInstance (System.Linq.Expressions.Expression instance, System.Type& type) [0x00035] in <69ada62907b24213a012734531df1db1>:0 
  at System.Linq.Expressions.Compiler.LambdaCompiler.EmitMemberExpression (System.Linq.Expressions.Expression expr) [0x00018] in <69ada62907b24213a012734531df1db1>:0 
  at System.Linq.Expressions.Compiler.LambdaCompiler.EmitExpression (System.Linq.Expressions.Expression node, System.Linq.Expressions.Compiler.LambdaCompiler+CompilationFlags flags) [0x00288] in <69ada62907b24213a012734531df1db1>:0 
  at System.Linq.Expressions.Compiler.LambdaCompiler.EmitLambdaBody (System.Linq.Expressions.Compiler.CompilerScope parent, System.Boolean inlined, System.Linq.Expressions.Compiler.LambdaCompiler+CompilationFlags flags) [0x00085] in <69ada62907b24213a012734531df1db1>:0 
  at System.Linq.Expressions.Compiler.LambdaCompiler.EmitLambdaBody () [0x0001a] in <69ada62907b24213a012734531df1db1>:0 
  at System.Linq.Expressions.Compiler.LambdaCompiler.Compile (System.Linq.Expressions.LambdaExpression lambda) [0x00013] in <69ada62907b24213a012734531df1db1>:0 
  at System.Linq.Expressions.LambdaExpression.Compile (System.Boolean preferInterpretation) [0x00000] in <69ada62907b24213a012734531df1db1>:0 
  at System.Linq.Expressions.LambdaExpression.Compile () [0x00000] in <69ada62907b24213a012734531df1db1>:0 
  at System.Data.Entity.Core.Objects.ELinq.QueryParameterExpression.EvaluateParameter (System.Object[] arguments) [0x0008d] in <b7b192e5a05f4f14a14aa0d5b14aeeeb>:0 
  at System.Data.Entity.Core.Objects.ELinq.ELinqQueryState.GetExecutionPlan (System.Nullable`1[T] forMergeOption) [0x002e5] in <b7b192e5a05f4f14a14aa0d5b14aeeeb>:0 
  at System.Data.Entity.Core.Objects.ObjectQuery`1+<>c__DisplayClass7[T].<GetResults>b__6 () [0x0000b] in <b7b192e5a05f4f14a14aa0d5b14aeeeb>:0 
  at System.Data.Entity.Core.Objects.ObjectContext.ExecuteInTransaction[T] (System.Func`1[TResult] func, System.Data.Entity.Infrastructure.IDbExecutionStrategy executionStrategy, System.Boolean startLocalTransaction, System.Boolean releaseConnectionOnSuccess) [0x0008a] in <b7b192e5a05f4f14a14aa0d5b14aeeeb>:0 
  at System.Data.Entity.Core.Objects.ObjectQuery`1+<>c__DisplayClass7[T].<GetResults>b__5 () [0x00033] in <b7b192e5a05f4f14a14aa0d5b14aeeeb>:0 
  at System.Data.Entity.SqlServer.DefaultSqlExecutionStrategy.Execute[TResult] (System.Func`1[TResult] operation) [0x00036] in <5c51bb66ce2c412d8224b39ad2626fbe>:0 
  at System.Data.Entity.Core.Objects.ObjectQuery`1[T].GetResults (System.Nullable`1[T] forMergeOption) [0x00093] in <b7b192e5a05f4f14a14aa0d5b14aeeeb>:0 
  at System.Data.Entity.Core.Objects.ObjectQuery`1[T].<System.Collections.Generic.IEnumerable<T>.GetEnumerator>b__0 () [0x00000] in <b7b192e5a05f4f14a14aa0d5b14aeeeb>:0 
  at System.Data.Entity.Internal.LazyEnumerator`1[T].MoveNext () [0x00008] in <b7b192e5a05f4f14a14aa0d5b14aeeeb>:0 
  at System.Collections.Generic.List`1[T].AddEnumerable (System.Collections.Generic.IEnumerable`1[T] enumerable) [0x00059] in <d636f104d58046fd9b195699bcb1a744>:0 
  at System.Collections.Generic.List`1[T]..ctor (System.Collections.Generic.IEnumerable`1[T] collection) [0x00062] in <d636f104d58046fd9b195699bcb1a744>:0 
  at System.Linq.Enumerable.ToList[TSource] (System.Collections.Generic.IEnumerable`1[T] source) [0x00018] in <69ada62907b24213a012734531df1db1>:0 
  at FLS.Server.Service.LocationService.GetPagedLocationOverviews (System.Nullable`1[T] pageStart, System.Nullable`1[T] pageSize, FLS.Data.WebApi.PageableSearchFilter`1[T] pageableSearchFilter) [0x008ac] in <4c901c8bc32e45b4b64fedc4c20a1dd6>:0 
  at FLS.Server.WebApi.Controllers.LocationsController.GetPagedLocationOverviews (FLS.Data.WebApi.PageableSearchFilter`1[T] pageableSearchFilter, System.Nullable`1[T] pageStart, System.Nullable`1[T] pageSize) [0x00001] in <1bc737b9f479432b884a1e05f137f086>:0 
  at (wrapper dynamic-method) System.Object.lambda_method(System.Runtime.CompilerServices.Closure,object,object[])
  at System.Web.Http.Controllers.ReflectedHttpActionDescriptor+ActionExecutor+<>c__DisplayClass6_2.<GetExecutor>b__2 (System.Object instance, System.Object[] methodParameters) [0x00000] in <4f8d88aa02d546f6963914471854cb7c>:0 
  at System.Web.Http.Controllers.ReflectedHttpActionDescriptor+ActionExecutor.Execute (System.Object instance, System.Object[] arguments) [0x00000] in <4f8d88aa02d546f6963914471854cb7c>:0 
  at System.Web.Http.Controllers.ReflectedHttpActionDescriptor.ExecuteAsync (System.Web.Http.Controllers.HttpControllerContext controllerContext, System.Collections.Generic.IDictionary`2[TKey,TValue] arguments, System.Threading.CancellationToken cancellationToken) [0x00046] in <4f8d88aa02d546f6963914471854cb7c>:0 
--- End of stack trace from previous location where exception was thrown ---

  at System.Web.Http.Controllers.ApiControllerActionInvoker.InvokeActionAsyncCore (System.Web.Http.Controllers.HttpActionContext actionContext, System.Threading.CancellationToken cancellationToken) [0x000ab] in <4f8d88aa02d546f6963914471854cb7c>:0 
  at System.Web.Http.Filters.ActionFilterAttribute.CallOnActionExecutedAsync (System.Web.Http.Controllers.HttpActionContext actionContext, System.Threading.CancellationToken cancellationToken, System.Func`1[TResult] continuation) [0x00091] in <4f8d88aa02d546f6963914471854cb7c>:0 
  at System.Web.Http.Filters.ActionFilterAttribute.CallOnActionExecutedAsync (System.Web.Http.Controllers.HttpActionContext actionContext, System.Threading.CancellationToken cancellationToken, System.Func`1[TResult] continuation) [0x001ad] in <4f8d88aa02d546f6963914471854cb7c>:0 
  at System.Web.Http.Filters.ActionFilterAttribute.ExecuteActionFilterAsyncCore (System.Web.Http.Controllers.HttpActionContext actionContext, System.Threading.CancellationToken cancellationToken, System.Func`1[TResult] continuation) [0x00103] in <4f8d88aa02d546f6963914471854cb7c>:0 
  at System.Web.Http.Filters.ActionFilterAttribute.CallOnActionExecutedAsync (System.Web.Http.Controllers.HttpActionContext actionContext, System.Threading.CancellationToken cancellationToken, System.Func`1[TResult] continuation) [0x00091] in <4f8d88aa02d546f6963914471854cb7c>:0 
  at System.Web.Http.Filters.ActionFilterAttribute.CallOnActionExecutedAsync (System.Web.Http.Controllers.HttpActionContext actionContext, System.Threading.CancellationToken cancellationToken, System.Func`1[TResult] continuation) [0x001ad] in <4f8d88aa02d546f6963914471854cb7c>:0 
  at System.Web.Http.Filters.ActionFilterAttribute.ExecuteActionFilterAsyncCore (System.Web.Http.Controllers.HttpActionContext actionContext, System.Threading.CancellationToken cancellationToken, System.Func`1[TResult] continuation) [0x00103] in <4f8d88aa02d546f6963914471854cb7c>:0 
  at System.Web.Http.Filters.ActionFilterAttribute.CallOnActionExecutedAsync (System.Web.Http.Controllers.HttpActionContext actionContext, System.Threading.CancellationToken cancellationToken, System.Func`1[TResult] continuation) [0x00091] in <4f8d88aa02d546f6963914471854cb7c>:0 
  at System.Web.Http.Filters.ActionFilterAttribute.CallOnActionExecutedAsync (System.Web.Http.Controllers.HttpActionContext actionContext, System.Threading.CancellationToken cancellationToken, System.Func`1[TResult] continuation) [0x001ad] in <4f8d88aa02d546f6963914471854cb7c>:0 
  at System.Web.Http.Filters.ActionFilterAttribute.ExecuteActionFilterAsyncCore (System.Web.Http.Controllers.HttpActionContext actionContext, System.Threading.CancellationToken cancellationToken, System.Func`1[TResult] continuation) [0x00103] in <4f8d88aa02d546f6963914471854cb7c>:0 
  at System.Web.Http.Filters.ActionFilterAttribute.CallOnActionExecutedAsync (System.Web.Http.Controllers.HttpActionContext actionContext, System.Threading.CancellationToken cancellationToken, System.Func`1[TResult] continuation) [0x00091] in <4f8d88aa02d546f6963914471854cb7c>:0 
  at System.Web.Http.Filters.ActionFilterAttribute.CallOnActionExecutedAsync (System.Web.Http.Controllers.HttpActionContext actionContext, System.Threading.CancellationToken cancellationToken, System.Func`1[TResult] continuation) [0x001ad] in <4f8d88aa02d546f6963914471854cb7c>:0 
  at System.Web.Http.Filters.ActionFilterAttribute.ExecuteActionFilterAsyncCore (System.Web.Http.Controllers.HttpActionContext actionContext, System.Threading.CancellationToken cancellationToken, System.Func`1[TResult] continuation) [0x00103] in <4f8d88aa02d546f6963914471854cb7c>:0 
  at System.Web.Http.Controllers.ActionFilterResult.ExecuteAsync (System.Threading.CancellationToken cancellationToken) [0x001a4] in <4f8d88aa02d546f6963914471854cb7c>:0 
  at System.Web.Http.Filters.AuthorizationFilterAttribute.ExecuteAuthorizationFilterAsyncCore (System.Web.Http.Controllers.HttpActionContext actionContext, System.Threading.CancellationToken cancellationToken, System.Func`1[TResult] continuation) [0x000f3] in <4f8d88aa02d546f6963914471854cb7c>:0 
  at System.Web.Http.Controllers.AuthenticationFilterResult.ExecuteAsync (System.Threading.CancellationToken cancellationToken) [0x00265] in <4f8d88aa02d546f6963914471854cb7c>:0 
  at System.Web.Http.Controllers.ExceptionFilterResult.ExecuteAsync (System.Threading.CancellationToken cancellationToken) [0x00087] in <4f8d88aa02d546f6963914471854cb7c>:0 , InnerException: 
2026-09-28 10:43:35.7128 FLS.Server.Data.FLSDataEntities Insert Location with data: [Location -> LocationId: 33f04d30-9d5b-4645-b2a9-6705a4aeffe5, LocationName: J0C-PISNHP, LocationShortName: , CountryId: 77cc3be6-95db-11e0-b104-e7f04724019b, LocationTypeId: 90ac38ef-fa6b-4e7f-87e0-96b2ca556f02, IcaoCode: J0PI, Latitude: , Longitude: , Elevation: , ElevationUnitTypeId: , RunwayDirection: , RunwayLength: , RunwayLengthUnitType: , AirportFrequency: , Description: J-0c fan-out parity (legacy create), SortIndicator: , IsInboundRouteRequired: False, IsOutboundRouteRequired: False, IsFastEntryRecord: False, CreatedOn: 09/28/2026 10:43:35, CreatedByUserId: 76e80919-b8f8-4b8b-8c36-a8da9f9a0f25, ModifiedOn: , ModifiedByUserId: , DeletedOn: , DeletedByUserId: , RecordState: 1, OwnerId: 0fa7b76f-47ba-4138-8f96-671400fd7c83, OwnershipType: 2, IsDeleted: False, Id: 33f04d30-9d5b-4645-b2a9-6705a4aeffe5,  <- Location]

2026-09-28 10:43:38.7390 FLS.Server.Data.FLSDataEntities Insert Flight with data: Glider-Flight: , Pilot: , Flight-Date: 09/28/2026, Starttime: 10:00, LdgTime: 10:30, Nr of Ldgs: 1/0, Flight-Air-State: 20, Flight-Process-State: 0
2026-09-28 10:43:38.7688 FLS.Server.Data.FLSDataEntities Insert FlightCrew with data: [FlightCrew -> FlightCrewId: 34a01e27-1bf7-4618-92d3-560af159d05d, FlightId: 00000000-0000-0000-0000-000000000000, PersonId: ea1f94f8-17c1-419d-8166-ea8e9352c8dd, FlightCrewTypeId: 1, BeginFlightDateTime: 09/28/2026 10:00:00, EndFlightDateTime: 09/28/2026 10:30:00, BeginInstructionDateTime: , EndInstructionDateTime: , NrOfLdgs: 1, NrOfStarts: , CreatedOn: 09/28/2026 10:43:38, CreatedByUserId: 76e80919-b8f8-4b8b-8c36-a8da9f9a0f25, ModifiedOn: , ModifiedByUserId: , DeletedOn: , DeletedByUserId: , RecordState: 1, OwnerId: 0fa7b76f-47ba-4138-8f96-671400fd7c83, OwnershipType: 2, IsDeleted: False, Id: 34a01e27-1bf7-4618-92d3-560af159d05d, HasPerson: True,  <- FlightCrew]

2026-09-28 10:43:38.8684 FLS.Server.Data.FLSDataEntities Insert AccountingRuleFilter with data: [AccountingRuleFilter -> AccountingRuleFilterId: d2438849-939f-49f6-883b-db08166f1603, ClubId: 0fa7b76f-47ba-4138-8f96-671400fd7c83, AccountingRuleFilterTypeId: 30, RuleFilterName: J-8-parity mul4dhkn, Description: J-8 legacy parity rule (article target), IsActive: True, SortIndicator: 0, ArticleTarget: {"ArticleNumber":"5001","DeliveryLineText":"Glider flight minutes"}, RecipientTarget: , StopRuleEngineWhenRuleApplied: False, IsRuleForGliderFlights: True, IsRuleForTowingFlights: False, IsRuleForMotorFlights: False, UseRuleForAllAircraftsExceptListed: True, MatchedAircraftImmatriculations: [], UseRuleForAllStartTypesExceptListed: True, MatchedStartTypes: [], UseRuleForAllFlightTypesExceptListed: True, MatchedFlightTypeCodes: [], ExtendMatchingFlightTypeCodesToGliderAndTowFlight: False, UseRuleForAllStartLocationsExceptListed: True, MatchedStartLocations: [], UseRuleForAllLdgLocationsExceptListed: True, MatchedLdgLocations: [], UseRuleForAllClubMemberNumbersExceptListed: True, MatchedClubMemberNumbers: [], UseRuleForAllFlightCrewTypesExceptListed: True, MatchedFlightCrewTypes: [], UseRuleForAllAircraftsOnHomebaseExceptListed: True, MatchedAircraftsHomebase: [], UseRuleForAllMemberStatesExceptListed: True, MatchedMemberStates: [], UseRuleForAllPersonCategoriesExceptListed: True, MatchedPersonCategories: [], IsChargedToClubInternal: False, MinFlightTimeInSecondsMatchingValue: 0, MaxFlightTimeInSecondsMatchingValue: 2147483647, MinEngineTimeInSecondsMatchingValue: 0, MaxEngineTimeInSecondsMatchingValue: 2147483647, IncludeThresholdText: False, ThresholdText: , IncludeFlightTypeName: False, NoLandingTaxForGlider: False, NoLandingTaxForTowingAircraft: False, NoLandingTaxForAircraft: False, AccountingUnitTypeId: 10, CreatedOn: 09/28/2026 10:43:38, CreatedByUserId: 76e80919-b8f8-4b8b-8c36-a8da9f9a0f25, ModifiedOn: , ModifiedByUserId: , DeletedOn: , DeletedByUserId: , RecordState: 1, OwnerId: 0fa7b76f-47ba-4138-8f96-671400fd7c83, OwnershipType: 2, IsDeleted: False, Id: d2438849-939f-49f6-883b-db08166f1603,  <- AccountingRuleFilter]

2026-09-28 10:43:40.1260 FLS.Server.Data.FLSDataEntities Update Club with data: [Club -> ClubId: 0fa7b76f-47ba-4138-8f96-671400fd7c83, Clubname: Test-Club, ClubKey: TestClub, Address: Flugplatz Test, Zip: 5556, City: Zürich, CountryId: 77cc3be6-95db-11e0-b104-e7f04724019b, Phone: 044 333 44 55, FaxNumber: 044 666 55 44, Email: info@club.ch, WebPage: www.club.ch, Contact: Sekretariat, HomebaseId: 33f04d30-9d5b-4645-b2a9-6705a4aeffe5, DefaultStartTypeId: , DefaultGliderFlightTypeId: , DefaultTowFlightTypeId: , DefaultMotorFlightTypeId: , SendAircraftStatisticReportTo: , SendPlanningDayInfoMailTo: test@glider-fls.ch, SendDeliveryMailExportTo: test@glider-fls.ch, SendTrialFlightRegistrationOperatorEmailTo: trial-organizer@e2e.fls.local, SendPassengerFlightRegistrationOperatorEmailTo: passenger-organizer@e2e.fls.local, ReplyToEmailAddress: , RunDeliveryCreationJob: True, RunDeliveryMailExportJob: False, LastPersonSynchronisationOn: , LastDeliverySynchronisationOn: , LastArticleSynchronisationOn: , ClubStateId: 1, IsClubMemberNumberReadonly: True, CreatedOn: 09/28/2026 10:39:59, CreatedByUserId: 13731ee2-c1d8-455c-8ad1-c39399893fff, ModifiedOn: 09/28/2026 10:43:40, ModifiedByUserId: 76e80919-b8f8-4b8b-8c36-a8da9f9a0f25, DeletedOn: , DeletedByUserId: , RecordState: 1, OwnerId: a1dde2cb-6326-4bb2-897d-7cfc118e842b, OwnershipType: 2, IsDeleted: False, DoNotUpdateMetaData: False, Id: 0fa7b76f-47ba-4138-8f96-671400fd7c83, HomebaseName: ,  <- Club]

2026-09-28 10:43:43.5205 FLS.Server.Data.FLSDataEntities Delete AccountingRuleFilter with Data: [AccountingRuleFilter -> AccountingRuleFilterId: d2438849-939f-49f6-883b-db08166f1603, ClubId: 0fa7b76f-47ba-4138-8f96-671400fd7c83, AccountingRuleFilterTypeId: 30, RuleFilterName: J-8-parity mul4dhkn, Description: J-8 legacy parity rule (article target), IsActive: True, SortIndicator: 0, ArticleTarget: {"ArticleNumber":"5001","DeliveryLineText":"Glider flight minutes"}, RecipientTarget: , StopRuleEngineWhenRuleApplied: False, IsRuleForGliderFlights: True, IsRuleForTowingFlights: False, IsRuleForMotorFlights: False, UseRuleForAllAircraftsExceptListed: True, MatchedAircraftImmatriculations: [], UseRuleForAllStartTypesExceptListed: True, MatchedStartTypes: [], UseRuleForAllFlightTypesExceptListed: True, MatchedFlightTypeCodes: [], ExtendMatchingFlightTypeCodesToGliderAndTowFlight: False, UseRuleForAllStartLocationsExceptListed: True, MatchedStartLocations: [], UseRuleForAllLdgLocationsExceptListed: True, MatchedLdgLocations: [], UseRuleForAllClubMemberNumbersExceptListed: True, MatchedClubMemberNumbers: [], UseRuleForAllFlightCrewTypesExceptListed: True, MatchedFlightCrewTypes: [], UseRuleForAllAircraftsOnHomebaseExceptListed: True, MatchedAircraftsHomebase: [], UseRuleForAllMemberStatesExceptListed: True, MatchedMemberStates: [], UseRuleForAllPersonCategoriesExceptListed: True, MatchedPersonCategories: [], IsChargedToClubInternal: False, MinFlightTimeInSecondsMatchingValue: 0, MaxFlightTimeInSecondsMatchingValue: 2147483647, MinEngineTimeInSecondsMatchingValue: 0, MaxEngineTimeInSecondsMatchingValue: 2147483647, IncludeThresholdText: False, ThresholdText: , IncludeFlightTypeName: False, NoLandingTaxForGlider: False, NoLandingTaxForTowingAircraft: False, NoLandingTaxForAircraft: False, AccountingUnitTypeId: , CreatedOn: 09/28/2026 10:43:38, CreatedByUserId: 76e80919-b8f8-4b8b-8c36-a8da9f9a0f25, ModifiedOn: , ModifiedByUserId: , DeletedOn: 09/28/2026 10:43:43, DeletedByUserId: 76e80919-b8f8-4b8b-8c36-a8da9f9a0f25, RecordState: 99, OwnerId: 0fa7b76f-47ba-4138-8f96-671400fd7c83, OwnershipType: 2, IsDeleted: False, Id: d2438849-939f-49f6-883b-db08166f1603,  <- AccountingRuleFilter]

2026-09-28 10:43:44.4985 FLS.Server.Service.BaseService Get 2 AccountingRuleFilters of clubId: 0fa7b76f-47ba-4138-8f96-671400fd7c83
2026-09-28 10:43:44.5243 FLS.Server.Service.BaseService Start creating accounting for flight: Glider-Flight: HB-3407, Pilot: Bonzli Lenni, Flight-Date: 09/28/2026, Starttime: 10:00, LdgTime: 10:30, Flightcode: 60, Nr of Ldgs: 1/0, Flight-Air-State: 20, Flight-Process-State: 0 using 2 recipient rule filters and 2 accounting line rule filters.
2026-09-28 10:43:44.5339 FLS.Server.Service.RulesEngine.BaseRule NOT applied rule FlightCostPaidByPersonRule, Nr of Conditions=1, RuleApplied=False, StopRuleEngineWhenRuleApplied=False
2026-09-28 10:43:44.5651 FLS.Server.Service.RulesEngine.BaseRule Applied rule FlightCostPaidByPilotRule, Nr of Conditions=1, RuleApplied=True, StopRuleEngineWhenRuleApplied=False
2026-09-28 10:43:44.5776 FLS.Server.Service.RulesEngine.BaseRule Applied rule FlightDeliveryInfoRule, Nr of Conditions=1, RuleApplied=True, StopRuleEngineWhenRuleApplied=False
2026-09-28 10:43:44.5830 FLS.Server.Service.RulesEngine.BaseRule Applied rule AdditionalInfoRule, Nr of Conditions=1, RuleApplied=True, StopRuleEngineWhenRuleApplied=False
2026-09-28 10:43:44.6407 FLS.Server.Service.Accounting.Rules.BaseAccountingRule Added new delivery item line to Delivery. Line: Pos: 1 Product: 5001 Text: HB-3407 Glider flight minutes Qty: 30 of type: Minuten Discount: 0% Add. Info: 
2026-09-28 10:43:44.6582 FLS.Server.Service.Accounting.Rules.BaseAccountingRule Applied rule AircraftFlightTimeRule, Nr of Conditions=2, RuleApplied=True, StopRuleEngineWhenRuleApplied=False, Rule-Filter: FlightTime: Glider per minute of type: FLS.Server.Service.Accounting.Rules.ItemRules.AircraftFlightTimeRule has conditions: '(1 EQUALS 1 ==> True),(Value: 1800 is BETWEEN 0 and 2147483647 (incl. minValue = False; maxValue = True ==> True)' for Flight: Glider-Flight: HB-3407, Pilot: Bonzli Lenni, Flight-Date: 09/28/2026, Starttime: 10:00, LdgTime: 10:30, Flightcode: 60, Nr of Ldgs: 1/0, Flight-Air-State: 20, Flight-Process-State: 0
2026-09-28 10:43:44.6732 FLS.Server.Service.Accounting.Rules.BaseAccountingRule Added new delivery item line to delivery. Line: Pos: 2 Product: 6001 Text: Landegebuehr LSZK Qty: 1 of type: Landung Discount: 0% Add. Info: 
2026-09-28 10:43:44.6976 FLS.Server.Service.Accounting.Rules.BaseAccountingRule Applied rule LandingTaxRule, Nr of Conditions=3, RuleApplied=True, StopRuleEngineWhenRuleApplied=False, Rule-Filter: LandingTax: LSZK of type: FLS.Server.Service.Accounting.Rules.ItemRules.LandingTaxRule has conditions: '(1 EQUALS 1 ==> True),(collection: 'b6121bfe-207e-4295-acff-f8c27835d626' CONTAINS key: b6121bfe-207e-4295-acff-f8c27835d626 ==> True),(Value: 1800 is BETWEEN 0 and 9223372036854775807 (incl. minValue = False; maxValue = True ==> True)' for Flight: Glider-Flight: HB-3407, Pilot: Bonzli Lenni, Flight-Date: 09/28/2026, Starttime: 10:00, LdgTime: 10:30, Flightcode: 60, Nr of Ldgs: 1/0, Flight-Air-State: 20, Flight-Process-State: 0
2026-09-28 10:43:44.7149 FLS.Server.Service.Accounting.Rules.BaseAccountingRule NOT applied rule LandingTaxOnStartLocationRule, Nr of Conditions=3, RuleApplied=False, StopRuleEngineWhenRuleApplied=False, Rule-Filter: LandingTax: LSZK of type: FLS.Server.Service.Accounting.Rules.ItemRules.LandingTaxOnStartLocationRule has conditions: '(1 EQUALS 1 ==> True),(False EQUALS True ==> False),(Value: 1800 is BETWEEN 0 and 9223372036854775807 (incl. minValue = False; maxValue = True ==> True)' for Flight: Glider-Flight: HB-3407, Pilot: Bonzli Lenni, Flight-Date: 09/28/2026, Starttime: 10:00, LdgTime: 10:30, Flightcode: 60, Nr of Ldgs: 1/0, Flight-Air-State: 20, Flight-Process-State: 0
2026-09-28 10:43:44.7337 FLS.Server.Service.BaseService Created accounting for Bonzli Lenni: Flight-Date: 09/28/2026 Aircraft: HB-3407 Nr of Lines: 2
2026-09-28 10:43:50.0040 FLS.Server.WebApi.ActionFilters.UnhandledExceptionFilterAttribute HttpStatusCode: InternalServerError with error message: Value cannot be null.
Parameter name: entity, Exception: System.ArgumentNullException: Value cannot be null.
Parameter name: entity
  at FLS.Common.Validators.Guard.ArgumentNotNull[T] (T argument, System.String argumentName) [0x0000f] in <0c5f74c2eade45f8985defb9a1998c56>:0 
  at FLS.Server.Data.Mapping.AccountingRuleFilterMappingExtensions.ToAccountingRuleFilterDetails (FLS.Server.Data.DbEntities.AccountingRuleFilter entity, System.Collections.Generic.List`1[T] aircraftListItems, System.Collections.Generic.List`1[T] locationListItems, FLS.Data.WebApi.Accounting.RuleFilters.AccountingRuleFilterDetails details) [0x00001] in <4dc9cb16476a439b88ee5c713f654fb0>:0 
  at FLS.Server.Service.Accounting.AccountingRuleService.GetAccountingRuleFilterDetails (System.Guid accountingRuleFilterId) [0x0010c] in <4c901c8bc32e45b4b64fedc4c20a1dd6>:0 
  at FLS.Server.WebApi.Controllers.AccountingRuleFiltersController.GetAccountingRuleFilterDetails (System.Guid accountingRuleFilterId) [0x00001] in <1bc737b9f479432b884a1e05f137f086>:0 
  at (wrapper dynamic-method) System.Object.lambda_method(System.Runtime.CompilerServices.Closure,object,object[])
  at System.Web.Http.Controllers.ReflectedHttpActionDescriptor+ActionExecutor+<>c__DisplayClass6_2.<GetExecutor>b__2 (System.Object instance, System.Object[] methodParameters) [0x00000] in <4f8d88aa02d546f6963914471854cb7c>:0 
  at System.Web.Http.Controllers.ReflectedHttpActionDescriptor+ActionExecutor.Execute (System.Object instance, System.Object[] arguments) [0x00000] in <4f8d88aa02d546f6963914471854cb7c>:0 
  at System.Web.Http.Controllers.ReflectedHttpActionDescriptor.ExecuteAsync (System.Web.Http.Controllers.HttpControllerContext controllerContext, System.Collections.Generic.IDictionary`2[TKey,TValue] arguments, System.Threading.CancellationToken cancellationToken) [0x00046] in <4f8d88aa02d546f6963914471854cb7c>:0 
--- End of stack trace from previous location where exception was thrown ---

  at System.Web.Http.Controllers.ApiControllerActionInvoker.InvokeActionAsyncCore (System.Web.Http.Controllers.HttpActionContext actionContext, System.Threading.CancellationToken cancellationToken) [0x000ab] in <4f8d88aa02d546f6963914471854cb7c>:0 
  at System.Web.Http.Filters.ActionFilterAttribute.CallOnActionExecutedAsync (System.Web.Http.Controllers.HttpActionContext actionContext, System.Threading.CancellationToken cancellationToken, System.Func`1[TResult] continuation) [0x00091] in <4f8d88aa02d546f6963914471854cb7c>:0 
  at System.Web.Http.Filters.ActionFilterAttribute.CallOnActionExecutedAsync (System.Web.Http.Controllers.HttpActionContext actionContext, System.Threading.CancellationToken cancellationToken, System.Func`1[TResult] continuation) [0x001ad] in <4f8d88aa02d546f6963914471854cb7c>:0 
  at System.Web.Http.Filters.ActionFilterAttribute.ExecuteActionFilterAsyncCore (System.Web.Http.Controllers.HttpActionContext actionContext, System.Threading.CancellationToken cancellationToken, System.Func`1[TResult] continuation) [0x00103] in <4f8d88aa02d546f6963914471854cb7c>:0 
  at System.Web.Http.Filters.ActionFilterAttribute.CallOnActionExecutedAsync (System.Web.Http.Controllers.HttpActionContext actionContext, System.Threading.CancellationToken cancellationToken, System.Func`1[TResult] continuation) [0x00091] in <4f8d88aa02d546f6963914471854cb7c>:0 
  at System.Web.Http.Filters.ActionFilterAttribute.CallOnActionExecutedAsync (System.Web.Http.Controllers.HttpActionContext actionContext, System.Threading.CancellationToken cancellationToken, System.Func`1[TResult] continuation) [0x001ad] in <4f8d88aa02d546f6963914471854cb7c>:0 
  at System.Web.Http.Filters.ActionFilterAttribute.ExecuteActionFilterAsyncCore (System.Web.Http.Controllers.HttpActionContext actionContext, System.Threading.CancellationToken cancellationToken, System.Func`1[TResult] continuation) [0x00103] in <4f8d88aa02d546f6963914471854cb7c>:0 
  at System.Web.Http.Filters.ActionFilterAttribute.CallOnActionExecutedAsync (System.Web.Http.Controllers.HttpActionContext actionContext, System.Threading.CancellationToken cancellationToken, System.Func`1[TResult] continuation) [0x00091] in <4f8d88aa02d546f6963914471854cb7c>:0 
  at System.Web.Http.Filters.ActionFilterAttribute.CallOnActionExecutedAsync (System.Web.Http.Controllers.HttpActionContext actionContext, System.Threading.CancellationToken cancellationToken, System.Func`1[TResult] continuation) [0x001ad] in <4f8d88aa02d546f6963914471854cb7c>:0 
  at System.Web.Http.Filters.ActionFilterAttribute.ExecuteActionFilterAsyncCore (System.Web.Http.Controllers.HttpActionContext actionContext, System.Threading.CancellationToken cancellationToken, System.Func`1[TResult] continuation) [0x00103] in <4f8d88aa02d546f6963914471854cb7c>:0 
  at System.Web.Http.Filters.ActionFilterAttribute.CallOnActionExecutedAsync (System.Web.Http.Controllers.HttpActionContext actionContext, System.Threading.CancellationToken cancellationToken, System.Func`1[TResult] continuation) [0x00091] in <4f8d88aa02d546f6963914471854cb7c>:0 
  at System.Web.Http.Filters.ActionFilterAttribute.CallOnActionExecutedAsync (System.Web.Http.Controllers.HttpActionContext actionContext, System.Threading.CancellationToken cancellationToken, System.Func`1[TResult] continuation) [0x001ad] in <4f8d88aa02d546f6963914471854cb7c>:0 
  at System.Web.Http.Filters.ActionFilterAttribute.ExecuteActionFilterAsyncCore (System.Web.Http.Controllers.HttpActionContext actionContext, System.Threading.CancellationToken cancellationToken, System.Func`1[TResult] continuation) [0x00103] in <4f8d88aa02d546f6963914471854cb7c>:0 
  at System.Web.Http.Controllers.ActionFilterResult.ExecuteAsync (System.Threading.CancellationToken cancellationToken) [0x001a4] in <4f8d88aa02d546f6963914471854cb7c>:0 
  at System.Web.Http.Filters.AuthorizationFilterAttribute.ExecuteAuthorizationFilterAsyncCore (System.Web.Http.Controllers.HttpActionContext actionContext, System.Threading.CancellationToken cancellationToken, System.Func`1[TResult] continuation) [0x000f3] in <4f8d88aa02d546f6963914471854cb7c>:0 
  at System.Web.Http.Controllers.AuthenticationFilterResult.ExecuteAsync (System.Threading.CancellationToken cancellationToken) [0x00265] in <4f8d88aa02d546f6963914471854cb7c>:0 
  at System.Web.Http.Controllers.ExceptionFilterResult.ExecuteAsync (System.Threading.CancellationToken cancellationToken) [0x00087] in <4f8d88aa02d546f6963914471854cb7c>:0 , InnerException: 
2026-09-28 10:43:50.2976 FLS.Server.WebApi.ActionFilters.UnhandledExceptionFilterAttribute HttpStatusCode: InternalServerError with error message: Object reference not set to an instance of an object, Exception: System.NullReferenceException: Object reference not set to an instance of an object
  at System.Linq.Expressions.Compiler.LambdaCompiler.EmitMethodCall (System.Linq.Expressions.Expression obj, System.Reflection.MethodInfo method, System.Linq.Expressions.IArgumentProvider methodCallExpr, System.Linq.Expressions.Compiler.LambdaCompiler+CompilationFlags flags) [0x00002] in <69ada62907b24213a012734531df1db1>:0 
  at System.Linq.Expressions.Compiler.LambdaCompiler.EmitInvocationExpression (System.Linq.Expressions.Expression expr, System.Linq.Expressions.Compiler.LambdaCompiler+CompilationFlags flags) [0x0002d] in <69ada62907b24213a012734531df1db1>:0 
  at System.Linq.Expressions.Compiler.LambdaCompiler.EmitExpression (System.Linq.Expressions.Expression node, System.Linq.Expressions.Compiler.LambdaCompiler+CompilationFlags flags) [0x00263] in <69ada62907b24213a012734531df1db1>:0 
  at System.Linq.Expressions.Compiler.LambdaCompiler.EmitExpression (System.Linq.Expressions.Expression node) [0x00000] in <69ada62907b24213a012734531df1db1>:0 
  at System.Linq.Expressions.Compiler.LambdaCompiler.EmitInstance (System.Linq.Expressions.Expression instance, System.Type& type) [0x00035] in <69ada62907b24213a012734531df1db1>:0 
  at System.Linq.Expressions.Compiler.LambdaCompiler.EmitMemberExpression (System.Linq.Expressions.Expression expr) [0x00018] in <69ada62907b24213a012734531df1db1>:0 
  at System.Linq.Expressions.Compiler.LambdaCompiler.EmitExpression (System.Linq.Expressions.Expression node, System.Linq.Expressions.Compiler.LambdaCompiler+CompilationFlags flags) [0x00288] in <69ada62907b24213a012734531df1db1>:0 
  at System.Linq.Expressions.Compiler.LambdaCompiler.EmitLambdaBody (System.Linq.Expressions.Compiler.CompilerScope parent, System.Boolean inlined, System.Linq.Expressions.Compiler.LambdaCompiler+CompilationFlags flags) [0x00085] in <69ada62907b24213a012734531df1db1>:0 
  at System.Linq.Expressions.Compiler.LambdaCompiler.EmitLambdaBody () [0x0001a] in <69ada62907b24213a012734531df1db1>:0 
  at System.Linq.Expressions.Compiler.LambdaCompiler.Compile (System.Linq.Expressions.LambdaExpression lambda) [0x00013] in <69ada62907b24213a012734531df1db1>:0 
  at System.Linq.Expressions.LambdaExpression.Compile (System.Boolean preferInterpretation) [0x00000] in <69ada62907b24213a012734531df1db1>:0 
  at System.Linq.Expressions.LambdaExpression.Compile () [0x00000] in <69ada62907b24213a012734531df1db1>:0 
  at System.Data.Entity.Core.Objects.ELinq.QueryParameterExpression.EvaluateParameter (System.Object[] arguments) [0x0008d] in <b7b192e5a05f4f14a14aa0d5b14aeeeb>:0 
  at System.Data.Entity.Core.Objects.ELinq.ELinqQueryState.GetExecutionPlan (System.Nullable`1[T] forMergeOption) [0x002e5] in <b7b192e5a05f4f14a14aa0d5b14aeeeb>:0 
  at System.Data.Entity.Core.Objects.ObjectQuery`1+<>c__DisplayClass7[T].<GetResults>b__6 () [0x0000b] in <b7b192e5a05f4f14a14aa0d5b14aeeeb>:0 
  at System.Data.Entity.Core.Objects.ObjectContext.ExecuteInTransaction[T] (System.Func`1[TResult] func, System.Data.Entity.Infrastructure.IDbExecutionStrategy executionStrategy, System.Boolean startLocalTransaction, System.Boolean releaseConnectionOnSuccess) [0x0008a] in <b7b192e5a05f4f14a14aa0d5b14aeeeb>:0 
  at System.Data.Entity.Core.Objects.ObjectQuery`1+<>c__DisplayClass7[T].<GetResults>b__5 () [0x00033] in <b7b192e5a05f4f14a14aa0d5b14aeeeb>:0 
  at System.Data.Entity.SqlServer.DefaultSqlExecutionStrategy.Execute[TResult] (System.Func`1[TResult] operation) [0x00036] in <5c51bb66ce2c412d8224b39ad2626fbe>:0 
  at System.Data.Entity.Core.Objects.ObjectQuery`1[T].GetResults (System.Nullable`1[T] forMergeOption) [0x00093] in <b7b192e5a05f4f14a14aa0d5b14aeeeb>:0 
  at System.Data.Entity.Core.Objects.ObjectQuery`1[T].<System.Collections.Generic.IEnumerable<T>.GetEnumerator>b__0 () [0x00000] in <b7b192e5a05f4f14a14aa0d5b14aeeeb>:0 
  at System.Data.Entity.Internal.LazyEnumerator`1[T].MoveNext () [0x00008] in <b7b192e5a05f4f14a14aa0d5b14aeeeb>:0 
  at System.Collections.Generic.List`1[T].AddEnumerable (System.Collections.Generic.IEnumerable`1[T] enumerable) [0x00059] in <d636f104d58046fd9b195699bcb1a744>:0 
  at System.Collections.Generic.List`1[T]..ctor (System.Collections.Generic.IEnumerable`1[T] collection) [0x00062] in <d636f104d58046fd9b195699bcb1a744>:0 
  at System.Linq.Enumerable.ToList[TSource] (System.Collections.Generic.IEnumerable`1[T] source) [0x00018] in <69ada62907b24213a012734531df1db1>:0 
  at FLS.Server.Service.Accounting.AccountingRuleService.GetPagedAccountingRuleFilterOverview (System.Nullable`1[T] pageStart, System.Nullable`1[T] pageSize, FLS.Data.WebApi.PageableSearchFilter`1[T] pageableSearchFilter) [0x00646] in <4c901c8bc32e45b4b64fedc4c20a1dd6>:0 
  at FLS.Server.WebApi.Controllers.AccountingRuleFiltersController.GetPagedAccountingRuleFilterOverview (FLS.Data.WebApi.PageableSearchFilter`1[T] pageableSearchFilter, System.Nullable`1[T] pageStart, System.Nullable`1[T] pageSize) [0x00001] in <1bc737b9f479432b884a1e05f137f086>:0 
  at (wrapper dynamic-method) System.Object.lambda_method(System.Runtime.CompilerServices.Closure,object,object[])
  at System.Web.Http.Controllers.ReflectedHttpActionDescriptor+ActionExecutor+<>c__DisplayClass6_2.<GetExecutor>b__2 (System.Object instance, System.Object[] methodParameters) [0x00000] in <4f8d88aa02d546f6963914471854cb7c>:0 
  at System.Web.Http.Controllers.ReflectedHttpActionDescriptor+ActionExecutor.Execute (System.Object instance, System.Object[] arguments) [0x00000] in <4f8d88aa02d546f6963914471854cb7c>:0 
  at System.Web.Http.Controllers.ReflectedHttpActionDescriptor.ExecuteAsync (System.Web.Http.Controllers.HttpControllerContext controllerContext, System.Collections.Generic.IDictionary`2[TKey,TValue] arguments, System.Threading.CancellationToken cancellationToken) [0x00046] in <4f8d88aa02d546f6963914471854cb7c>:0 
--- End of stack trace from previous location where exception was thrown ---

  at System.Web.Http.Controllers.ApiControllerActionInvoker.InvokeActionAsyncCore (System.Web.Http.Controllers.HttpActionContext actionContext, System.Threading.CancellationToken cancellationToken) [0x000ab] in <4f8d88aa02d546f6963914471854cb7c>:0 
  at System.Web.Http.Filters.ActionFilterAttribute.CallOnActionExecutedAsync (System.Web.Http.Controllers.HttpActionContext actionContext, System.Threading.CancellationToken cancellationToken, System.Func`1[TResult] continuation) [0x00091] in <4f8d88aa02d546f6963914471854cb7c>:0 
  at System.Web.Http.Filters.ActionFilterAttribute.CallOnActionExecutedAsync (System.Web.Http.Controllers.HttpActionContext actionContext, System.Threading.CancellationToken cancellationToken, System.Func`1[TResult] continuation) [0x001ad] in <4f8d88aa02d546f6963914471854cb7c>:0 
  at System.Web.Http.Filters.ActionFilterAttribute.ExecuteActionFilterAsyncCore (System.Web.Http.Controllers.HttpActionContext actionContext, System.Threading.CancellationToken cancellationToken, System.Func`1[TResult] continuation) [0x00103] in <4f8d88aa02d546f6963914471854cb7c>:0 
  at System.Web.Http.Filters.ActionFilterAttribute.CallOnActionExecutedAsync (System.Web.Http.Controllers.HttpActionContext actionContext, System.Threading.CancellationToken cancellationToken, System.Func`1[TResult] continuation) [0x00091] in <4f8d88aa02d546f6963914471854cb7c>:0 
  at System.Web.Http.Filters.ActionFilterAttribute.CallOnActionExecutedAsync (System.Web.Http.Controllers.HttpActionContext actionContext, System.Threading.CancellationToken cancellationToken, System.Func`1[TResult] continuation) [0x001ad] in <4f8d88aa02d546f6963914471854cb7c>:0 
  at System.Web.Http.Filters.ActionFilterAttribute.ExecuteActionFilterAsyncCore (System.Web.Http.Controllers.HttpActionContext actionContext, System.Threading.CancellationToken cancellationToken, System.Func`1[TResult] continuation) [0x00103] in <4f8d88aa02d546f6963914471854cb7c>:0 
  at System.Web.Http.Filters.ActionFilterAttribute.CallOnActionExecutedAsync (System.Web.Http.Controllers.HttpActionContext actionContext, System.Threading.CancellationToken cancellationToken, System.Func`1[TResult] continuation) [0x00091] in <4f8d88aa02d546f6963914471854cb7c>:0 
  at System.Web.Http.Filters.ActionFilterAttribute.CallOnActionExecutedAsync (System.Web.Http.Controllers.HttpActionContext actionContext, System.Threading.CancellationToken cancellationToken, System.Func`1[TResult] continuation) [0x001ad] in <4f8d88aa02d546f6963914471854cb7c>:0 
  at System.Web.Http.Filters.ActionFilterAttribute.ExecuteActionFilterAsyncCore (System.Web.Http.Controllers.HttpActionContext actionContext, System.Threading.CancellationToken cancellationToken, System.Func`1[TResult] continuation) [0x00103] in <4f8d88aa02d546f6963914471854cb7c>:0 
  at System.Web.Http.Filters.ActionFilterAttribute.CallOnActionExecutedAsync (System.Web.Http.Controllers.HttpActionContext actionContext, System.Threading.CancellationToken cancellationToken, System.Func`1[TResult] continuation) [0x00091] in <4f8d88aa02d546f6963914471854cb7c>:0 
  at System.Web.Http.Filters.ActionFilterAttribute.CallOnActionExecutedAsync (System.Web.Http.Controllers.HttpActionContext actionContext, System.Threading.CancellationToken cancellationToken, System.Func`1[TResult] continuation) [0x001ad] in <4f8d88aa02d546f6963914471854cb7c>:0 
  at System.Web.Http.Filters.ActionFilterAttribute.ExecuteActionFilterAsyncCore (System.Web.Http.Controllers.HttpActionContext actionContext, System.Threading.CancellationToken cancellationToken, System.Func`1[TResult] continuation) [0x00103] in <4f8d88aa02d546f6963914471854cb7c>:0 
  at System.Web.Http.Controllers.ActionFilterResult.ExecuteAsync (System.Threading.CancellationToken cancellationToken) [0x001a4] in <4f8d88aa02d546f6963914471854cb7c>:0 
  at System.Web.Http.Filters.AuthorizationFilterAttribute.ExecuteAuthorizationFilterAsyncCore (System.Web.Http.Controllers.HttpActionContext actionContext, System.Threading.CancellationToken cancellationToken, System.Func`1[TResult] continuation) [0x000f3] in <4f8d88aa02d546f6963914471854cb7c>:0 
  at System.Web.Http.Controllers.AuthenticationFilterResult.ExecuteAsync (System.Threading.CancellationToken cancellationToken) [0x00265] in <4f8d88aa02d546f6963914471854cb7c>:0 
  at System.Web.Http.Controllers.ExceptionFilterResult.ExecuteAsync (System.Threading.CancellationToken cancellationToken) [0x00087] in <4f8d88aa02d546f6963914471854cb7c>:0 , InnerException: 
2026-09-28 10:43:50.5486 FLS.Server.Data.FLSDataEntities Insert AccountingRuleFilter with data: [AccountingRuleFilter -> AccountingRuleFilterId: 8aa47205-55ce-4f4f-8d97-602be5d4a1bd, ClubId: 0fa7b76f-47ba-4138-8f96-671400fd7c83, AccountingRuleFilterTypeId: 30, RuleFilterName: E2E accounting-rules-edit-accounting-rules-create-flighttime-rul, Description: created by e2e, IsActive: True, SortIndicator: 0, ArticleTarget: {"ArticleNumber":"5001","DeliveryLineText":"Glider flight minutes"}, RecipientTarget: , StopRuleEngineWhenRuleApplied: False, IsRuleForGliderFlights: True, IsRuleForTowingFlights: False, IsRuleForMotorFlights: False, UseRuleForAllAircraftsExceptListed: False, MatchedAircraftImmatriculations: ["HB-3407"], UseRuleForAllStartTypesExceptListed: True, MatchedStartTypes: [], UseRuleForAllFlightTypesExceptListed: True, MatchedFlightTypeCodes: [], ExtendMatchingFlightTypeCodesToGliderAndTowFlight: False, UseRuleForAllStartLocationsExceptListed: True, MatchedStartLocations: [], UseRuleForAllLdgLocationsExceptListed: True, MatchedLdgLocations: [], UseRuleForAllClubMemberNumbersExceptListed: True, MatchedClubMemberNumbers: [], UseRuleForAllFlightCrewTypesExceptListed: True, MatchedFlightCrewTypes: [], UseRuleForAllAircraftsOnHomebaseExceptListed: True, MatchedAircraftsHomebase: [], UseRuleForAllMemberStatesExceptListed: True, MatchedMemberStates: [], UseRuleForAllPersonCategoriesExceptListed: True, MatchedPersonCategories: [], IsChargedToClubInternal: False, MinFlightTimeInSecondsMatchingValue: 0, MaxFlightTimeInSecondsMatchingValue: 2147483647, MinEngineTimeInSecondsMatchingValue: 0, MaxEngineTimeInSecondsMatchingValue: 2147483647, IncludeThresholdText: False, ThresholdText: , IncludeFlightTypeName: False, NoLandingTaxForGlider: False, NoLandingTaxForTowingAircraft: False, NoLandingTaxForAircraft: False, AccountingUnitTypeId: 10, CreatedOn: 09/28/2026 10:43:50, CreatedByUserId: 76e80919-b8f8-4b8b-8c36-a8da9f9a0f25, ModifiedOn: , ModifiedByUserId: , DeletedOn: , DeletedByUserId: , RecordState: 1, OwnerId: 0fa7b76f-47ba-4138-8f96-671400fd7c83, OwnershipType: 2, IsDeleted: False, Id: 8aa47205-55ce-4f4f-8d97-602be5d4a1bd,  <- AccountingRuleFilter]

2026-09-28 10:43:50.6624 FLS.Server.Data.FLSDataEntities Update AccountingRuleFilter with data: [AccountingRuleFilter -> AccountingRuleFilterId: f1500004-0000-0000-0000-000000000002, ClubId: 0fa7b76f-47ba-4138-8f96-671400fd7c83, AccountingRuleFilterTypeId: 30, RuleFilterName: FlightTime: Glider per minute, Description: Billed per glider minute (test fixture), IsActive: False, SortIndicator: 20, ArticleTarget: {"ArticleNumber":"5001","DeliveryLineText":"Glider flight minutes"}, RecipientTarget: , StopRuleEngineWhenRuleApplied: False, IsRuleForGliderFlights: True, IsRuleForTowingFlights: False, IsRuleForMotorFlights: False, UseRuleForAllAircraftsExceptListed: True, MatchedAircraftImmatriculations: [], UseRuleForAllStartTypesExceptListed: True, MatchedStartTypes: [], UseRuleForAllFlightTypesExceptListed: True, MatchedFlightTypeCodes: [], ExtendMatchingFlightTypeCodesToGliderAndTowFlight: False, UseRuleForAllStartLocationsExceptListed: True, MatchedStartLocations: [], UseRuleForAllLdgLocationsExceptListed: True, MatchedLdgLocations: [], UseRuleForAllClubMemberNumbersExceptListed: True, MatchedClubMemberNumbers: [], UseRuleForAllFlightCrewTypesExceptListed: True, MatchedFlightCrewTypes: [], UseRuleForAllAircraftsOnHomebaseExceptListed: True, MatchedAircraftsHomebase: [], UseRuleForAllMemberStatesExceptListed: True, MatchedMemberStates: [], UseRuleForAllPersonCategoriesExceptListed: True, MatchedPersonCategories: [], IsChargedToClubInternal: False, MinFlightTimeInSecondsMatchingValue: 0, MaxFlightTimeInSecondsMatchingValue: 2147483647, MinEngineTimeInSecondsMatchingValue: 0, MaxEngineTimeInSecondsMatchingValue: 2147483647, IncludeThresholdText: False, ThresholdText: , IncludeFlightTypeName: False, NoLandingTaxForGlider: False, NoLandingTaxForTowingAircraft: False, NoLandingTaxForAircraft: False, AccountingUnitTypeId: 10, CreatedOn: 01/01/2026 00:05:00, CreatedByUserId: 13731ee2-c1d8-455c-8ad1-c39399893fff, ModifiedOn: 09/28/2026 10:43:50, ModifiedByUserId: 76e80919-b8f8-4b8b-8c36-a8da9f9a0f25, DeletedOn: , DeletedByUserId: , RecordState: 1, OwnerId: 0fa7b76f-47ba-4138-8f96-671400fd7c83, OwnershipType: 2, IsDeleted: False, Id: f1500004-0000-0000-0000-000000000002,  <- AccountingRuleFilter]

2026-09-28 10:43:50.7695 FLS.Server.Data.FLSDataEntities Insert Flight with data: Glider-Flight: , Pilot: , Flight-Date: 09/28/2026, Starttime: 10:00, LdgTime: 10:30, Nr of Ldgs: 1/0, Flight-Air-State: 20, Flight-Process-State: 0
2026-09-28 10:43:50.7965 FLS.Server.Data.FLSDataEntities Insert FlightCrew with data: [FlightCrew -> FlightCrewId: 53083036-67e0-4d32-ae3e-70c434bf3f3d, FlightId: 00000000-0000-0000-0000-000000000000, PersonId: ea1f94f8-17c1-419d-8166-ea8e9352c8dd, FlightCrewTypeId: 1, BeginFlightDateTime: 09/28/2026 10:00:00, EndFlightDateTime: 09/28/2026 10:30:00, BeginInstructionDateTime: , EndInstructionDateTime: , NrOfLdgs: 1, NrOfStarts: , CreatedOn: 09/28/2026 10:43:50, CreatedByUserId: 76e80919-b8f8-4b8b-8c36-a8da9f9a0f25, ModifiedOn: , ModifiedByUserId: , DeletedOn: , DeletedByUserId: , RecordState: 1, OwnerId: 0fa7b76f-47ba-4138-8f96-671400fd7c83, OwnershipType: 2, IsDeleted: False, Id: 53083036-67e0-4d32-ae3e-70c434bf3f3d, HasPerson: True,  <- FlightCrew]

2026-09-28 10:43:51.1612 FLS.Server.Data.FLSDataEntities Update AccountingRuleFilter with data: [AccountingRuleFilter -> AccountingRuleFilterId: f1500004-0000-0000-0000-000000000003, ClubId: 0fa7b76f-47ba-4138-8f96-671400fd7c83, AccountingRuleFilterTypeId: 60, RuleFilterName: LandingTax: LSZK, Description: Per-landing tax at LSZK (test fixture), IsActive: False, SortIndicator: 30, ArticleTarget: {"ArticleNumber":"6001","DeliveryLineText":"Landegebuehr LSZK"}, RecipientTarget: , StopRuleEngineWhenRuleApplied: False, IsRuleForGliderFlights: True, IsRuleForTowingFlights: True, IsRuleForMotorFlights: True, UseRuleForAllAircraftsExceptListed: True, MatchedAircraftImmatriculations: [], UseRuleForAllStartTypesExceptListed: True, MatchedStartTypes: [], UseRuleForAllFlightTypesExceptListed: True, MatchedFlightTypeCodes: [], ExtendMatchingFlightTypeCodesToGliderAndTowFlight: False, UseRuleForAllStartLocationsExceptListed: True, MatchedStartLocations: [], UseRuleForAllLdgLocationsExceptListed: False, MatchedLdgLocations: ["LSZK"], UseRuleForAllClubMemberNumbersExceptListed: True, MatchedClubMemberNumbers: [], UseRuleForAllFlightCrewTypesExceptListed: True, MatchedFlightCrewTypes: [], UseRuleForAllAircraftsOnHomebaseExceptListed: True, MatchedAircraftsHomebase: [], UseRuleForAllMemberStatesExceptListed: True, MatchedMemberStates: [], UseRuleForAllPersonCategoriesExceptListed: True, MatchedPersonCategories: [], IsChargedToClubInternal: False, MinFlightTimeInSecondsMatchingValue: 0, MaxFlightTimeInSecondsMatchingValue: 2147483647, MinEngineTimeInSecondsMatchingValue: 0, MaxEngineTimeInSecondsMatchingValue: 2147483647, IncludeThresholdText: False, ThresholdText: , IncludeFlightTypeName: False, NoLandingTaxForGlider: False, NoLandingTaxForTowingAircraft: False, NoLandingTaxForAircraft: False, AccountingUnitTypeId: 30, CreatedOn: 01/01/2026 00:06:00, CreatedByUserId: 13731ee2-c1d8-455c-8ad1-c39399893fff, ModifiedOn: 09/28/2026 10:43:51, ModifiedByUserId: 76e80919-b8f8-4b8b-8c36-a8da9f9a0f25, DeletedOn: , DeletedByUserId: , RecordState: 1, OwnerId: 0fa7b76f-47ba-4138-8f96-671400fd7c83, OwnershipType: 2, IsDeleted: False, Id: f1500004-0000-0000-0000-000000000003,  <- AccountingRuleFilter]

2026-09-28 10:43:51.5090 FLS.Server.Data.FLSDataEntities Insert AccountingRuleFilter with data: [AccountingRuleFilter -> AccountingRuleFilterId: d5553025-f20f-43e5-aaae-9cd56bd657af, ClubId: 0fa7b76f-47ba-4138-8f96-671400fd7c83, AccountingRuleFilterTypeId: 5, RuleFilterName: e2e DoNotInvoiceFlight, Description: e2e #32: e2e DoNotInvoiceFlight, IsActive: True, SortIndicator: 1000, ArticleTarget: null, RecipientTarget: , StopRuleEngineWhenRuleApplied: False, IsRuleForGliderFlights: True, IsRuleForTowingFlights: True, IsRuleForMotorFlights: True, UseRuleForAllAircraftsExceptListed: True, MatchedAircraftImmatriculations: [], UseRuleForAllStartTypesExceptListed: True, MatchedStartTypes: [], UseRuleForAllFlightTypesExceptListed: True, MatchedFlightTypeCodes: [], ExtendMatchingFlightTypeCodesToGliderAndTowFlight: False, UseRuleForAllStartLocationsExceptListed: True, MatchedStartLocations: [], UseRuleForAllLdgLocationsExceptListed: True, MatchedLdgLocations: [], UseRuleForAllClubMemberNumbersExceptListed: True, MatchedClubMemberNumbers: [], UseRuleForAllFlightCrewTypesExceptListed: True, MatchedFlightCrewTypes: [], UseRuleForAllAircraftsOnHomebaseExceptListed: True, MatchedAircraftsHomebase: [], UseRuleForAllMemberStatesExceptListed: True, MatchedMemberStates: [], UseRuleForAllPersonCategoriesExceptListed: True, MatchedPersonCategories: [], IsChargedToClubInternal: False, MinFlightTimeInSecondsMatchingValue: 0, MaxFlightTimeInSecondsMatchingValue: 2147483647, MinEngineTimeInSecondsMatchingValue: 0, MaxEngineTimeInSecondsMatchingValue: 2147483647, IncludeThresholdText: False, ThresholdText: , IncludeFlightTypeName: False, NoLandingTaxForGlider: False, NoLandingTaxForTowingAircraft: False, NoLandingTaxForAircraft: False, AccountingUnitTypeId: , CreatedOn: 09/28/2026 10:43:51, CreatedByUserId: 76e80919-b8f8-4b8b-8c36-a8da9f9a0f25, ModifiedOn: , ModifiedByUserId: , DeletedOn: , DeletedByUserId: , RecordState: 1, OwnerId: 0fa7b76f-47ba-4138-8f96-671400fd7c83, OwnershipType: 2, IsDeleted: False, Id: d5553025-f20f-43e5-aaae-9cd56bd657af,  <- AccountingRuleFilter]

2026-09-28 10:43:51.5327 FLS.Server.Service.WorkflowService Execute daily flight validation job.
2026-09-28 10:43:51.5427 FLS.Server.Service.Jobs.DailyFlightValidationJob Executing daily flight validation job
2026-09-28 10:43:51.5727 FLS.Server.Service.FlightService Saved the validated flights of today to database.
2026-09-28 10:43:51.6344 FLS.Server.Service.FlightService Saved the validated flights of today to database.
2026-09-28 10:43:51.7429 FLS.Server.Service.FlightService The currently validated flight Glider-Flight: HB-3407, Pilot: Bonzli Lenni, Flight-Date: 09/28/2026, Starttime: 10:00, LdgTime: 10:30, Flightcode: 60, Nr of Ldgs: 1/0, Flight-Air-State: 20, Flight-Process-State: 30 has now the following Process-State: 30 (Gültig)
2026-09-28 10:43:51.7525 FLS.Server.Data.FLSDataEntities Update Flight with data: Glider-Flight: HB-3407, Pilot: Bonzli Lenni, Flight-Date: 09/28/2026, Starttime: 10:00, LdgTime: 10:30, Flightcode: 60, Nr of Ldgs: 1/0, Flight-Air-State: 20, Flight-Process-State: 30
2026-09-28 10:43:51.7788 FLS.Server.Service.FlightService Saved the validated flights of today to database.
2026-09-28 10:43:51.7842 FLS.Server.Service.FlightService Saved the validated flights of today to database.
2026-09-28 10:43:51.8087 FLS.Server.Service.FlightService The valid flight Glider-Flight: HB-3407, Pilot: Bonzli Lenni, Flight-Date: 09/28/2026, Starttime: 10:00, LdgTime: 10:30, Flightcode: 60, Nr of Ldgs: 1/0, Flight-Air-State: 20, Flight-Process-State: 40 has now been locked.
2026-09-28 10:43:51.8118 FLS.Server.Service.BaseService Get 2 AccountingRuleFilters of clubId: 0fa7b76f-47ba-4138-8f96-671400fd7c83
2026-09-28 10:43:51.8158 FLS.Server.Data.FLSDataEntities Update Flight with data: Glider-Flight: HB-3407, Pilot: Bonzli Lenni, Flight-Date: 09/28/2026, Starttime: 10:00, LdgTime: 10:30, Flightcode: 60, Nr of Ldgs: 1/0, Flight-Air-State: 20, Flight-Process-State: 40
2026-09-28 10:43:51.8179 FLS.Server.Service.BaseService Start creating accounting for flight: Glider-Flight: HB-3407, Pilot: Kellner Hansli, Flight-Date: 12/02/2025, Starttime: 00:00, LdgTime: 00:47, Flightcode: 63, Nr of Ldgs: 1/0, Flight-Air-State: 20, Flight-Process-State: 40 using 2 recipient rule filters and 2 accounting line rule filters.
2026-09-28 10:43:51.8278 FLS.Server.Service.Accounting.Rules.BaseAccountingRule Applied rule DoNotInvoiceFlightRule, Nr of Conditions=1, RuleApplied=True, StopRuleEngineWhenRuleApplied=False, Rule-Filter: e2e DoNotInvoiceFlight of type: FLS.Server.Service.Accounting.Rules.DoNotInvoiceFlightRule has conditions: '(1 EQUALS 1 ==> True)' for Flight: Glider-Flight: HB-3407, Pilot: Kellner Hansli, Flight-Date: 12/02/2025, Starttime: 00:00, LdgTime: 00:47, Flightcode: 63, Nr of Ldgs: 1/0, Flight-Air-State: 20, Flight-Process-State: 40
2026-09-28 10:43:51.8384 FLS.Server.Service.BaseService Flight must not be invoiced: Flight-Date: 12/02/2025 Aircraft: HB-3407
2026-09-28 10:43:51.9080 FLS.Server.Data.FLSDataEntities Delete AccountingRuleFilter with Data: [AccountingRuleFilter -> AccountingRuleFilterId: d5553025-f20f-43e5-aaae-9cd56bd657af, ClubId: 0fa7b76f-47ba-4138-8f96-671400fd7c83, AccountingRuleFilterTypeId: 5, RuleFilterName: e2e DoNotInvoiceFlight, Description: e2e #32: e2e DoNotInvoiceFlight, IsActive: True, SortIndicator: 1000, ArticleTarget: null, RecipientTarget: , StopRuleEngineWhenRuleApplied: False, IsRuleForGliderFlights: True, IsRuleForTowingFlights: True, IsRuleForMotorFlights: True, UseRuleForAllAircraftsExceptListed: True, MatchedAircraftImmatriculations: [], UseRuleForAllStartTypesExceptListed: True, MatchedStartTypes: [], UseRuleForAllFlightTypesExceptListed: True, MatchedFlightTypeCodes: [], ExtendMatchingFlightTypeCodesToGliderAndTowFlight: False, UseRuleForAllStartLocationsExceptListed: True, MatchedStartLocations: [], UseRuleForAllLdgLocationsExceptListed: True, MatchedLdgLocations: [], UseRuleForAllClubMemberNumbersExceptListed: True, MatchedClubMemberNumbers: [], UseRuleForAllFlightCrewTypesExceptListed: True, MatchedFlightCrewTypes: [], UseRuleForAllAircraftsOnHomebaseExceptListed: True, MatchedAircraftsHomebase: [], UseRuleForAllMemberStatesExceptListed: True, MatchedMemberStates: [], UseRuleForAllPersonCategoriesExceptListed: True, MatchedPersonCategories: [], IsChargedToClubInternal: False, MinFlightTimeInSecondsMatchingValue: 0, MaxFlightTimeInSecondsMatchingValue: 2147483647, MinEngineTimeInSecondsMatchingValue: 0, MaxEngineTimeInSecondsMatchingValue: 2147483647, IncludeThresholdText: False, ThresholdText: , IncludeFlightTypeName: False, NoLandingTaxForGlider: False, NoLandingTaxForTowingAircraft: False, NoLandingTaxForAircraft: False, AccountingUnitTypeId: , CreatedOn: 09/28/2026 10:43:51, CreatedByUserId: 76e80919-b8f8-4b8b-8c36-a8da9f9a0f25, ModifiedOn: , ModifiedByUserId: , DeletedOn: 09/28/2026 10:43:51, DeletedByUserId: 76e80919-b8f8-4b8b-8c36-a8da9f9a0f25, RecordState: 99, OwnerId: 0fa7b76f-47ba-4138-8f96-671400fd7c83, OwnershipType: 2, IsDeleted: False, Id: d5553025-f20f-43e5-aaae-9cd56bd657af,  <- AccountingRuleFilter]

2026-09-28 10:43:51.9437 FLS.Server.Service.WorkflowService Execute delivery creation job.
2026-09-28 10:43:51.9486 FLS.Server.Service.Jobs.DeliveryCreationJob Executing Delivery creation job
2026-09-28 10:43:51.9989 FLS.Server.Data.FLSDataEntities Insert AccountingRuleFilter with data: [AccountingRuleFilter -> AccountingRuleFilterId: 8b39e9ca-b3e5-416a-bec7-5b4a635462ff, ClubId: 0fa7b76f-47ba-4138-8f96-671400fd7c83, AccountingRuleFilterTypeId: 10, RuleFilterName: e2e Recipient, Description: e2e #32: e2e Recipient, IsActive: True, SortIndicator: 1000, ArticleTarget: , RecipientTarget: {"PersonId":null,"RecipientName":"e2e Recipient 1790592231950","Firstname":null,"Lastname":null,"AddressLine1":null,"AddressLine2":null,"ZipCode":null,"City":null,"CountryName":null,"PersonClubMemberNumber":null}, StopRuleEngineWhenRuleApplied: False, IsRuleForGliderFlights: True, IsRuleForTowingFlights: True, IsRuleForMotorFlights: True, UseRuleForAllAircraftsExceptListed: True, MatchedAircraftImmatriculations: [], UseRuleForAllStartTypesExceptListed: True, MatchedStartTypes: [], UseRuleForAllFlightTypesExceptListed: True, MatchedFlightTypeCodes: [], ExtendMatchingFlightTypeCodesToGliderAndTowFlight: False, UseRuleForAllStartLocationsExceptListed: True, MatchedStartLocations: [], UseRuleForAllLdgLocationsExceptListed: True, MatchedLdgLocations: [], UseRuleForAllClubMemberNumbersExceptListed: True, MatchedClubMemberNumbers: [], UseRuleForAllFlightCrewTypesExceptListed: True, MatchedFlightCrewTypes: [], UseRuleForAllAircraftsOnHomebaseExceptListed: True, MatchedAircraftsHomebase: [], UseRuleForAllMemberStatesExceptListed: True, MatchedMemberStates: [], UseRuleForAllPersonCategoriesExceptListed: True, MatchedPersonCategories: [], IsChargedToClubInternal: False, MinFlightTimeInSecondsMatchingValue: , MaxFlightTimeInSecondsMatchingValue: , MinEngineTimeInSecondsMatchingValue: , MaxEngineTimeInSecondsMatchingValue: , IncludeThresholdText: False, ThresholdText: , IncludeFlightTypeName: False, NoLandingTaxForGlider: False, NoLandingTaxForTowingAircraft: False, NoLandingTaxForAircraft: False, AccountingUnitTypeId: , CreatedOn: 09/28/2026 10:43:51, CreatedByUserId: 76e80919-b8f8-4b8b-8c36-a8da9f9a0f25, ModifiedOn: , ModifiedByUserId: , DeletedOn: , DeletedByUserId: , RecordState: 1, OwnerId: 0fa7b76f-47ba-4138-8f96-671400fd7c83, OwnershipType: 2, IsDeleted: False, Id: 8b39e9ca-b3e5-416a-bec7-5b4a635462ff,  <- AccountingRuleFilter]

2026-09-28 10:43:52.0288 FLS.Server.Data.FLSDataEntities Update AccountingRuleFilter with data: [AccountingRuleFilter -> AccountingRuleFilterId: 8aa47205-55ce-4f4f-8d97-602be5d4a1bd, ClubId: 0fa7b76f-47ba-4138-8f96-671400fd7c83, AccountingRuleFilterTypeId: 30, RuleFilterName: E2E accounting-rules-edit-accounting-rules-create-flighttime-rul, Description: edited by e2e, IsActive: True, SortIndicator: 0, ArticleTarget: {"ArticleNumber":"5001","DeliveryLineText":"Glider flight minutes"}, RecipientTarget: , StopRuleEngineWhenRuleApplied: False, IsRuleForGliderFlights: True, IsRuleForTowingFlights: False, IsRuleForMotorFlights: False, UseRuleForAllAircraftsExceptListed: False, MatchedAircraftImmatriculations: ["HB-3407"], UseRuleForAllStartTypesExceptListed: True, MatchedStartTypes: [], UseRuleForAllFlightTypesExceptListed: True, MatchedFlightTypeCodes: [], ExtendMatchingFlightTypeCodesToGliderAndTowFlight: False, UseRuleForAllStartLocationsExceptListed: True, MatchedStartLocations: [], UseRuleForAllLdgLocationsExceptListed: True, MatchedLdgLocations: [], UseRuleForAllClubMemberNumbersExceptListed: True, MatchedClubMemberNumbers: [], UseRuleForAllFlightCrewTypesExceptListed: True, MatchedFlightCrewTypes: [], UseRuleForAllAircraftsOnHomebaseExceptListed: True, MatchedAircraftsHomebase: [], UseRuleForAllMemberStatesExceptListed: True, MatchedMemberStates: [], UseRuleForAllPersonCategoriesExceptListed: True, MatchedPersonCategories: [], IsChargedToClubInternal: False, MinFlightTimeInSecondsMatchingValue: 0, MaxFlightTimeInSecondsMatchingValue: 2147483647, MinEngineTimeInSecondsMatchingValue: 0, MaxEngineTimeInSecondsMatchingValue: 2147483647, IncludeThresholdText: False, ThresholdText: , IncludeFlightTypeName: False, NoLandingTaxForGlider: False, NoLandingTaxForTowingAircraft: False, NoLandingTaxForAircraft: False, AccountingUnitTypeId: 10, CreatedOn: 09/28/2026 10:43:50, CreatedByUserId: 76e80919-b8f8-4b8b-8c36-a8da9f9a0f25, ModifiedOn: 09/28/2026 10:43:52, ModifiedByUserId: 76e80919-b8f8-4b8b-8c36-a8da9f9a0f25, DeletedOn: , DeletedByUserId: , RecordState: 1, OwnerId: 0fa7b76f-47ba-4138-8f96-671400fd7c83, OwnershipType: 2, IsDeleted: False, Id: 8aa47205-55ce-4f4f-8d97-602be5d4a1bd,  <- AccountingRuleFilter]

2026-09-28 10:43:52.1002 FLS.Server.Service.BaseService Get 2 AccountingRuleFilters of clubId: 0fa7b76f-47ba-4138-8f96-671400fd7c83
2026-09-28 10:43:52.1061 FLS.Server.Service.BaseService Start creating accounting for flight: Glider-Flight: HB-3407, Pilot: Kellner Hansli, Flight-Date: 12/02/2025, Starttime: 00:00, LdgTime: 00:47, Flightcode: 63, Nr of Ldgs: 1/0, Flight-Air-State: 20, Flight-Process-State: 40 using 2 recipient rule filters and 2 accounting line rule filters.
2026-09-28 10:43:52.1102 FLS.Server.Service.Accounting.Rules.BaseAccountingRule Applied rule DeliveryRecipientRule, Nr of Conditions=1, RuleApplied=True, StopRuleEngineWhenRuleApplied=True, Rule-Filter: e2e Recipient of type: FLS.Server.Service.Accounting.Rules.DeliveryRecipientRule has conditions: '(1 EQUALS 1 ==> True)' for Flight: Glider-Flight: HB-3407, Pilot: Kellner Hansli, Flight-Date: 12/02/2025, Starttime: 00:00, LdgTime: 00:47, Flightcode: 63, Nr of Ldgs: 1/0, Flight-Air-State: 20, Flight-Process-State: 40
2026-09-28 10:43:52.1139 FLS.Server.Service.RulesEngine.BaseRule Applied rule FlightDeliveryInfoRule, Nr of Conditions=1, RuleApplied=True, StopRuleEngineWhenRuleApplied=False
2026-09-28 10:43:52.1187 FLS.Server.Service.RulesEngine.BaseRule Applied rule AdditionalInfoRule, Nr of Conditions=1, RuleApplied=True, StopRuleEngineWhenRuleApplied=False
2026-09-28 10:43:52.1236 FLS.Server.Service.Accounting.Rules.BaseAccountingRule Added new delivery item line to Delivery. Line: Pos: 1 Product: 5001 Text: HB-3407 Glider flight minutes Qty: 47 of type: Minuten Discount: 0% Add. Info: 
2026-09-28 10:43:52.1276 FLS.Server.Service.Accounting.Rules.BaseAccountingRule Applied rule AircraftFlightTimeRule, Nr of Conditions=3, RuleApplied=True, StopRuleEngineWhenRuleApplied=False, Rule-Filter: E2E accounting-rules-edit-accounting-rules-create-flighttime-rul of type: FLS.Server.Service.Accounting.Rules.ItemRules.AircraftFlightTimeRule has conditions: '(1 EQUALS 1 ==> True),(collection: '944c52c3-0335-4fa2-b90d-4c441a31a4d5' CONTAINS key: 944c52c3-0335-4fa2-b90d-4c441a31a4d5 ==> True),(Value: 2820 is BETWEEN 0 and 2147483647 (incl. minValue = False; maxValue = True ==> True)' for Flight: Glider-Flight: HB-3407, Pilot: Kellner Hansli, Flight-Date: 12/02/2025, Starttime: 00:00, LdgTime: 00:47, Flightcode: 63, Nr of Ldgs: 1/0, Flight-Air-State: 20, Flight-Process-State: 40
2026-09-28 10:43:52.1311 FLS.Server.Service.BaseService Created accounting for e2e Recipient 1790592231950: Flight-Date: 12/02/2025 Aircraft: HB-3407 Nr of Lines: 1
2026-09-28 10:43:52.1730 FLS.Server.Data.FLSDataEntities Delete AccountingRuleFilter with Data: [AccountingRuleFilter -> AccountingRuleFilterId: 8b39e9ca-b3e5-416a-bec7-5b4a635462ff, ClubId: 0fa7b76f-47ba-4138-8f96-671400fd7c83, AccountingRuleFilterTypeId: 10, RuleFilterName: e2e Recipient, Description: e2e #32: e2e Recipient, IsActive: True, SortIndicator: 1000, ArticleTarget: , RecipientTarget: {"PersonId":null,"RecipientName":"e2e Recipient 1790592231950","Firstname":null,"Lastname":null,"AddressLine1":null,"AddressLine2":null,"ZipCode":null,"City":null,"CountryName":null,"PersonClubMemberNumber":null}, StopRuleEngineWhenRuleApplied: False, IsRuleForGliderFlights: True, IsRuleForTowingFlights: True, IsRuleForMotorFlights: True, UseRuleForAllAircraftsExceptListed: True, MatchedAircraftImmatriculations: [], UseRuleForAllStartTypesExceptListed: True, MatchedStartTypes: [], UseRuleForAllFlightTypesExceptListed: True, MatchedFlightTypeCodes: [], ExtendMatchingFlightTypeCodesToGliderAndTowFlight: False, UseRuleForAllStartLocationsExceptListed: True, MatchedStartLocations: [], UseRuleForAllLdgLocationsExceptListed: True, MatchedLdgLocations: [], UseRuleForAllClubMemberNumbersExceptListed: True, MatchedClubMemberNumbers: [], UseRuleForAllFlightCrewTypesExceptListed: True, MatchedFlightCrewTypes: [], UseRuleForAllAircraftsOnHomebaseExceptListed: True, MatchedAircraftsHomebase: [], UseRuleForAllMemberStatesExceptListed: True, MatchedMemberStates: [], UseRuleForAllPersonCategoriesExceptListed: True, MatchedPersonCategories: [], IsChargedToClubInternal: False, MinFlightTimeInSecondsMatchingValue: , MaxFlightTimeInSecondsMatchingValue: , MinEngineTimeInSecondsMatchingValue: , MaxEngineTimeInSecondsMatchingValue: , IncludeThresholdText: False, ThresholdText: , IncludeFlightTypeName: False, NoLandingTaxForGlider: False, NoLandingTaxForTowingAircraft: False, NoLandingTaxForAircraft: False, AccountingUnitTypeId: , CreatedOn: 09/28/2026 10:43:51, CreatedByUserId: 76e80919-b8f8-4b8b-8c36-a8da9f9a0f25, ModifiedOn: , ModifiedByUserId: , DeletedOn: 09/28/2026 10:43:52, DeletedByUserId: 76e80919-b8f8-4b8b-8c36-a8da9f9a0f25, RecordState: 99, OwnerId: 0fa7b76f-47ba-4138-8f96-671400fd7c83, OwnershipType: 2, IsDeleted: False, Id: 8b39e9ca-b3e5-416a-bec7-5b4a635462ff,  <- AccountingRuleFilter]

2026-09-28 10:43:52.1925 FLS.Server.Data.FLSDataEntities Delete AccountingRuleFilter with Data: [AccountingRuleFilter -> AccountingRuleFilterId: 8aa47205-55ce-4f4f-8d97-602be5d4a1bd, ClubId: 0fa7b76f-47ba-4138-8f96-671400fd7c83, AccountingRuleFilterTypeId: 30, RuleFilterName: E2E accounting-rules-edit-accounting-rules-create-flighttime-rul, Description: edited by e2e, IsActive: True, SortIndicator: 0, ArticleTarget: {"ArticleNumber":"5001","DeliveryLineText":"Glider flight minutes"}, RecipientTarget: , StopRuleEngineWhenRuleApplied: False, IsRuleForGliderFlights: True, IsRuleForTowingFlights: False, IsRuleForMotorFlights: False, UseRuleForAllAircraftsExceptListed: False, MatchedAircraftImmatriculations: ["HB-3407"], UseRuleForAllStartTypesExceptListed: True, MatchedStartTypes: [], UseRuleForAllFlightTypesExceptListed: True, MatchedFlightTypeCodes: [], ExtendMatchingFlightTypeCodesToGliderAndTowFlight: False, UseRuleForAllStartLocationsExceptListed: True, MatchedStartLocations: [], UseRuleForAllLdgLocationsExceptListed: True, MatchedLdgLocations: [], UseRuleForAllClubMemberNumbersExceptListed: True, MatchedClubMemberNumbers: [], UseRuleForAllFlightCrewTypesExceptListed: True, MatchedFlightCrewTypes: [], UseRuleForAllAircraftsOnHomebaseExceptListed: True, MatchedAircraftsHomebase: [], UseRuleForAllMemberStatesExceptListed: True, MatchedMemberStates: [], UseRuleForAllPersonCategoriesExceptListed: True, MatchedPersonCategories: [], IsChargedToClubInternal: False, MinFlightTimeInSecondsMatchingValue: 0, MaxFlightTimeInSecondsMatchingValue: 2147483647, MinEngineTimeInSecondsMatchingValue: 0, MaxEngineTimeInSecondsMatchingValue: 2147483647, IncludeThresholdText: False, ThresholdText: , IncludeFlightTypeName: False, NoLandingTaxForGlider: False, NoLandingTaxForTowingAircraft: False, NoLandingTaxForAircraft: False, AccountingUnitTypeId: , CreatedOn: 09/28/2026 10:43:50, CreatedByUserId: 76e80919-b8f8-4b8b-8c36-a8da9f9a0f25, ModifiedOn: 09/28/2026 10:43:52, ModifiedByUserId: 76e80919-b8f8-4b8b-8c36-a8da9f9a0f25, DeletedOn: 09/28/2026 10:43:52, DeletedByUserId: 76e80919-b8f8-4b8b-8c36-a8da9f9a0f25, RecordState: 99, OwnerId: 0fa7b76f-47ba-4138-8f96-671400fd7c83, OwnershipType: 2, IsDeleted: False, Id: 8aa47205-55ce-4f4f-8d97-602be5d4a1bd,  <- AccountingRuleFilter]

2026-09-28 10:43:52.2595 FLS.Server.Data.FLSDataEntities Insert AccountingRuleFilter with data: [AccountingRuleFilter -> AccountingRuleFilterId: ad3a0a7b-0453-4dc8-b3d4-5e1aaaf42f5c, ClubId: 0fa7b76f-47ba-4138-8f96-671400fd7c83, AccountingRuleFilterTypeId: 20, RuleFilterName: e2e NoLandingTax, Description: e2e #32: e2e NoLandingTax, IsActive: True, SortIndicator: 1000, ArticleTarget: null, RecipientTarget: , StopRuleEngineWhenRuleApplied: False, IsRuleForGliderFlights: True, IsRuleForTowingFlights: True, IsRuleForMotorFlights: True, UseRuleForAllAircraftsExceptListed: True, MatchedAircraftImmatriculations: [], UseRuleForAllStartTypesExceptListed: True, MatchedStartTypes: [], UseRuleForAllFlightTypesExceptListed: True, MatchedFlightTypeCodes: [], ExtendMatchingFlightTypeCodesToGliderAndTowFlight: False, UseRuleForAllStartLocationsExceptListed: True, MatchedStartLocations: [], UseRuleForAllLdgLocationsExceptListed: True, MatchedLdgLocations: [], UseRuleForAllClubMemberNumbersExceptListed: True, MatchedClubMemberNumbers: [], UseRuleForAllFlightCrewTypesExceptListed: True, MatchedFlightCrewTypes: [], UseRuleForAllAircraftsOnHomebaseExceptListed: True, MatchedAircraftsHomebase: [], UseRuleForAllMemberStatesExceptListed: True, MatchedMemberStates: [], UseRuleForAllPersonCategoriesExceptListed: True, MatchedPersonCategories: [], IsChargedToClubInternal: False, MinFlightTimeInSecondsMatchingValue: 0, MaxFlightTimeInSecondsMatchingValue: 2147483647, MinEngineTimeInSecondsMatchingValue: 0, MaxEngineTimeInSecondsMatchingValue: 2147483647, IncludeThresholdText: False, ThresholdText: , IncludeFlightTypeName: False, NoLandingTaxForGlider: True, NoLandingTaxForTowingAircraft: False, NoLandingTaxForAircraft: False, AccountingUnitTypeId: , CreatedOn: 09/28/2026 10:43:52, CreatedByUserId: 76e80919-b8f8-4b8b-8c36-a8da9f9a0f25, ModifiedOn: , ModifiedByUserId: , DeletedOn: , DeletedByUserId: , RecordState: 1, OwnerId: 0fa7b76f-47ba-4138-8f96-671400fd7c83, OwnershipType: 2, IsDeleted: False, Id: ad3a0a7b-0453-4dc8-b3d4-5e1aaaf42f5c,  <- AccountingRuleFilter]

2026-09-28 10:43:52.4543 FLS.Server.Data.FLSDataEntities Update Club with data: [Club -> ClubId: f1500002-0000-0000-0000-000000000001, Clubname: Other-Test-Club, ClubKey: OtherClub, Address: Flugplatz Other, Zip: 6666, City: Bern, CountryId: 77cc3be6-95db-11e0-b104-e7f04724019b, Phone: 044 111 22 33, FaxNumber: 044 111 22 34, Email: info@other.ch, WebPage: www.other.ch, Contact: Sekretariat Other, HomebaseId: 33f04d30-9d5b-4645-b2a9-6705a4aeffe5, DefaultStartTypeId: , DefaultGliderFlightTypeId: , DefaultTowFlightTypeId: , DefaultMotorFlightTypeId: , SendAircraftStatisticReportTo: , SendPlanningDayInfoMailTo: other@glider-fls.ch, SendDeliveryMailExportTo: other@glider-fls.ch, SendTrialFlightRegistrationOperatorEmailTo: , SendPassengerFlightRegistrationOperatorEmailTo: , ReplyToEmailAddress: , RunDeliveryCreationJob: False, RunDeliveryMailExportJob: False, LastPersonSynchronisationOn: , LastDeliverySynchronisationOn: , LastArticleSynchronisationOn: , ClubStateId: 1, IsClubMemberNumberReadonly: True, CreatedOn: 01/01/2026 00:01:00, CreatedByUserId: 13731ee2-c1d8-455c-8ad1-c39399893fff, ModifiedOn: 09/28/2026 10:43:52, ModifiedByUserId: f1500002-0000-0000-0000-0000000000a1, DeletedOn: , DeletedByUserId: , RecordState: 1, OwnerId: a1dde2cb-6326-4bb2-897d-7cfc118e842b, OwnershipType: 2, IsDeleted: False, DoNotUpdateMetaData: False, Id: f1500002-0000-0000-0000-000000000001, HomebaseName: ,  <- Club]

2026-09-28 10:43:52.6500 FLS.Server.Service.BaseService Get 1 AccountingRuleFilters of clubId: 0fa7b76f-47ba-4138-8f96-671400fd7c83
2026-09-28 10:43:52.6552 FLS.Server.Service.BaseService Start creating accounting for flight: Glider-Flight: HB-3407, Pilot: Kellner Hansli, Flight-Date: 12/02/2025, Starttime: 00:00, LdgTime: 00:47, Flightcode: 63, Nr of Ldgs: 1/0, Flight-Air-State: 20, Flight-Process-State: 40 using 1 recipient rule filters and 1 accounting line rule filters.
2026-09-28 10:43:52.6617 FLS.Server.Service.RulesEngine.BaseRule NOT applied rule FlightCostPaidByPersonRule, Nr of Conditions=1, RuleApplied=False, StopRuleEngineWhenRuleApplied=False
2026-09-28 10:43:52.6802 FLS.Server.Service.RulesEngine.BaseRule Applied rule FlightCostPaidByPilotRule, Nr of Conditions=1, RuleApplied=True, StopRuleEngineWhenRuleApplied=False
2026-09-28 10:43:52.6958 FLS.Server.Service.RulesEngine.BaseRule Applied rule FlightDeliveryInfoRule, Nr of Conditions=1, RuleApplied=True, StopRuleEngineWhenRuleApplied=False
2026-09-28 10:43:52.7065 FLS.Server.Service.RulesEngine.BaseRule Applied rule AdditionalInfoRule, Nr of Conditions=1, RuleApplied=True, StopRuleEngineWhenRuleApplied=False
2026-09-28 10:43:52.7150 FLS.Server.Service.Accounting.Rules.BaseAccountingRule Apply no landing tax! Set NO landing tax for glider to : True, for towing to: False
2026-09-28 10:43:52.7200 FLS.Server.Service.Accounting.Rules.BaseAccountingRule Applied rule NoLandingTaxRule, Nr of Conditions=2, RuleApplied=True, StopRuleEngineWhenRuleApplied=False, Rule-Filter: e2e NoLandingTax of type: FLS.Server.Service.Accounting.Rules.ItemRules.NoLandingTaxRule has conditions: '(1 EQUALS 1 ==> True),(Value: 2820 is BETWEEN 0 and 2147483647 (incl. minValue = False; maxValue = True ==> True)' for Flight: Glider-Flight: HB-3407, Pilot: Kellner Hansli, Flight-Date: 12/02/2025, Starttime: 00:00, LdgTime: 00:47, Flightcode: 63, Nr of Ldgs: 1/0, Flight-Air-State: 20, Flight-Process-State: 40
2026-09-28 10:43:52.7255 FLS.Server.Service.Accounting.RuleEngines.DeliveryItemRulesEngine No aircraft flight time mapping rule found for flight: Glider-Flight: HB-3407, Pilot: Kellner Hansli, Flight-Date: 12/02/2025, Starttime: 00:00, LdgTime: 00:47, Flightcode: 63, Nr of Ldgs: 1/0, Flight-Air-State: 20, Flight-Process-State: 40.
2026-09-28 10:43:52.7306 FLS.Server.Service.BaseService Created accounting for Kellner Hansli: Flight-Date: 12/02/2025 Aircraft: HB-3407 Nr of Lines: 0
2026-09-28 10:43:52.7712 FLS.Server.Data.FLSDataEntities Delete AccountingRuleFilter with Data: [AccountingRuleFilter -> AccountingRuleFilterId: ad3a0a7b-0453-4dc8-b3d4-5e1aaaf42f5c, ClubId: 0fa7b76f-47ba-4138-8f96-671400fd7c83, AccountingRuleFilterTypeId: 20, RuleFilterName: e2e NoLandingTax, Description: e2e #32: e2e NoLandingTax, IsActive: True, SortIndicator: 1000, ArticleTarget: null, RecipientTarget: , StopRuleEngineWhenRuleApplied: False, IsRuleForGliderFlights: True, IsRuleForTowingFlights: True, IsRuleForMotorFlights: True, UseRuleForAllAircraftsExceptListed: True, MatchedAircraftImmatriculations: [], UseRuleForAllStartTypesExceptListed: True, MatchedStartTypes: [], UseRuleForAllFlightTypesExceptListed: True, MatchedFlightTypeCodes: [], ExtendMatchingFlightTypeCodesToGliderAndTowFlight: False, UseRuleForAllStartLocationsExceptListed: True, MatchedStartLocations: [], UseRuleForAllLdgLocationsExceptListed: True, MatchedLdgLocations: [], UseRuleForAllClubMemberNumbersExceptListed: True, MatchedClubMemberNumbers: [], UseRuleForAllFlightCrewTypesExceptListed: True, MatchedFlightCrewTypes: [], UseRuleForAllAircraftsOnHomebaseExceptListed: True, MatchedAircraftsHomebase: [], UseRuleForAllMemberStatesExceptListed: True, MatchedMemberStates: [], UseRuleForAllPersonCategoriesExceptListed: True, MatchedPersonCategories: [], IsChargedToClubInternal: False, MinFlightTimeInSecondsMatchingValue: 0, MaxFlightTimeInSecondsMatchingValue: 2147483647, MinEngineTimeInSecondsMatchingValue: 0, MaxEngineTimeInSecondsMatchingValue: 2147483647, IncludeThresholdText: False, ThresholdText: , IncludeFlightTypeName: False, NoLandingTaxForGlider: True, NoLandingTaxForTowingAircraft: False, NoLandingTaxForAircraft: False, AccountingUnitTypeId: , CreatedOn: 09/28/2026 10:43:52, CreatedByUserId: 76e80919-b8f8-4b8b-8c36-a8da9f9a0f25, ModifiedOn: , ModifiedByUserId: , DeletedOn: 09/28/2026 10:43:52, DeletedByUserId: 76e80919-b8f8-4b8b-8c36-a8da9f9a0f25, RecordState: 99, OwnerId: 0fa7b76f-47ba-4138-8f96-671400fd7c83, OwnershipType: 2, IsDeleted: False, Id: ad3a0a7b-0453-4dc8-b3d4-5e1aaaf42f5c,  <- AccountingRuleFilter]

2026-09-28 10:43:52.8760 FLS.Server.Data.FLSDataEntities Insert AccountingRuleFilter with data: [AccountingRuleFilter -> AccountingRuleFilterId: 86561ba1-5e18-43c0-b6e5-64bd6dd0c71a, ClubId: 0fa7b76f-47ba-4138-8f96-671400fd7c83, AccountingRuleFilterTypeId: 30, RuleFilterName: e2e FlightTime, Description: e2e #32: e2e FlightTime, IsActive: True, SortIndicator: 1000, ArticleTarget: {"ArticleNumber":"9030","DeliveryLineText":"e2e flighttime"}, RecipientTarget: , StopRuleEngineWhenRuleApplied: False, IsRuleForGliderFlights: True, IsRuleForTowingFlights: False, IsRuleForMotorFlights: False, UseRuleForAllAircraftsExceptListed: True, MatchedAircraftImmatriculations: [], UseRuleForAllStartTypesExceptListed: True, MatchedStartTypes: [], UseRuleForAllFlightTypesExceptListed: True, MatchedFlightTypeCodes: [], ExtendMatchingFlightTypeCodesToGliderAndTowFlight: False, UseRuleForAllStartLocationsExceptListed: True, MatchedStartLocations: [], UseRuleForAllLdgLocationsExceptListed: True, MatchedLdgLocations: [], UseRuleForAllClubMemberNumbersExceptListed: True, MatchedClubMemberNumbers: [], UseRuleForAllFlightCrewTypesExceptListed: True, MatchedFlightCrewTypes: [], UseRuleForAllAircraftsOnHomebaseExceptListed: True, MatchedAircraftsHomebase: [], UseRuleForAllMemberStatesExceptListed: True, MatchedMemberStates: [], UseRuleForAllPersonCategoriesExceptListed: True, MatchedPersonCategories: [], IsChargedToClubInternal: False, MinFlightTimeInSecondsMatchingValue: 0, MaxFlightTimeInSecondsMatchingValue: 2147483647, MinEngineTimeInSecondsMatchingValue: 0, MaxEngineTimeInSecondsMatchingValue: 2147483647, IncludeThresholdText: False, ThresholdText: , IncludeFlightTypeName: False, NoLandingTaxForGlider: False, NoLandingTaxForTowingAircraft: False, NoLandingTaxForAircraft: False, AccountingUnitTypeId: 10, CreatedOn: 09/28/2026 10:43:52, CreatedByUserId: 76e80919-b8f8-4b8b-8c36-a8da9f9a0f25, ModifiedOn: , ModifiedByUserId: , DeletedOn: , DeletedByUserId: , RecordState: 1, OwnerId: 0fa7b76f-47ba-4138-8f96-671400fd7c83, OwnershipType: 2, IsDeleted: False, Id: 86561ba1-5e18-43c0-b6e5-64bd6dd0c71a,  <- AccountingRuleFilter]

2026-09-28 10:43:53.0243 FLS.Server.Service.BaseService Get 1 AccountingRuleFilters of clubId: 0fa7b76f-47ba-4138-8f96-671400fd7c83
2026-09-28 10:43:53.0353 FLS.Server.Service.BaseService Start creating accounting for flight: Glider-Flight: HB-3407, Pilot: Kellner Hansli, Flight-Date: 12/02/2025, Starttime: 00:00, LdgTime: 00:47, Flightcode: 63, Nr of Ldgs: 1/0, Flight-Air-State: 20, Flight-Process-State: 40 using 1 recipient rule filters and 1 accounting line rule filters.
2026-09-28 10:43:53.0457 FLS.Server.Service.RulesEngine.BaseRule NOT applied rule FlightCostPaidByPersonRule, Nr of Conditions=1, RuleApplied=False, StopRuleEngineWhenRuleApplied=False
2026-09-28 10:43:53.0773 FLS.Server.Service.RulesEngine.BaseRule Applied rule FlightCostPaidByPilotRule, Nr of Conditions=1, RuleApplied=True, StopRuleEngineWhenRuleApplied=False
2026-09-28 10:43:53.0822 FLS.Server.Service.RulesEngine.BaseRule Applied rule FlightDeliveryInfoRule, Nr of Conditions=1, RuleApplied=True, StopRuleEngineWhenRuleApplied=False
2026-09-28 10:43:53.0877 FLS.Server.Service.RulesEngine.BaseRule Applied rule AdditionalInfoRule, Nr of Conditions=1, RuleApplied=True, StopRuleEngineWhenRuleApplied=False
2026-09-28 10:43:53.0926 FLS.Server.Service.Accounting.Rules.BaseAccountingRule Added new delivery item line to Delivery. Line: Pos: 1 Product: 9030 Text: HB-3407 e2e flighttime Qty: 47 of type: Minuten Discount: 0% Add. Info: 
2026-09-28 10:43:53.0975 FLS.Server.Service.Accounting.Rules.BaseAccountingRule Applied rule AircraftFlightTimeRule, Nr of Conditions=2, RuleApplied=True, StopRuleEngineWhenRuleApplied=False, Rule-Filter: e2e FlightTime of type: FLS.Server.Service.Accounting.Rules.ItemRules.AircraftFlightTimeRule has conditions: '(1 EQUALS 1 ==> True),(Value: 2820 is BETWEEN 0 and 2147483647 (incl. minValue = False; maxValue = True ==> True)' for Flight: Glider-Flight: HB-3407, Pilot: Kellner Hansli, Flight-Date: 12/02/2025, Starttime: 00:00, LdgTime: 00:47, Flightcode: 63, Nr of Ldgs: 1/0, Flight-Air-State: 20, Flight-Process-State: 40
2026-09-28 10:43:53.1025 FLS.Server.Service.BaseService Created accounting for Kellner Hansli: Flight-Date: 12/02/2025 Aircraft: HB-3407 Nr of Lines: 1
2026-09-28 10:43:53.1479 FLS.Server.Data.FLSDataEntities Delete AccountingRuleFilter with Data: [AccountingRuleFilter -> AccountingRuleFilterId: 86561ba1-5e18-43c0-b6e5-64bd6dd0c71a, ClubId: 0fa7b76f-47ba-4138-8f96-671400fd7c83, AccountingRuleFilterTypeId: 30, RuleFilterName: e2e FlightTime, Description: e2e #32: e2e FlightTime, IsActive: True, SortIndicator: 1000, ArticleTarget: {"ArticleNumber":"9030","DeliveryLineText":"e2e flighttime"}, RecipientTarget: , StopRuleEngineWhenRuleApplied: False, IsRuleForGliderFlights: True, IsRuleForTowingFlights: False, IsRuleForMotorFlights: False, UseRuleForAllAircraftsExceptListed: True, MatchedAircraftImmatriculations: [], UseRuleForAllStartTypesExceptListed: True, MatchedStartTypes: [], UseRuleForAllFlightTypesExceptListed: True, MatchedFlightTypeCodes: [], ExtendMatchingFlightTypeCodesToGliderAndTowFlight: False, UseRuleForAllStartLocationsExceptListed: True, MatchedStartLocations: [], UseRuleForAllLdgLocationsExceptListed: True, MatchedLdgLocations: [], UseRuleForAllClubMemberNumbersExceptListed: True, MatchedClubMemberNumbers: [], UseRuleForAllFlightCrewTypesExceptListed: True, MatchedFlightCrewTypes: [], UseRuleForAllAircraftsOnHomebaseExceptListed: True, MatchedAircraftsHomebase: [], UseRuleForAllMemberStatesExceptListed: True, MatchedMemberStates: [], UseRuleForAllPersonCategoriesExceptListed: True, MatchedPersonCategories: [], IsChargedToClubInternal: False, MinFlightTimeInSecondsMatchingValue: 0, MaxFlightTimeInSecondsMatchingValue: 2147483647, MinEngineTimeInSecondsMatchingValue: 0, MaxEngineTimeInSecondsMatchingValue: 2147483647, IncludeThresholdText: False, ThresholdText: , IncludeFlightTypeName: False, NoLandingTaxForGlider: False, NoLandingTaxForTowingAircraft: False, NoLandingTaxForAircraft: False, AccountingUnitTypeId: , CreatedOn: 09/28/2026 10:43:52, CreatedByUserId: 76e80919-b8f8-4b8b-8c36-a8da9f9a0f25, ModifiedOn: , ModifiedByUserId: , DeletedOn: 09/28/2026 10:43:53, DeletedByUserId: 76e80919-b8f8-4b8b-8c36-a8da9f9a0f25, RecordState: 99, OwnerId: 0fa7b76f-47ba-4138-8f96-671400fd7c83, OwnershipType: 2, IsDeleted: False, Id: 86561ba1-5e18-43c0-b6e5-64bd6dd0c71a,  <- AccountingRuleFilter]

2026-09-28 10:43:53.2764 FLS.Server.Data.FLSDataEntities Insert AccountingRuleFilter with data: [AccountingRuleFilter -> AccountingRuleFilterId: 281d808c-fc64-448e-9372-70197e10b6d2, ClubId: 0fa7b76f-47ba-4138-8f96-671400fd7c83, AccountingRuleFilterTypeId: 40, RuleFilterName: e2e InstructorFee, Description: e2e #32: e2e InstructorFee, IsActive: True, SortIndicator: 1000, ArticleTarget: {"ArticleNumber":"9040","DeliveryLineText":"e2e instructor"}, RecipientTarget: , StopRuleEngineWhenRuleApplied: False, IsRuleForGliderFlights: True, IsRuleForTowingFlights: True, IsRuleForMotorFlights: True, UseRuleForAllAircraftsExceptListed: True, MatchedAircraftImmatriculations: [], UseRuleForAllStartTypesExceptListed: True, MatchedStartTypes: [], UseRuleForAllFlightTypesExceptListed: True, MatchedFlightTypeCodes: [], ExtendMatchingFlightTypeCodesToGliderAndTowFlight: False, UseRuleForAllStartLocationsExceptListed: True, MatchedStartLocations: [], UseRuleForAllLdgLocationsExceptListed: True, MatchedLdgLocations: [], UseRuleForAllClubMemberNumbersExceptListed: True, MatchedClubMemberNumbers: [], UseRuleForAllFlightCrewTypesExceptListed: True, MatchedFlightCrewTypes: [], UseRuleForAllAircraftsOnHomebaseExceptListed: True, MatchedAircraftsHomebase: [], UseRuleForAllMemberStatesExceptListed: True, MatchedMemberStates: [], UseRuleForAllPersonCategoriesExceptListed: True, MatchedPersonCategories: [], IsChargedToClubInternal: False, MinFlightTimeInSecondsMatchingValue: 0, MaxFlightTimeInSecondsMatchingValue: 2147483647, MinEngineTimeInSecondsMatchingValue: 0, MaxEngineTimeInSecondsMatchingValue: 2147483647, IncludeThresholdText: False, ThresholdText: , IncludeFlightTypeName: False, NoLandingTaxForGlider: False, NoLandingTaxForTowingAircraft: False, NoLandingTaxForAircraft: False, AccountingUnitTypeId: 10, CreatedOn: 09/28/2026 10:43:53, CreatedByUserId: 76e80919-b8f8-4b8b-8c36-a8da9f9a0f25, ModifiedOn: , ModifiedByUserId: , DeletedOn: , DeletedByUserId: , RecordState: 1, OwnerId: 0fa7b76f-47ba-4138-8f96-671400fd7c83, OwnershipType: 2, IsDeleted: False, Id: 281d808c-fc64-448e-9372-70197e10b6d2,  <- AccountingRuleFilter]

2026-09-28 10:43:53.5689 FLS.Server.Service.BaseService Get 1 AccountingRuleFilters of clubId: 0fa7b76f-47ba-4138-8f96-671400fd7c83
2026-09-28 10:43:53.5793 FLS.Server.Service.BaseService Start creating accounting for flight: Glider-Flight: HB-3407, Pilot: Kellner Hansli, Flight-Date: 12/02/2025, Starttime: 00:00, LdgTime: 00:47, Flightcode: 63, Nr of Ldgs: 1/0, Flight-Air-State: 20, Flight-Process-State: 40 using 1 recipient rule filters and 1 accounting line rule filters.
2026-09-28 10:43:53.5932 FLS.Server.Service.RulesEngine.BaseRule NOT applied rule FlightCostPaidByPersonRule, Nr of Conditions=1, RuleApplied=False, StopRuleEngineWhenRuleApplied=False
2026-09-28 10:43:53.6262 FLS.Server.Service.RulesEngine.BaseRule Applied rule FlightCostPaidByPilotRule, Nr of Conditions=1, RuleApplied=True, StopRuleEngineWhenRuleApplied=False
2026-09-28 10:43:53.6383 FLS.Server.Service.RulesEngine.BaseRule Applied rule FlightDeliveryInfoRule, Nr of Conditions=1, RuleApplied=True, StopRuleEngineWhenRuleApplied=False
2026-09-28 10:43:53.6486 FLS.Server.Service.RulesEngine.BaseRule Applied rule AdditionalInfoRule, Nr of Conditions=1, RuleApplied=True, StopRuleEngineWhenRuleApplied=False
2026-09-28 10:43:53.6612 FLS.Server.Service.Accounting.RuleEngines.DeliveryItemRulesEngine No aircraft flight time mapping rule found for flight: Glider-Flight: HB-3407, Pilot: Kellner Hansli, Flight-Date: 12/02/2025, Starttime: 00:00, LdgTime: 00:47, Flightcode: 63, Nr of Ldgs: 1/0, Flight-Air-State: 20, Flight-Process-State: 40.
2026-09-28 10:43:53.6742 FLS.Server.Service.Accounting.Rules.BaseAccountingRule Added new delivery item line to delivery. Line: Pos: 1 Product: 9040 Text: Fluglehrer-Honorar  Qty: 47 of type: Minuten Discount: 0% Add. Info: 
2026-09-28 10:43:53.6841 FLS.Server.Service.Accounting.Rules.BaseAccountingRule Applied rule InstructorFeeRule, Nr of Conditions=1, RuleApplied=True, StopRuleEngineWhenRuleApplied=False, Rule-Filter: e2e InstructorFee of type: FLS.Server.Service.Accounting.Rules.ItemRules.InstructorFeeRule has conditions: '(1 EQUALS 1 ==> True)' for Flight: Glider-Flight: HB-3407, Pilot: Kellner Hansli, Flight-Date: 12/02/2025, Starttime: 00:00, LdgTime: 00:47, Flightcode: 63, Nr of Ldgs: 1/0, Flight-Air-State: 20, Flight-Process-State: 40
2026-09-28 10:43:53.6950 FLS.Server.Service.BaseService Created accounting for Kellner Hansli: Flight-Date: 12/02/2025 Aircraft: HB-3407 Nr of Lines: 1
2026-09-28 10:43:53.8414 FLS.Server.Data.FLSDataEntities Delete AccountingRuleFilter with Data: [AccountingRuleFilter -> AccountingRuleFilterId: 281d808c-fc64-448e-9372-70197e10b6d2, ClubId: 0fa7b76f-47ba-4138-8f96-671400fd7c83, AccountingRuleFilterTypeId: 40, RuleFilterName: e2e InstructorFee, Description: e2e #32: e2e InstructorFee, IsActive: True, SortIndicator: 1000, ArticleTarget: {"ArticleNumber":"9040","DeliveryLineText":"e2e instructor"}, RecipientTarget: , StopRuleEngineWhenRuleApplied: False, IsRuleForGliderFlights: True, IsRuleForTowingFlights: True, IsRuleForMotorFlights: True, UseRuleForAllAircraftsExceptListed: True, MatchedAircraftImmatriculations: [], UseRuleForAllStartTypesExceptListed: True, MatchedStartTypes: [], UseRuleForAllFlightTypesExceptListed: True, MatchedFlightTypeCodes: [], ExtendMatchingFlightTypeCodesToGliderAndTowFlight: False, UseRuleForAllStartLocationsExceptListed: True, MatchedStartLocations: [], UseRuleForAllLdgLocationsExceptListed: True, MatchedLdgLocations: [], UseRuleForAllClubMemberNumbersExceptListed: True, MatchedClubMemberNumbers: [], UseRuleForAllFlightCrewTypesExceptListed: True, MatchedFlightCrewTypes: [], UseRuleForAllAircraftsOnHomebaseExceptListed: True, MatchedAircraftsHomebase: [], UseRuleForAllMemberStatesExceptListed: True, MatchedMemberStates: [], UseRuleForAllPersonCategoriesExceptListed: True, MatchedPersonCategories: [], IsChargedToClubInternal: False, MinFlightTimeInSecondsMatchingValue: 0, MaxFlightTimeInSecondsMatchingValue: 2147483647, MinEngineTimeInSecondsMatchingValue: 0, MaxEngineTimeInSecondsMatchingValue: 2147483647, IncludeThresholdText: False, ThresholdText: , IncludeFlightTypeName: False, NoLandingTaxForGlider: False, NoLandingTaxForTowingAircraft: False, NoLandingTaxForAircraft: False, AccountingUnitTypeId: , CreatedOn: 09/28/2026 10:43:53, CreatedByUserId: 76e80919-b8f8-4b8b-8c36-a8da9f9a0f25, ModifiedOn: , ModifiedByUserId: , DeletedOn: 09/28/2026 10:43:53, DeletedByUserId: 76e80919-b8f8-4b8b-8c36-a8da9f9a0f25, RecordState: 99, OwnerId: 0fa7b76f-47ba-4138-8f96-671400fd7c83, OwnershipType: 2, IsDeleted: False, Id: 281d808c-fc64-448e-9372-70197e10b6d2,  <- AccountingRuleFilter]

2026-09-28 10:43:53.9158 FLS.Server.Data.FLSDataEntities Insert AccountingRuleFilter with data: [AccountingRuleFilter -> AccountingRuleFilterId: 290380b3-71fe-44ed-be54-f21926f305ef, ClubId: 0fa7b76f-47ba-4138-8f96-671400fd7c83, AccountingRuleFilterTypeId: 50, RuleFilterName: e2e AdditionalFuelFee, Description: e2e #32: e2e AdditionalFuelFee, IsActive: True, SortIndicator: 1000, ArticleTarget: {"ArticleNumber":"9050","DeliveryLineText":"e2e fuel"}, RecipientTarget: , StopRuleEngineWhenRuleApplied: False, IsRuleForGliderFlights: True, IsRuleForTowingFlights: True, IsRuleForMotorFlights: True, UseRuleForAllAircraftsExceptListed: True, MatchedAircraftImmatriculations: [], UseRuleForAllStartTypesExceptListed: True, MatchedStartTypes: [], UseRuleForAllFlightTypesExceptListed: True, MatchedFlightTypeCodes: [], ExtendMatchingFlightTypeCodesToGliderAndTowFlight: False, UseRuleForAllStartLocationsExceptListed: True, MatchedStartLocations: [], UseRuleForAllLdgLocationsExceptListed: True, MatchedLdgLocations: [], UseRuleForAllClubMemberNumbersExceptListed: True, MatchedClubMemberNumbers: [], UseRuleForAllFlightCrewTypesExceptListed: True, MatchedFlightCrewTypes: [], UseRuleForAllAircraftsOnHomebaseExceptListed: True, MatchedAircraftsHomebase: [], UseRuleForAllMemberStatesExceptListed: True, MatchedMemberStates: [], UseRuleForAllPersonCategoriesExceptListed: True, MatchedPersonCategories: [], IsChargedToClubInternal: False, MinFlightTimeInSecondsMatchingValue: 0, MaxFlightTimeInSecondsMatchingValue: 2147483647, MinEngineTimeInSecondsMatchingValue: 0, MaxEngineTimeInSecondsMatchingValue: 2147483647, IncludeThresholdText: False, ThresholdText: , IncludeFlightTypeName: False, NoLandingTaxForGlider: False, NoLandingTaxForTowingAircraft: False, NoLandingTaxForAircraft: False, AccountingUnitTypeId: 10, CreatedOn: 09/28/2026 10:43:53, CreatedByUserId: 76e80919-b8f8-4b8b-8c36-a8da9f9a0f25, ModifiedOn: , ModifiedByUserId: , DeletedOn: , DeletedByUserId: , RecordState: 1, OwnerId: 0fa7b76f-47ba-4138-8f96-671400fd7c83, OwnershipType: 2, IsDeleted: False, Id: 290380b3-71fe-44ed-be54-f21926f305ef,  <- AccountingRuleFilter]

2026-09-28 10:43:54.0825 FLS.Server.Service.BaseService Get 1 AccountingRuleFilters of clubId: 0fa7b76f-47ba-4138-8f96-671400fd7c83
2026-09-28 10:43:54.0878 FLS.Server.Service.BaseService Start creating accounting for flight: Glider-Flight: HB-3407, Pilot: Kellner Hansli, Flight-Date: 12/02/2025, Starttime: 00:00, LdgTime: 00:47, Flightcode: 63, Nr of Ldgs: 1/0, Flight-Air-State: 20, Flight-Process-State: 40 using 1 recipient rule filters and 1 accounting line rule filters.
2026-09-28 10:43:54.0926 FLS.Server.Service.RulesEngine.BaseRule NOT applied rule FlightCostPaidByPersonRule, Nr of Conditions=1, RuleApplied=False, StopRuleEngineWhenRuleApplied=False
2026-09-28 10:43:54.1115 FLS.Server.Service.BaseService Queried Flights for accounting and got 3 flights back.
2026-09-28 10:43:54.1123 FLS.Server.Service.RulesEngine.BaseRule Applied rule FlightCostPaidByPilotRule, Nr of Conditions=1, RuleApplied=True, StopRuleEngineWhenRuleApplied=False
2026-09-28 10:43:54.1221 FLS.Server.Service.RulesEngine.BaseRule Applied rule FlightDeliveryInfoRule, Nr of Conditions=1, RuleApplied=True, StopRuleEngineWhenRuleApplied=False
2026-09-28 10:43:54.1365 FLS.Server.Service.RulesEngine.BaseRule Applied rule AdditionalInfoRule, Nr of Conditions=1, RuleApplied=True, StopRuleEngineWhenRuleApplied=False
2026-09-28 10:43:54.1487 FLS.Server.Service.Accounting.RuleEngines.DeliveryItemRulesEngine No aircraft flight time mapping rule found for flight: Glider-Flight: HB-3407, Pilot: Kellner Hansli, Flight-Date: 12/02/2025, Starttime: 00:00, LdgTime: 00:47, Flightcode: 63, Nr of Ldgs: 1/0, Flight-Air-State: 20, Flight-Process-State: 40.
2026-09-28 10:43:54.1640 FLS.Server.Service.Accounting.Rules.BaseAccountingRule Added new delivery item line to delivery. Line: Pos: 1 Product: 9050 Text: e2e fuel HB-3407 Qty: 47 of type: Minuten Discount: 0% Add. Info: 
2026-09-28 10:43:54.1721 FLS.Server.Service.Accounting.Rules.BaseAccountingRule Applied rule AdditionalFuelFeeRule, Nr of Conditions=1, RuleApplied=True, StopRuleEngineWhenRuleApplied=False, Rule-Filter: e2e AdditionalFuelFee of type: FLS.Server.Service.Accounting.Rules.ItemRules.AdditionalFuelFeeRule has conditions: '(1 EQUALS 1 ==> True)' for Flight: Glider-Flight: HB-3407, Pilot: Kellner Hansli, Flight-Date: 12/02/2025, Starttime: 00:00, LdgTime: 00:47, Flightcode: 63, Nr of Ldgs: 1/0, Flight-Air-State: 20, Flight-Process-State: 40
2026-09-28 10:43:54.1784 FLS.Server.Service.BaseService Created accounting for Kellner Hansli: Flight-Date: 12/02/2025 Aircraft: HB-3407 Nr of Lines: 1
2026-09-28 10:43:54.1845 FLS.Server.Service.BaseService Get 1 AccountingRuleFilters of clubId: 0fa7b76f-47ba-4138-8f96-671400fd7c83
2026-09-28 10:43:54.3261 FLS.Server.Data.FLSDataEntities Delete AccountingRuleFilter with Data: [AccountingRuleFilter -> AccountingRuleFilterId: 290380b3-71fe-44ed-be54-f21926f305ef, ClubId: 0fa7b76f-47ba-4138-8f96-671400fd7c83, AccountingRuleFilterTypeId: 50, RuleFilterName: e2e AdditionalFuelFee, Description: e2e #32: e2e AdditionalFuelFee, IsActive: True, SortIndicator: 1000, ArticleTarget: {"ArticleNumber":"9050","DeliveryLineText":"e2e fuel"}, RecipientTarget: , StopRuleEngineWhenRuleApplied: False, IsRuleForGliderFlights: True, IsRuleForTowingFlights: True, IsRuleForMotorFlights: True, UseRuleForAllAircraftsExceptListed: True, MatchedAircraftImmatriculations: [], UseRuleForAllStartTypesExceptListed: True, MatchedStartTypes: [], UseRuleForAllFlightTypesExceptListed: True, MatchedFlightTypeCodes: [], ExtendMatchingFlightTypeCodesToGliderAndTowFlight: False, UseRuleForAllStartLocationsExceptListed: True, MatchedStartLocations: [], UseRuleForAllLdgLocationsExceptListed: True, MatchedLdgLocations: [], UseRuleForAllClubMemberNumbersExceptListed: True, MatchedClubMemberNumbers: [], UseRuleForAllFlightCrewTypesExceptListed: True, MatchedFlightCrewTypes: [], UseRuleForAllAircraftsOnHomebaseExceptListed: True, MatchedAircraftsHomebase: [], UseRuleForAllMemberStatesExceptListed: True, MatchedMemberStates: [], UseRuleForAllPersonCategoriesExceptListed: True, MatchedPersonCategories: [], IsChargedToClubInternal: False, MinFlightTimeInSecondsMatchingValue: 0, MaxFlightTimeInSecondsMatchingValue: 2147483647, MinEngineTimeInSecondsMatchingValue: 0, MaxEngineTimeInSecondsMatchingValue: 2147483647, IncludeThresholdText: False, ThresholdText: , IncludeFlightTypeName: False, NoLandingTaxForGlider: False, NoLandingTaxForTowingAircraft: False, NoLandingTaxForAircraft: False, AccountingUnitTypeId: , CreatedOn: 09/28/2026 10:43:53, CreatedByUserId: 76e80919-b8f8-4b8b-8c36-a8da9f9a0f25, ModifiedOn: , ModifiedByUserId: , DeletedOn: 09/28/2026 10:43:54, DeletedByUserId: 76e80919-b8f8-4b8b-8c36-a8da9f9a0f25, RecordState: 99, OwnerId: 0fa7b76f-47ba-4138-8f96-671400fd7c83, OwnershipType: 2, IsDeleted: False, Id: 290380b3-71fe-44ed-be54-f21926f305ef,  <- AccountingRuleFilter]

2026-09-28 10:43:54.4282 FLS.Server.Service.BaseService Start creating accounting for flight: Glider-Flight: HB-3407, Pilot: Kellner Hansli, Flight-Date: 12/02/2025, Starttime: 00:00, LdgTime: 00:47, Flightcode: 63, Nr of Ldgs: 1/0, Flight-Air-State: 20, Flight-Process-State: 40 using 1 recipient rule filters and 1 accounting line rule filters.
2026-09-28 10:43:54.4358 FLS.Server.Service.RulesEngine.BaseRule NOT applied rule FlightCostPaidByPersonRule, Nr of Conditions=1, RuleApplied=False, StopRuleEngineWhenRuleApplied=False
2026-09-28 10:43:54.4547 FLS.Server.Service.RulesEngine.BaseRule Applied rule FlightCostPaidByPilotRule, Nr of Conditions=1, RuleApplied=True, StopRuleEngineWhenRuleApplied=False
2026-09-28 10:43:54.4629 FLS.Server.Data.FLSDataEntities Insert AccountingRuleFilter with data: [AccountingRuleFilter -> AccountingRuleFilterId: 814b77a0-8bff-42c1-8b73-3985154468c5, ClubId: 0fa7b76f-47ba-4138-8f96-671400fd7c83, AccountingRuleFilterTypeId: 55, RuleFilterName: e2e StartTax, Description: e2e #32: e2e StartTax, IsActive: True, SortIndicator: 1000, ArticleTarget: {"ArticleNumber":"9055","DeliveryLineText":"e2e starttax"}, RecipientTarget: , StopRuleEngineWhenRuleApplied: False, IsRuleForGliderFlights: True, IsRuleForTowingFlights: True, IsRuleForMotorFlights: True, UseRuleForAllAircraftsExceptListed: True, MatchedAircraftImmatriculations: [], UseRuleForAllStartTypesExceptListed: True, MatchedStartTypes: [], UseRuleForAllFlightTypesExceptListed: True, MatchedFlightTypeCodes: [], ExtendMatchingFlightTypeCodesToGliderAndTowFlight: False, UseRuleForAllStartLocationsExceptListed: True, MatchedStartLocations: [], UseRuleForAllLdgLocationsExceptListed: True, MatchedLdgLocations: [], UseRuleForAllClubMemberNumbersExceptListed: True, MatchedClubMemberNumbers: [], UseRuleForAllFlightCrewTypesExceptListed: True, MatchedFlightCrewTypes: [], UseRuleForAllAircraftsOnHomebaseExceptListed: True, MatchedAircraftsHomebase: [], UseRuleForAllMemberStatesExceptListed: True, MatchedMemberStates: [], UseRuleForAllPersonCategoriesExceptListed: True, MatchedPersonCategories: [], IsChargedToClubInternal: False, MinFlightTimeInSecondsMatchingValue: 0, MaxFlightTimeInSecondsMatchingValue: 2147483647, MinEngineTimeInSecondsMatchingValue: 0, MaxEngineTimeInSecondsMatchingValue: 2147483647, IncludeThresholdText: False, ThresholdText: , IncludeFlightTypeName: False, NoLandingTaxForGlider: False, NoLandingTaxForTowingAircraft: False, NoLandingTaxForAircraft: False, AccountingUnitTypeId: 40, CreatedOn: 09/28/2026 10:43:54, CreatedByUserId: 76e80919-b8f8-4b8b-8c36-a8da9f9a0f25, ModifiedOn: , ModifiedByUserId: , DeletedOn: , DeletedByUserId: , RecordState: 1, OwnerId: 0fa7b76f-47ba-4138-8f96-671400fd7c83, OwnershipType: 2, IsDeleted: False, Id: 814b77a0-8bff-42c1-8b73-3985154468c5,  <- AccountingRuleFilter]

2026-09-28 10:43:54.4648 FLS.Server.Service.RulesEngine.BaseRule Applied rule FlightDeliveryInfoRule, Nr of Conditions=1, RuleApplied=True, StopRuleEngineWhenRuleApplied=False
2026-09-28 10:43:54.4750 FLS.Server.Service.RulesEngine.BaseRule Applied rule AdditionalInfoRule, Nr of Conditions=1, RuleApplied=True, StopRuleEngineWhenRuleApplied=False
2026-09-28 10:43:54.4803 FLS.Server.Service.Accounting.RuleEngines.DeliveryItemRulesEngine No aircraft flight time mapping rule found for flight: Glider-Flight: HB-3407, Pilot: Kellner Hansli, Flight-Date: 12/02/2025, Starttime: 00:00, LdgTime: 00:47, Flightcode: 63, Nr of Ldgs: 1/0, Flight-Air-State: 20, Flight-Process-State: 40.
2026-09-28 10:43:54.4854 FLS.Server.Service.Accounting.Rules.BaseAccountingRule Added new delivery item line to delivery. Line: Pos: 1 Product: 9050 Text: e2e fuel HB-3407 Qty: 47 of type: Minuten Discount: 0% Add. Info: 
2026-09-28 10:43:54.4912 FLS.Server.Service.Accounting.Rules.BaseAccountingRule Applied rule AdditionalFuelFeeRule, Nr of Conditions=1, RuleApplied=True, StopRuleEngineWhenRuleApplied=False, Rule-Filter: e2e AdditionalFuelFee of type: FLS.Server.Service.Accounting.Rules.ItemRules.AdditionalFuelFeeRule has conditions: '(1 EQUALS 1 ==> True)' for Flight: Glider-Flight: HB-3407, Pilot: Kellner Hansli, Flight-Date: 12/02/2025, Starttime: 00:00, LdgTime: 00:47, Flightcode: 63, Nr of Ldgs: 1/0, Flight-Air-State: 20, Flight-Process-State: 40
2026-09-28 10:43:54.5032 FLS.Server.Service.BaseService Created accounting for Kellner Hansli: Flight-Date: 12/02/2025 Aircraft: HB-3407 Nr of Lines: 1
2026-09-28 10:43:54.5467 FLS.Server.Data.FLSDataEntities Insert Delivery with data: [Delivery -> DeliveryId: d52b04bc-4869-4f3f-9d01-45051f66f080, ClubId: 0fa7b76f-47ba-4138-8f96-671400fd7c83, FlightId: f1500005-0000-0000-0000-000000000001, RecipientPersonId: 563f121e-b2ae-4738-b8fd-7805ac393914, RecipientName: Kellner Hansli, RecipientFirstname: Hansli, RecipientLastname: Kellner, RecipientAddressLine1: Köchlistrasse 1, RecipientAddressLine2: , RecipientZipCode: 9544, RecipientCity: Bichelsee, RecipientCountryName: , RecipientPersonClubMemberNumber: 536594, DeliveryInformation: Passagierflug Bar mit PAX: , AdditionalInformation: 0, DeliveryNumber: , DeliveredOn: , IsFurtherProcessed: False, BatchId: 1, CreatedOn: 09/28/2026 10:43:54, CreatedByUserId: 76e80919-b8f8-4b8b-8c36-a8da9f9a0f25, ModifiedOn: , ModifiedByUserId: , DeletedOn: , DeletedByUserId: , RecordState: 1, OwnerId: 0fa7b76f-47ba-4138-8f96-671400fd7c83, OwnershipType: 2, IsDeleted: False, Id: d52b04bc-4869-4f3f-9d01-45051f66f080,  <- Delivery]

2026-09-28 10:43:54.5620 FLS.Server.Data.FLSDataEntities Insert DeliveryItem with data: [DeliveryItem -> DeliveryItemId: dadb55b6-2cf6-40a5-bb20-f5f40664fd8f, DeliveryId: 00000000-0000-0000-0000-000000000000, Position: 1, ArticleNumber: 9050, ItemText: e2e fuel HB-3407, AdditionalInformation: , Quantity: 47, DiscountInPercent: 0, UnitType: Minuten, CreatedOn: 09/28/2026 10:43:54, CreatedByUserId: 76e80919-b8f8-4b8b-8c36-a8da9f9a0f25, ModifiedOn: , ModifiedByUserId: , DeletedOn: , DeletedByUserId: , RecordState: 1, OwnerId: 0fa7b76f-47ba-4138-8f96-671400fd7c83, OwnershipType: 2, IsDeleted: False, Id: dadb55b6-2cf6-40a5-bb20-f5f40664fd8f,  <- DeliveryItem]

2026-09-28 10:43:54.5706 FLS.Server.Data.FLSDataEntities Update Flight with data: Glider-Flight: HB-3407, Pilot: Kellner Hansli, Flight-Date: 12/02/2025, Starttime: 00:00, LdgTime: 00:47, Flightcode: 63, Nr of Ldgs: 1/0, Flight-Air-State: 20, Flight-Process-State: 50
2026-09-28 10:43:54.6875 FLS.Server.Service.BaseService Get 1 AccountingRuleFilters of clubId: 0fa7b76f-47ba-4138-8f96-671400fd7c83
2026-09-28 10:43:54.6934 FLS.Server.Service.BaseService Start creating accounting for flight: Glider-Flight: HB-3407, Pilot: Kellner Hansli, Flight-Date: 12/02/2025, Starttime: 00:00, LdgTime: 00:47, Flightcode: 63, Nr of Ldgs: 1/0, Flight-Air-State: 20, Flight-Process-State: 40 using 1 recipient rule filters and 1 accounting line rule filters.
2026-09-28 10:43:54.6990 FLS.Server.Service.RulesEngine.BaseRule NOT applied rule FlightCostPaidByPersonRule, Nr of Conditions=1, RuleApplied=False, StopRuleEngineWhenRuleApplied=False
2026-09-28 10:43:54.7275 FLS.Server.Service.RulesEngine.BaseRule Applied rule FlightCostPaidByPilotRule, Nr of Conditions=1, RuleApplied=True, StopRuleEngineWhenRuleApplied=False
2026-09-28 10:43:54.7337 FLS.Server.Service.RulesEngine.BaseRule Applied rule FlightDeliveryInfoRule, Nr of Conditions=1, RuleApplied=True, StopRuleEngineWhenRuleApplied=False
2026-09-28 10:43:54.7389 FLS.Server.Service.RulesEngine.BaseRule Applied rule AdditionalInfoRule, Nr of Conditions=1, RuleApplied=True, StopRuleEngineWhenRuleApplied=False
2026-09-28 10:43:54.7446 FLS.Server.Service.Accounting.RuleEngines.DeliveryItemRulesEngine No aircraft flight time mapping rule found for flight: Glider-Flight: HB-3407, Pilot: Kellner Hansli, Flight-Date: 12/02/2025, Starttime: 00:00, LdgTime: 00:47, Flightcode: 63, Nr of Ldgs: 1/0, Flight-Air-State: 20, Flight-Process-State: 40.
2026-09-28 10:43:54.7523 FLS.Server.Service.BaseService Start creating accounting for flight: Glider-Flight: HB-3407, Pilot: Bonzli Lenni, Flight-Date: 09/28/2026, Starttime: 10:00, LdgTime: 10:30, Flightcode: 60, Nr of Ldgs: 1/0, Flight-Air-State: 20, Flight-Process-State: 40 using 1 recipient rule filters and 1 accounting line rule filters.
2026-09-28 10:43:54.7626 FLS.Server.Service.Accounting.Rules.BaseAccountingRule Added new delivery item line to delivery. Line: Pos: 1 Product: 9055 Text: e2e starttax Qty: 1 of type: Start Discount: 0% Add. Info: 
2026-09-28 10:43:54.7677 FLS.Server.Service.Accounting.Rules.BaseAccountingRule Applied rule StartTaxRule, Nr of Conditions=2, RuleApplied=True, StopRuleEngineWhenRuleApplied=False, Rule-Filter: e2e StartTax of type: FLS.Server.Service.Accounting.Rules.ItemRules.StartTaxRule has conditions: '(1 EQUALS 1 ==> True),(Value: 2820 is BETWEEN 0 and 2147483647 (incl. minValue = False; maxValue = True ==> True)' for Flight: Glider-Flight: HB-3407, Pilot: Kellner Hansli, Flight-Date: 12/02/2025, Starttime: 00:00, LdgTime: 00:47, Flightcode: 63, Nr of Ldgs: 1/0, Flight-Air-State: 20, Flight-Process-State: 40
2026-09-28 10:43:54.7636 FLS.Server.Service.RulesEngine.BaseRule NOT applied rule FlightCostPaidByPersonRule, Nr of Conditions=1, RuleApplied=False, StopRuleEngineWhenRuleApplied=False
2026-09-28 10:43:54.7734 FLS.Server.Service.BaseService Created accounting for Kellner Hansli: Flight-Date: 12/02/2025 Aircraft: HB-3407 Nr of Lines: 1
2026-09-28 10:43:54.7799 FLS.Server.Service.RulesEngine.BaseRule Applied rule FlightCostPaidByPilotRule, Nr of Conditions=1, RuleApplied=True, StopRuleEngineWhenRuleApplied=False
2026-09-28 10:43:54.7841 FLS.Server.Service.RulesEngine.BaseRule Applied rule FlightDeliveryInfoRule, Nr of Conditions=1, RuleApplied=True, StopRuleEngineWhenRuleApplied=False
2026-09-28 10:43:54.7888 FLS.Server.Service.RulesEngine.BaseRule Applied rule AdditionalInfoRule, Nr of Conditions=1, RuleApplied=True, StopRuleEngineWhenRuleApplied=False
2026-09-28 10:43:54.7943 FLS.Server.Service.Accounting.RuleEngines.DeliveryItemRulesEngine No aircraft flight time mapping rule found for flight: Glider-Flight: HB-3407, Pilot: Bonzli Lenni, Flight-Date: 09/28/2026, Starttime: 10:00, LdgTime: 10:30, Flightcode: 60, Nr of Ldgs: 1/0, Flight-Air-State: 20, Flight-Process-State: 40.
2026-09-28 10:43:54.8022 FLS.Server.Service.Accounting.Rules.BaseAccountingRule Added new delivery item line to delivery. Line: Pos: 1 Product: 9050 Text: e2e fuel HB-3407 Qty: 30 of type: Minuten Discount: 0% Add. Info: 
2026-09-28 10:43:54.8077 FLS.Server.Service.Accounting.Rules.BaseAccountingRule Applied rule AdditionalFuelFeeRule, Nr of Conditions=1, RuleApplied=True, StopRuleEngineWhenRuleApplied=False, Rule-Filter: e2e AdditionalFuelFee of type: FLS.Server.Service.Accounting.Rules.ItemRules.AdditionalFuelFeeRule has conditions: '(1 EQUALS 1 ==> True)' for Flight: Glider-Flight: HB-3407, Pilot: Bonzli Lenni, Flight-Date: 09/28/2026, Starttime: 10:00, LdgTime: 10:30, Flightcode: 60, Nr of Ldgs: 1/0, Flight-Air-State: 20, Flight-Process-State: 40
2026-09-28 10:43:54.8138 FLS.Server.Service.BaseService Created accounting for Bonzli Lenni: Flight-Date: 09/28/2026 Aircraft: HB-3407 Nr of Lines: 1
2026-09-28 10:43:54.8394 FLS.Server.Data.FLSDataEntities Delete AccountingRuleFilter with Data: [AccountingRuleFilter -> AccountingRuleFilterId: 814b77a0-8bff-42c1-8b73-3985154468c5, ClubId: 0fa7b76f-47ba-4138-8f96-671400fd7c83, AccountingRuleFilterTypeId: 55, RuleFilterName: e2e StartTax, Description: e2e #32: e2e StartTax, IsActive: True, SortIndicator: 1000, ArticleTarget: {"ArticleNumber":"9055","DeliveryLineText":"e2e starttax"}, RecipientTarget: , StopRuleEngineWhenRuleApplied: False, IsRuleForGliderFlights: True, IsRuleForTowingFlights: True, IsRuleForMotorFlights: True, UseRuleForAllAircraftsExceptListed: True, MatchedAircraftImmatriculations: [], UseRuleForAllStartTypesExceptListed: True, MatchedStartTypes: [], UseRuleForAllFlightTypesExceptListed: True, MatchedFlightTypeCodes: [], ExtendMatchingFlightTypeCodesToGliderAndTowFlight: False, UseRuleForAllStartLocationsExceptListed: True, MatchedStartLocations: [], UseRuleForAllLdgLocationsExceptListed: True, MatchedLdgLocations: [], UseRuleForAllClubMemberNumbersExceptListed: True, MatchedClubMemberNumbers: [], UseRuleForAllFlightCrewTypesExceptListed: True, MatchedFlightCrewTypes: [], UseRuleForAllAircraftsOnHomebaseExceptListed: True, MatchedAircraftsHomebase: [], UseRuleForAllMemberStatesExceptListed: True, MatchedMemberStates: [], UseRuleForAllPersonCategoriesExceptListed: True, MatchedPersonCategories: [], IsChargedToClubInternal: False, MinFlightTimeInSecondsMatchingValue: 0, MaxFlightTimeInSecondsMatchingValue: 2147483647, MinEngineTimeInSecondsMatchingValue: 0, MaxEngineTimeInSecondsMatchingValue: 2147483647, IncludeThresholdText: False, ThresholdText: , IncludeFlightTypeName: False, NoLandingTaxForGlider: False, NoLandingTaxForTowingAircraft: False, NoLandingTaxForAircraft: False, AccountingUnitTypeId: , CreatedOn: 09/28/2026 10:43:54, CreatedByUserId: 76e80919-b8f8-4b8b-8c36-a8da9f9a0f25, ModifiedOn: , ModifiedByUserId: , DeletedOn: 09/28/2026 10:43:54, DeletedByUserId: 76e80919-b8f8-4b8b-8c36-a8da9f9a0f25, RecordState: 99, OwnerId: 0fa7b76f-47ba-4138-8f96-671400fd7c83, OwnershipType: 2, IsDeleted: False, Id: 814b77a0-8bff-42c1-8b73-3985154468c5,  <- AccountingRuleFilter]

2026-09-28 10:43:54.8352 FLS.Server.Data.FLSDataEntities Insert Delivery with data: [Delivery -> DeliveryId: 2c54372b-1f29-4ca5-a34c-e246dfa34fab, ClubId: 0fa7b76f-47ba-4138-8f96-671400fd7c83, FlightId: 2bc7cd85-6b34-4c9e-a216-3f316b62d133, RecipientPersonId: ea1f94f8-17c1-419d-8166-ea8e9352c8dd, RecipientName: Bonzli Lenni, RecipientFirstname: Lenni, RecipientLastname: Bonzli, RecipientAddressLine1: Köchlistrasse 1, RecipientAddressLine2: , RecipientZipCode: 3000, RecipientCity: Bern, RecipientCountryName: , RecipientPersonClubMemberNumber: 205207, DeliveryInformation: Charter Clubflugzeug, AdditionalInformation: 0, DeliveryNumber: , DeliveredOn: , IsFurtherProcessed: False, BatchId: 1, CreatedOn: 09/28/2026 10:43:54, CreatedByUserId: 76e80919-b8f8-4b8b-8c36-a8da9f9a0f25, ModifiedOn: , ModifiedByUserId: , DeletedOn: , DeletedByUserId: , RecordState: 1, OwnerId: 0fa7b76f-47ba-4138-8f96-671400fd7c83, OwnershipType: 2, IsDeleted: False, Id: 2c54372b-1f29-4ca5-a34c-e246dfa34fab,  <- Delivery]

2026-09-28 10:43:54.8520 FLS.Server.Data.FLSDataEntities Insert DeliveryItem with data: [DeliveryItem -> DeliveryItemId: 2f632da3-6251-4b84-a307-d38a4ae53c16, DeliveryId: 00000000-0000-0000-0000-000000000000, Position: 1, ArticleNumber: 9050, ItemText: e2e fuel HB-3407, AdditionalInformation: , Quantity: 30, DiscountInPercent: 0, UnitType: Minuten, CreatedOn: 09/28/2026 10:43:54, CreatedByUserId: 76e80919-b8f8-4b8b-8c36-a8da9f9a0f25, ModifiedOn: , ModifiedByUserId: , DeletedOn: , DeletedByUserId: , RecordState: 1, OwnerId: 0fa7b76f-47ba-4138-8f96-671400fd7c83, OwnershipType: 2, IsDeleted: False, Id: 2f632da3-6251-4b84-a307-d38a4ae53c16,  <- DeliveryItem]

2026-09-28 10:43:54.8615 FLS.Server.Data.FLSDataEntities Update Flight with data: Glider-Flight: HB-3407, Pilot: Bonzli Lenni, Flight-Date: 09/28/2026, Starttime: 10:00, LdgTime: 10:30, Flightcode: 60, Nr of Ldgs: 1/0, Flight-Air-State: 20, Flight-Process-State: 50
2026-09-28 10:43:55.0000 FLS.Server.Data.FLSDataEntities Insert AccountingRuleFilter with data: [AccountingRuleFilter -> AccountingRuleFilterId: e945c805-9401-49f5-a8a9-cf16bf6d1ff0, ClubId: 0fa7b76f-47ba-4138-8f96-671400fd7c83, AccountingRuleFilterTypeId: 60, RuleFilterName: e2e LandingTax, Description: e2e #32: e2e LandingTax, IsActive: True, SortIndicator: 1000, ArticleTarget: {"ArticleNumber":"9060","DeliveryLineText":"e2e landingtax"}, RecipientTarget: , StopRuleEngineWhenRuleApplied: False, IsRuleForGliderFlights: True, IsRuleForTowingFlights: True, IsRuleForMotorFlights: True, UseRuleForAllAircraftsExceptListed: True, MatchedAircraftImmatriculations: [], UseRuleForAllStartTypesExceptListed: True, MatchedStartTypes: [], UseRuleForAllFlightTypesExceptListed: True, MatchedFlightTypeCodes: [], ExtendMatchingFlightTypeCodesToGliderAndTowFlight: False, UseRuleForAllStartLocationsExceptListed: True, MatchedStartLocations: [], UseRuleForAllLdgLocationsExceptListed: True, MatchedLdgLocations: [], UseRuleForAllClubMemberNumbersExceptListed: True, MatchedClubMemberNumbers: [], UseRuleForAllFlightCrewTypesExceptListed: True, MatchedFlightCrewTypes: [], UseRuleForAllAircraftsOnHomebaseExceptListed: True, MatchedAircraftsHomebase: [], UseRuleForAllMemberStatesExceptListed: True, MatchedMemberStates: [], UseRuleForAllPersonCategoriesExceptListed: True, MatchedPersonCategories: [], IsChargedToClubInternal: False, MinFlightTimeInSecondsMatchingValue: 0, MaxFlightTimeInSecondsMatchingValue: 2147483647, MinEngineTimeInSecondsMatchingValue: 0, MaxEngineTimeInSecondsMatchingValue: 2147483647, IncludeThresholdText: False, ThresholdText: , IncludeFlightTypeName: False, NoLandingTaxForGlider: False, NoLandingTaxForTowingAircraft: False, NoLandingTaxForAircraft: False, AccountingUnitTypeId: 30, CreatedOn: 09/28/2026 10:43:54, CreatedByUserId: 76e80919-b8f8-4b8b-8c36-a8da9f9a0f25, ModifiedOn: , ModifiedByUserId: , DeletedOn: , DeletedByUserId: , RecordState: 1, OwnerId: 0fa7b76f-47ba-4138-8f96-671400fd7c83, OwnershipType: 2, IsDeleted: False, Id: e945c805-9401-49f5-a8a9-cf16bf6d1ff0,  <- AccountingRuleFilter]

2026-09-28 10:43:55.0457 FLS.Server.Service.BaseService Start creating accounting for flight: Glider-Flight: HB-3407, Pilot: Bonzli Lenni, Flight-Date: 09/28/2026, Starttime: 10:00, LdgTime: 10:30, Flightcode: 60, Nr of Ldgs: 1/0, Flight-Air-State: 20, Flight-Process-State: 40 using 1 recipient rule filters and 1 accounting line rule filters.
2026-09-28 10:43:55.0572 FLS.Server.Service.RulesEngine.BaseRule NOT applied rule FlightCostPaidByPersonRule, Nr of Conditions=1, RuleApplied=False, StopRuleEngineWhenRuleApplied=False
2026-09-28 10:43:55.1010 FLS.Server.Service.RulesEngine.BaseRule Applied rule FlightCostPaidByPilotRule, Nr of Conditions=1, RuleApplied=True, StopRuleEngineWhenRuleApplied=False
2026-09-28 10:43:55.1150 FLS.Server.Service.RulesEngine.BaseRule Applied rule FlightDeliveryInfoRule, Nr of Conditions=1, RuleApplied=True, StopRuleEngineWhenRuleApplied=False
2026-09-28 10:43:55.1236 FLS.Server.Service.RulesEngine.BaseRule Applied rule AdditionalInfoRule, Nr of Conditions=1, RuleApplied=True, StopRuleEngineWhenRuleApplied=False
2026-09-28 10:43:55.1396 FLS.Server.Service.Accounting.RuleEngines.DeliveryItemRulesEngine No aircraft flight time mapping rule found for flight: Glider-Flight: HB-3407, Pilot: Bonzli Lenni, Flight-Date: 09/28/2026, Starttime: 10:00, LdgTime: 10:30, Flightcode: 60, Nr of Ldgs: 1/0, Flight-Air-State: 20, Flight-Process-State: 40.
2026-09-28 10:43:55.1514 FLS.Server.Service.Accounting.Rules.BaseAccountingRule Added new delivery item line to delivery. Line: Pos: 1 Product: 9050 Text: e2e fuel HB-3407 Qty: 30 of type: Minuten Discount: 0% Add. Info: 
2026-09-28 10:43:55.1636 FLS.Server.Service.Accounting.Rules.BaseAccountingRule Applied rule AdditionalFuelFeeRule, Nr of Conditions=1, RuleApplied=True, StopRuleEngineWhenRuleApplied=False, Rule-Filter: e2e AdditionalFuelFee of type: FLS.Server.Service.Accounting.Rules.ItemRules.AdditionalFuelFeeRule has conditions: '(1 EQUALS 1 ==> True)' for Flight: Glider-Flight: HB-3407, Pilot: Bonzli Lenni, Flight-Date: 09/28/2026, Starttime: 10:00, LdgTime: 10:30, Flightcode: 60, Nr of Ldgs: 1/0, Flight-Air-State: 20, Flight-Process-State: 40
2026-09-28 10:43:55.1985 FLS.Server.Service.BaseService Created accounting for Bonzli Lenni: Flight-Date: 09/28/2026 Aircraft: HB-3407 Nr of Lines: 1
2026-09-28 10:43:55.2437 FLS.Server.Data.FLSDataEntities Insert Delivery with data: [Delivery -> DeliveryId: 8584be79-0863-493d-89a2-b48687b87942, ClubId: 0fa7b76f-47ba-4138-8f96-671400fd7c83, FlightId: a2ca0770-c6c6-4d9f-bad8-7a77aaeb4617, RecipientPersonId: ea1f94f8-17c1-419d-8166-ea8e9352c8dd, RecipientName: Bonzli Lenni, RecipientFirstname: Lenni, RecipientLastname: Bonzli, RecipientAddressLine1: Köchlistrasse 1, RecipientAddressLine2: , RecipientZipCode: 3000, RecipientCity: Bern, RecipientCountryName: , RecipientPersonClubMemberNumber: 205207, DeliveryInformation: Charter Clubflugzeug, AdditionalInformation: 0, DeliveryNumber: , DeliveredOn: , IsFurtherProcessed: False, BatchId: 1, CreatedOn: 09/28/2026 10:43:55, CreatedByUserId: 76e80919-b8f8-4b8b-8c36-a8da9f9a0f25, ModifiedOn: , ModifiedByUserId: , DeletedOn: , DeletedByUserId: , RecordState: 1, OwnerId: 0fa7b76f-47ba-4138-8f96-671400fd7c83, OwnershipType: 2, IsDeleted: False, Id: 8584be79-0863-493d-89a2-b48687b87942,  <- Delivery]

2026-09-28 10:43:55.2616 FLS.Server.Data.FLSDataEntities Insert DeliveryItem with data: [DeliveryItem -> DeliveryItemId: e176a901-78ec-40d2-85ca-40b14ba04da4, DeliveryId: 00000000-0000-0000-0000-000000000000, Position: 1, ArticleNumber: 9050, ItemText: e2e fuel HB-3407, AdditionalInformation: , Quantity: 30, DiscountInPercent: 0, UnitType: Minuten, CreatedOn: 09/28/2026 10:43:55, CreatedByUserId: 76e80919-b8f8-4b8b-8c36-a8da9f9a0f25, ModifiedOn: , ModifiedByUserId: , DeletedOn: , DeletedByUserId: , RecordState: 1, OwnerId: 0fa7b76f-47ba-4138-8f96-671400fd7c83, OwnershipType: 2, IsDeleted: False, Id: e176a901-78ec-40d2-85ca-40b14ba04da4,  <- DeliveryItem]

2026-09-28 10:43:55.2726 FLS.Server.Data.FLSDataEntities Update Flight with data: Glider-Flight: HB-3407, Pilot: Bonzli Lenni, Flight-Date: 09/28/2026, Starttime: 10:00, LdgTime: 10:30, Flightcode: 60, Nr of Ldgs: 1/0, Flight-Air-State: 20, Flight-Process-State: 50
2026-09-28 10:43:55.3063 FLS.Server.Service.BaseService Get 1 AccountingRuleFilters of clubId: 0fa7b76f-47ba-4138-8f96-671400fd7c83
2026-09-28 10:43:55.3177 FLS.Server.Service.BaseService Start creating accounting for flight: Glider-Flight: HB-3407, Pilot: Kellner Hansli, Flight-Date: 12/02/2025, Starttime: 00:00, LdgTime: 00:47, Flightcode: 63, Nr of Ldgs: 1/0, Flight-Air-State: 20, Flight-Process-State: 50 using 1 recipient rule filters and 1 accounting line rule filters.
2026-09-28 10:43:55.3312 FLS.Server.Service.RulesEngine.BaseRule NOT applied rule FlightCostPaidByPersonRule, Nr of Conditions=1, RuleApplied=False, StopRuleEngineWhenRuleApplied=False
2026-09-28 10:43:55.3633 FLS.Server.Service.RulesEngine.BaseRule Applied rule FlightCostPaidByPilotRule, Nr of Conditions=1, RuleApplied=True, StopRuleEngineWhenRuleApplied=False
2026-09-28 10:43:55.3718 FLS.Server.Service.RulesEngine.BaseRule Applied rule FlightDeliveryInfoRule, Nr of Conditions=1, RuleApplied=True, StopRuleEngineWhenRuleApplied=False
2026-09-28 10:43:55.3837 FLS.Server.Service.RulesEngine.BaseRule Applied rule AdditionalInfoRule, Nr of Conditions=1, RuleApplied=True, StopRuleEngineWhenRuleApplied=False
2026-09-28 10:43:55.3936 FLS.Server.Service.Accounting.RuleEngines.DeliveryItemRulesEngine No aircraft flight time mapping rule found for flight: Glider-Flight: HB-3407, Pilot: Kellner Hansli, Flight-Date: 12/02/2025, Starttime: 00:00, LdgTime: 00:47, Flightcode: 63, Nr of Ldgs: 1/0, Flight-Air-State: 20, Flight-Process-State: 50.
2026-09-28 10:43:55.4104 FLS.Server.Service.Accounting.Rules.BaseAccountingRule Added new delivery item line to delivery. Line: Pos: 1 Product: 9060 Text: e2e landingtax Qty: 1 of type: Landung Discount: 0% Add. Info: 
2026-09-28 10:43:55.4223 FLS.Server.Service.Accounting.Rules.BaseAccountingRule Applied rule LandingTaxRule, Nr of Conditions=2, RuleApplied=True, StopRuleEngineWhenRuleApplied=False, Rule-Filter: e2e LandingTax of type: FLS.Server.Service.Accounting.Rules.ItemRules.LandingTaxRule has conditions: '(1 EQUALS 1 ==> True),(Value: 2820 is BETWEEN 0 and 2147483647 (incl. minValue = False; maxValue = True ==> True)' for Flight: Glider-Flight: HB-3407, Pilot: Kellner Hansli, Flight-Date: 12/02/2025, Starttime: 00:00, LdgTime: 00:47, Flightcode: 63, Nr of Ldgs: 1/0, Flight-Air-State: 20, Flight-Process-State: 50
2026-09-28 10:43:55.4341 FLS.Server.Service.Accounting.Rules.BaseAccountingRule NOT applied rule LandingTaxOnStartLocationRule, Nr of Conditions=3, RuleApplied=False, StopRuleEngineWhenRuleApplied=False, Rule-Filter: e2e LandingTax of type: FLS.Server.Service.Accounting.Rules.ItemRules.LandingTaxOnStartLocationRule has conditions: '(1 EQUALS 1 ==> True),(False EQUALS True ==> False),(Value: 2820 is BETWEEN 0 and 2147483647 (incl. minValue = False; maxValue = True ==> True)' for Flight: Glider-Flight: HB-3407, Pilot: Kellner Hansli, Flight-Date: 12/02/2025, Starttime: 00:00, LdgTime: 00:47, Flightcode: 63, Nr of Ldgs: 1/0, Flight-Air-State: 20, Flight-Process-State: 50
2026-09-28 10:43:55.4480 FLS.Server.Service.BaseService Created accounting for Kellner Hansli: Flight-Date: 12/02/2025 Aircraft: HB-3407 Nr of Lines: 1
2026-09-28 10:43:55.5742 FLS.Server.Data.FLSDataEntities Delete AccountingRuleFilter with Data: [AccountingRuleFilter -> AccountingRuleFilterId: e945c805-9401-49f5-a8a9-cf16bf6d1ff0, ClubId: 0fa7b76f-47ba-4138-8f96-671400fd7c83, AccountingRuleFilterTypeId: 60, RuleFilterName: e2e LandingTax, Description: e2e #32: e2e LandingTax, IsActive: True, SortIndicator: 1000, ArticleTarget: {"ArticleNumber":"9060","DeliveryLineText":"e2e landingtax"}, RecipientTarget: , StopRuleEngineWhenRuleApplied: False, IsRuleForGliderFlights: True, IsRuleForTowingFlights: True, IsRuleForMotorFlights: True, UseRuleForAllAircraftsExceptListed: True, MatchedAircraftImmatriculations: [], UseRuleForAllStartTypesExceptListed: True, MatchedStartTypes: [], UseRuleForAllFlightTypesExceptListed: True, MatchedFlightTypeCodes: [], ExtendMatchingFlightTypeCodesToGliderAndTowFlight: False, UseRuleForAllStartLocationsExceptListed: True, MatchedStartLocations: [], UseRuleForAllLdgLocationsExceptListed: True, MatchedLdgLocations: [], UseRuleForAllClubMemberNumbersExceptListed: True, MatchedClubMemberNumbers: [], UseRuleForAllFlightCrewTypesExceptListed: True, MatchedFlightCrewTypes: [], UseRuleForAllAircraftsOnHomebaseExceptListed: True, MatchedAircraftsHomebase: [], UseRuleForAllMemberStatesExceptListed: True, MatchedMemberStates: [], UseRuleForAllPersonCategoriesExceptListed: True, MatchedPersonCategories: [], IsChargedToClubInternal: False, MinFlightTimeInSecondsMatchingValue: 0, MaxFlightTimeInSecondsMatchingValue: 2147483647, MinEngineTimeInSecondsMatchingValue: 0, MaxEngineTimeInSecondsMatchingValue: 2147483647, IncludeThresholdText: False, ThresholdText: , IncludeFlightTypeName: False, NoLandingTaxForGlider: False, NoLandingTaxForTowingAircraft: False, NoLandingTaxForAircraft: False, AccountingUnitTypeId: , CreatedOn: 09/28/2026 10:43:54, CreatedByUserId: 76e80919-b8f8-4b8b-8c36-a8da9f9a0f25, ModifiedOn: , ModifiedByUserId: , DeletedOn: 09/28/2026 10:43:55, DeletedByUserId: 76e80919-b8f8-4b8b-8c36-a8da9f9a0f25, RecordState: 99, OwnerId: 0fa7b76f-47ba-4138-8f96-671400fd7c83, OwnershipType: 2, IsDeleted: False, Id: e945c805-9401-49f5-a8a9-cf16bf6d1ff0,  <- AccountingRuleFilter]

2026-09-28 10:43:55.6590 FLS.Server.Service.BaseService Have 3 deliveries in result list for sending back to client.
2026-09-28 10:43:55.6717 FLS.Server.Service.Jobs.DeliveryCreationJob 3 deliveries for flights of club Test-Club created.
2026-09-28 10:43:55.6853 FLS.Server.Service.Jobs.DeliveryCreationJob Executed Delivery creation job.
2026-09-28 10:43:55.7182 FLS.Server.Data.FLSDataEntities Insert AccountingRuleFilter with data: [AccountingRuleFilter -> AccountingRuleFilterId: fefe7d87-b55c-4f0b-9fb5-74b24f6bf3c6, ClubId: 0fa7b76f-47ba-4138-8f96-671400fd7c83, AccountingRuleFilterTypeId: 70, RuleFilterName: e2e VsfFee, Description: e2e #32: e2e VsfFee, IsActive: True, SortIndicator: 1000, ArticleTarget: {"ArticleNumber":"9070","DeliveryLineText":"e2e vsf"}, RecipientTarget: , StopRuleEngineWhenRuleApplied: False, IsRuleForGliderFlights: True, IsRuleForTowingFlights: True, IsRuleForMotorFlights: True, UseRuleForAllAircraftsExceptListed: True, MatchedAircraftImmatriculations: [], UseRuleForAllStartTypesExceptListed: True, MatchedStartTypes: [], UseRuleForAllFlightTypesExceptListed: True, MatchedFlightTypeCodes: [], ExtendMatchingFlightTypeCodesToGliderAndTowFlight: False, UseRuleForAllStartLocationsExceptListed: True, MatchedStartLocations: [], UseRuleForAllLdgLocationsExceptListed: True, MatchedLdgLocations: [], UseRuleForAllClubMemberNumbersExceptListed: True, MatchedClubMemberNumbers: [], UseRuleForAllFlightCrewTypesExceptListed: True, MatchedFlightCrewTypes: [], UseRuleForAllAircraftsOnHomebaseExceptListed: True, MatchedAircraftsHomebase: [], UseRuleForAllMemberStatesExceptListed: True, MatchedMemberStates: [], UseRuleForAllPersonCategoriesExceptListed: True, MatchedPersonCategories: [], IsChargedToClubInternal: False, MinFlightTimeInSecondsMatchingValue: 0, MaxFlightTimeInSecondsMatchingValue: 2147483647, MinEngineTimeInSecondsMatchingValue: 0, MaxEngineTimeInSecondsMatchingValue: 2147483647, IncludeThresholdText: False, ThresholdText: , IncludeFlightTypeName: False, NoLandingTaxForGlider: False, NoLandingTaxForTowingAircraft: False, NoLandingTaxForAircraft: False, AccountingUnitTypeId: 30, CreatedOn: 09/28/2026 10:43:55, CreatedByUserId: 76e80919-b8f8-4b8b-8c36-a8da9f9a0f25, ModifiedOn: , ModifiedByUserId: , DeletedOn: , DeletedByUserId: , RecordState: 1, OwnerId: 0fa7b76f-47ba-4138-8f96-671400fd7c83, OwnershipType: 2, IsDeleted: False, Id: fefe7d87-b55c-4f0b-9fb5-74b24f6bf3c6,  <- AccountingRuleFilter]

2026-09-28 10:43:56.0806 FLS.Server.Service.BaseService Get 1 AccountingRuleFilters of clubId: 0fa7b76f-47ba-4138-8f96-671400fd7c83
2026-09-28 10:43:56.1010 FLS.Server.Service.BaseService Start creating accounting for flight: Glider-Flight: HB-3407, Pilot: Kellner Hansli, Flight-Date: 12/02/2025, Starttime: 00:00, LdgTime: 00:47, Flightcode: 63, Nr of Ldgs: 1/0, Flight-Air-State: 20, Flight-Process-State: 50 using 1 recipient rule filters and 1 accounting line rule filters.
2026-09-28 10:43:56.1188 FLS.Server.Service.RulesEngine.BaseRule NOT applied rule FlightCostPaidByPersonRule, Nr of Conditions=1, RuleApplied=False, StopRuleEngineWhenRuleApplied=False
2026-09-28 10:43:56.1703 FLS.Server.Service.RulesEngine.BaseRule Applied rule FlightCostPaidByPilotRule, Nr of Conditions=1, RuleApplied=True, StopRuleEngineWhenRuleApplied=False
2026-09-28 10:43:56.1861 FLS.Server.Service.RulesEngine.BaseRule Applied rule FlightDeliveryInfoRule, Nr of Conditions=1, RuleApplied=True, StopRuleEngineWhenRuleApplied=False
2026-09-28 10:43:56.2093 FLS.Server.Service.RulesEngine.BaseRule Applied rule AdditionalInfoRule, Nr of Conditions=1, RuleApplied=True, StopRuleEngineWhenRuleApplied=False
2026-09-28 10:43:56.2204 FLS.Server.Service.Accounting.RuleEngines.DeliveryItemRulesEngine No aircraft flight time mapping rule found for flight: Glider-Flight: HB-3407, Pilot: Kellner Hansli, Flight-Date: 12/02/2025, Starttime: 00:00, LdgTime: 00:47, Flightcode: 63, Nr of Ldgs: 1/0, Flight-Air-State: 20, Flight-Process-State: 50.
2026-09-28 10:43:56.2465 FLS.Server.Service.Accounting.Rules.BaseAccountingRule Added new delivery item line to delivery. Line: Pos: 1 Product: 9070 Text: e2e vsf Qty: 1 of type: Landung Discount: 0% Add. Info: 
2026-09-28 10:43:56.2633 FLS.Server.Service.Accounting.Rules.BaseAccountingRule Applied rule VsfFeeRule, Nr of Conditions=1, RuleApplied=True, StopRuleEngineWhenRuleApplied=False, Rule-Filter: e2e VsfFee of type: FLS.Server.Service.Accounting.Rules.ItemRules.VsfFeeRule has conditions: '(1 EQUALS 1 ==> True)' for Flight: Glider-Flight: HB-3407, Pilot: Kellner Hansli, Flight-Date: 12/02/2025, Starttime: 00:00, LdgTime: 00:47, Flightcode: 63, Nr of Ldgs: 1/0, Flight-Air-State: 20, Flight-Process-State: 50
2026-09-28 10:43:56.2855 FLS.Server.Service.Accounting.Rules.BaseAccountingRule NOT applied rule VsfFeeOnStartLocationRule, Nr of Conditions=2, RuleApplied=False, StopRuleEngineWhenRuleApplied=False, Rule-Filter: e2e VsfFee of type: FLS.Server.Service.Accounting.Rules.ItemRules.VsfFeeOnStartLocationRule has conditions: '(1 EQUALS 1 ==> True),(False EQUALS True ==> False)' for Flight: Glider-Flight: HB-3407, Pilot: Kellner Hansli, Flight-Date: 12/02/2025, Starttime: 00:00, LdgTime: 00:47, Flightcode: 63, Nr of Ldgs: 1/0, Flight-Air-State: 20, Flight-Process-State: 50
2026-09-28 10:43:56.3006 FLS.Server.Service.BaseService Created accounting for Kellner Hansli: Flight-Date: 12/02/2025 Aircraft: HB-3407 Nr of Lines: 1
2026-09-28 10:43:56.4329 FLS.Server.Data.FLSDataEntities Delete AccountingRuleFilter with Data: [AccountingRuleFilter -> AccountingRuleFilterId: fefe7d87-b55c-4f0b-9fb5-74b24f6bf3c6, ClubId: 0fa7b76f-47ba-4138-8f96-671400fd7c83, AccountingRuleFilterTypeId: 70, RuleFilterName: e2e VsfFee, Description: e2e #32: e2e VsfFee, IsActive: True, SortIndicator: 1000, ArticleTarget: {"ArticleNumber":"9070","DeliveryLineText":"e2e vsf"}, RecipientTarget: , StopRuleEngineWhenRuleApplied: False, IsRuleForGliderFlights: True, IsRuleForTowingFlights: True, IsRuleForMotorFlights: True, UseRuleForAllAircraftsExceptListed: True, MatchedAircraftImmatriculations: [], UseRuleForAllStartTypesExceptListed: True, MatchedStartTypes: [], UseRuleForAllFlightTypesExceptListed: True, MatchedFlightTypeCodes: [], ExtendMatchingFlightTypeCodesToGliderAndTowFlight: False, UseRuleForAllStartLocationsExceptListed: True, MatchedStartLocations: [], UseRuleForAllLdgLocationsExceptListed: True, MatchedLdgLocations: [], UseRuleForAllClubMemberNumbersExceptListed: True, MatchedClubMemberNumbers: [], UseRuleForAllFlightCrewTypesExceptListed: True, MatchedFlightCrewTypes: [], UseRuleForAllAircraftsOnHomebaseExceptListed: True, MatchedAircraftsHomebase: [], UseRuleForAllMemberStatesExceptListed: True, MatchedMemberStates: [], UseRuleForAllPersonCategoriesExceptListed: True, MatchedPersonCategories: [], IsChargedToClubInternal: False, MinFlightTimeInSecondsMatchingValue: 0, MaxFlightTimeInSecondsMatchingValue: 2147483647, MinEngineTimeInSecondsMatchingValue: 0, MaxEngineTimeInSecondsMatchingValue: 2147483647, IncludeThresholdText: False, ThresholdText: , IncludeFlightTypeName: False, NoLandingTaxForGlider: False, NoLandingTaxForTowingAircraft: False, NoLandingTaxForAircraft: False, AccountingUnitTypeId: , CreatedOn: 09/28/2026 10:43:55, CreatedByUserId: 76e80919-b8f8-4b8b-8c36-a8da9f9a0f25, ModifiedOn: , ModifiedByUserId: , DeletedOn: 09/28/2026 10:43:56, DeletedByUserId: 76e80919-b8f8-4b8b-8c36-a8da9f9a0f25, RecordState: 99, OwnerId: 0fa7b76f-47ba-4138-8f96-671400fd7c83, OwnershipType: 2, IsDeleted: False, Id: fefe7d87-b55c-4f0b-9fb5-74b24f6bf3c6,  <- AccountingRuleFilter]

2026-09-28 10:43:56.6635 FLS.Server.Data.FLSDataEntities Update AccountingRuleFilter with data: [AccountingRuleFilter -> AccountingRuleFilterId: f1500004-0000-0000-0000-000000000002, ClubId: 0fa7b76f-47ba-4138-8f96-671400fd7c83, AccountingRuleFilterTypeId: 30, RuleFilterName: FlightTime: Glider per minute, Description: Billed per glider minute (test fixture), IsActive: True, SortIndicator: 20, ArticleTarget: {"ArticleNumber":"5001","DeliveryLineText":"Glider flight minutes"}, RecipientTarget: , StopRuleEngineWhenRuleApplied: False, IsRuleForGliderFlights: True, IsRuleForTowingFlights: False, IsRuleForMotorFlights: False, UseRuleForAllAircraftsExceptListed: True, MatchedAircraftImmatriculations: [], UseRuleForAllStartTypesExceptListed: True, MatchedStartTypes: [], UseRuleForAllFlightTypesExceptListed: True, MatchedFlightTypeCodes: [], ExtendMatchingFlightTypeCodesToGliderAndTowFlight: False, UseRuleForAllStartLocationsExceptListed: True, MatchedStartLocations: [], UseRuleForAllLdgLocationsExceptListed: True, MatchedLdgLocations: [], UseRuleForAllClubMemberNumbersExceptListed: True, MatchedClubMemberNumbers: [], UseRuleForAllFlightCrewTypesExceptListed: True, MatchedFlightCrewTypes: [], UseRuleForAllAircraftsOnHomebaseExceptListed: True, MatchedAircraftsHomebase: [], UseRuleForAllMemberStatesExceptListed: True, MatchedMemberStates: [], UseRuleForAllPersonCategoriesExceptListed: True, MatchedPersonCategories: [], IsChargedToClubInternal: False, MinFlightTimeInSecondsMatchingValue: 0, MaxFlightTimeInSecondsMatchingValue: 2147483647, MinEngineTimeInSecondsMatchingValue: 0, MaxEngineTimeInSecondsMatchingValue: 2147483647, IncludeThresholdText: False, ThresholdText: , IncludeFlightTypeName: False, NoLandingTaxForGlider: False, NoLandingTaxForTowingAircraft: False, NoLandingTaxForAircraft: False, AccountingUnitTypeId: 10, CreatedOn: 01/01/2026 00:05:00, CreatedByUserId: 13731ee2-c1d8-455c-8ad1-c39399893fff, ModifiedOn: 09/28/2026 10:43:56, ModifiedByUserId: 76e80919-b8f8-4b8b-8c36-a8da9f9a0f25, DeletedOn: , DeletedByUserId: , RecordState: 1, OwnerId: 0fa7b76f-47ba-4138-8f96-671400fd7c83, OwnershipType: 2, IsDeleted: False, Id: f1500004-0000-0000-0000-000000000002,  <- AccountingRuleFilter]

2026-09-28 10:43:56.8862 FLS.Server.Data.FLSDataEntities Update AccountingRuleFilter with data: [AccountingRuleFilter -> AccountingRuleFilterId: f1500004-0000-0000-0000-000000000003, ClubId: 0fa7b76f-47ba-4138-8f96-671400fd7c83, AccountingRuleFilterTypeId: 60, RuleFilterName: LandingTax: LSZK, Description: Per-landing tax at LSZK (test fixture), IsActive: True, SortIndicator: 30, ArticleTarget: {"ArticleNumber":"6001","DeliveryLineText":"Landegebuehr LSZK"}, RecipientTarget: , StopRuleEngineWhenRuleApplied: False, IsRuleForGliderFlights: True, IsRuleForTowingFlights: True, IsRuleForMotorFlights: True, UseRuleForAllAircraftsExceptListed: True, MatchedAircraftImmatriculations: [], UseRuleForAllStartTypesExceptListed: True, MatchedStartTypes: [], UseRuleForAllFlightTypesExceptListed: True, MatchedFlightTypeCodes: [], ExtendMatchingFlightTypeCodesToGliderAndTowFlight: False, UseRuleForAllStartLocationsExceptListed: True, MatchedStartLocations: [], UseRuleForAllLdgLocationsExceptListed: False, MatchedLdgLocations: ["LSZK"], UseRuleForAllClubMemberNumbersExceptListed: True, MatchedClubMemberNumbers: [], UseRuleForAllFlightCrewTypesExceptListed: True, MatchedFlightCrewTypes: [], UseRuleForAllAircraftsOnHomebaseExceptListed: True, MatchedAircraftsHomebase: [], UseRuleForAllMemberStatesExceptListed: True, MatchedMemberStates: [], UseRuleForAllPersonCategoriesExceptListed: True, MatchedPersonCategories: [], IsChargedToClubInternal: False, MinFlightTimeInSecondsMatchingValue: 0, MaxFlightTimeInSecondsMatchingValue: 2147483647, MinEngineTimeInSecondsMatchingValue: 0, MaxEngineTimeInSecondsMatchingValue: 2147483647, IncludeThresholdText: False, ThresholdText: , IncludeFlightTypeName: False, NoLandingTaxForGlider: False, NoLandingTaxForTowingAircraft: False, NoLandingTaxForAircraft: False, AccountingUnitTypeId: 30, CreatedOn: 01/01/2026 00:06:00, CreatedByUserId: 13731ee2-c1d8-455c-8ad1-c39399893fff, ModifiedOn: 09/28/2026 10:43:56, ModifiedByUserId: 76e80919-b8f8-4b8b-8c36-a8da9f9a0f25, DeletedOn: , DeletedByUserId: , RecordState: 1, OwnerId: 0fa7b76f-47ba-4138-8f96-671400fd7c83, OwnershipType: 2, IsDeleted: False, Id: f1500004-0000-0000-0000-000000000003,  <- AccountingRuleFilter]

2026-09-28 10:44:00.0304 FLS.Server.Service.RegistrationService New trial flight registration with following data (JSON): {"ClubKey":"TestClub","Firstname":"Trial","Lastname":"PilotA","AddressLine1":"Musterstrasse 1","ZipCode":"8000","City":"Zürich","CountryId":null,"PrivateEmail":"e2e-trial-pilot-8hpuiwpbmul4dyfk@e2e.fls.local","MobilePhoneNumber":null,"PrivatePhoneNumber":null,"BusinessPhoneNumber":null,"InvoiceAddressIsSame":true,"InvoiceToFirstname":null,"InvoiceToLastname":null,"InvoiceToAddressLine1":null,"InvoiceToZipCode":null,"InvoiceToCity":null,"InvoiceToCountryId":null,"NotificationEmail":null,"SelectedDay":"2026-06-15T00:00:00","SendCouponToInvoiceAddress":false,"Remarks":null}
2026-09-28 10:44:00.0663 FLS.Server.Data.FLSDataEntities Insert Person with data: [Person -> PersonId: 3f84be01-b83f-4eb5-b6c5-ca2116a5426b, Lastname: PilotA, Firstname: Trial, Midname: , CompanyName: , AddressLine1: Musterstrasse 1, AddressLine2: , Zip: 8000, City: Zürich, Region: , CountryId: , PrivatePhone: , MobilePhone: , BusinessPhone: , FaxNumber: , EmailPrivate: e2e-trial-pilot-8hpuiwpbmul4dyfk@e2e.fls.local, EmailBusiness: , PreferMailToBusinessMail: False, Birthday: , HasMotorPilotLicence: False, HasTowPilotLicence: False, HasGliderInstructorLicence: False, HasGliderPilotLicence: False, HasGliderTraineeLicence: True, HasGliderPAXLicence: False, HasTMGLicence: False, HasWinchOperatorLicence: False, HasMotorInstructorLicence: False, HasPartMLicence: False, LicenceNumber: , MedicalClass1ExpireDate: , MedicalClass2ExpireDate: , MedicalLaplExpireDate: , GliderInstructorLicenceExpireDate: , MotorInstructorLicenceExpireDate: , PartMLicenceExpireDate: , HasGliderTowingStartPermission: False, HasGliderSelfStartPermission: False, HasGliderWinchStartPermission: False, SpotLink: , ReceiveOwnedAircraftStatisticReports: False, EnableAddress: False, IsFastEntryRecord: False, CreatedOn: 09/28/2026 10:44:00, CreatedByUserId: 76e80919-b8f8-4b8b-8c36-a8da9f9a0f25, ModifiedOn: , ModifiedByUserId: , DeletedOn: , DeletedByUserId: , RecordState: 1, OwnerId: 0fa7b76f-47ba-4138-8f96-671400fd7c83, OwnershipType: 2, IsDeleted: False, DisplayName: PilotA Trial, EmailAddressForCommunication: e2e-trial-pilot-8hpuiwpbmul4dyfk@e2e.fls.local, Id: 3f84be01-b83f-4eb5-b6c5-ca2116a5426b, DoNotUpdateTimeStampsInMetaData: False,  <- Person]

2026-09-28 10:44:00.0764 FLS.Server.Data.FLSDataEntities Insert PersonClub with data: [PersonClub -> PersonId: 00000000-0000-0000-0000-000000000000, ClubId: 0fa7b76f-47ba-4138-8f96-671400fd7c83, MemberNumber: , MemberStateId: , IsMotorPilot: False, IsTowPilot: False, IsGliderInstructor: False, IsGliderPilot: False, IsGliderTrainee: True, IsPassenger: False, IsWinchOperator: False, IsMotorInstructor: False, ReceiveFlightReports: False, ReceiveAircraftReservationNotifications: False, ReceivePlanningDayRoleReminder: False, IsActive: False, CreatedOn: 09/28/2026 10:44:00, CreatedByUserId: 76e80919-b8f8-4b8b-8c36-a8da9f9a0f25, ModifiedOn: , ModifiedByUserId: , DeletedOn: , DeletedByUserId: , RecordState: 1, OwnerId: 0fa7b76f-47ba-4138-8f96-671400fd7c83, OwnershipType: 2, IsDeleted: False, Id: 00000000-0000-0000-0000-000000000000, DoNotUpdateTimeStampsInMetaData: False,  <- PersonClub]

2026-09-28 10:44:00.0840 FLS.Server.Data.FLSDataEntities Insert AircraftReservation with data: [AircraftReservation -> AircraftReservationId: 41693837-b02d-48f0-a07e-12747b0f8171, Start: 06/15/2026 00:00:00, End: 06/15/2026 23:59:59, IsAllDayReservation: True, AircraftId: 944c52c3-0335-4fa2-b90d-4c441a31a4d5, PilotPersonId: 00000000-0000-0000-0000-000000000000, LocationId: 33f04d30-9d5b-4645-b2a9-6705a4aeffe5, SecondCrewPersonId: , AircraftReservationTypeId: , FlightTypeId: , Remarks: Schnupperflug-Kandidat, ClubId: 0fa7b76f-47ba-4138-8f96-671400fd7c83, CreatedOn: 09/28/2026 10:44:00, CreatedByUserId: 76e80919-b8f8-4b8b-8c36-a8da9f9a0f25, ModifiedOn: , ModifiedByUserId: , Id: 41693837-b02d-48f0-a07e-12747b0f8171, DeletedOn: , DeletedByUserId: , RecordState: 1, OwnerId: 0fa7b76f-47ba-4138-8f96-671400fd7c83, OwnershipType: 2, IsDeleted: False,  <- AircraftReservation]

2026-09-28 10:44:00.2913 FLS.Server.Service.Email.EmailSendService Sent email to recipient: e2e-trial-pilot-8hpuiwpbmul4dyfk@e2e.fls.local with subject: Bestätigung für Schnupperflug-Registrierung, and Body: <!DOCTYPE html PUBLIC "-//W3C//DTD XHTML 1.0 Transitional//EN" "http://www.w3.org/TR/xhtml1/DTD/xhtml1-transitional.dtd">
<html xmlns="http://www.w3.org/1999/xhtml">

<head>
<meta content="en-gb" http-equiv="Content-Language" />
<meta content="text/html; charset=utf-8" http-equiv="Content-Type" />
<title>Bestätigung für Schnupperflug-Registrierung</title>
<style type="text/css">

body {
    font-family: Arial, Helvetica, Sans-Serif;
    font-size: 14px;
}
</style>
</head>

<body>
<p>
Hallo Trial PilotA
</p>
<p>
Danke für Ihre Anmeldung zu einem Schnupperflug.
</p>
<p>
Dies ist eine Bestätigung für die Registrierung zu einem Schnupperflug am <b>06/15/2026</b> in J0C-PISNHP.</p>
<p>
Schnupperflug-Kandidat:<br>
PilotA Trial<br>
Musterstrasse 1<br>
8000 Zürich<br>
e2e-trial-pilot-8hpuiwpbmul4dyfk@e2e.fls.local<br>
Tel. Mobil: <br>
Tel. Privat: <br>
Tel. Geschäft: <br>
</p>
<p>
Bemerkungen: keine
</p>
<p>
Wir werden den Schnupperflug-Kandidaten am 06/13/2026 über die Durchführung des Schnupperflugtages informieren. Je nach Wetter kann der Schnupperflugtag nicht durchgeführt werden und muss verschoben werden.</p>

<p>
Die Rechnung wird an folgende Adresse gesendet:<br>
PilotA Trial<br>
Musterstrasse 1<br>
8000 Zürich<br>
</p>

<p>
Der Gutschein wird gesendet an: Schnupperflug-Kandidat
</p>

<p>Herzliche Grüsse<br>
Flugsportgruppe Zürcher Oberland</p>

</body>

</html>

2026-09-28 10:44:00.3644 FLS.Server.Service.Email.EmailSendService Sent email to recipient: trial-organizer@e2e.fls.local with subject: Neue Schnupperflug-Registrierung, and Body: <!DOCTYPE html PUBLIC "-//W3C//DTD XHTML 1.0 Transitional//EN" "http://www.w3.org/TR/xhtml1/DTD/xhtml1-transitional.dtd">
<html xmlns="http://www.w3.org/1999/xhtml">

<head>
<meta content="en-gb" http-equiv="Content-Language" />
<meta content="text/html; charset=utf-8" http-equiv="Content-Type" />
<title>Neue Schnupperflug-Registrierung</title>
<style type="text/css">

body {
    font-family: Arial, Helvetica, Sans-Serif;
    font-size: 14px;
}
</style>
</head>

<body>
<p>
Hallo
</p>
<p>
Es hat eine neue Registrierung zu einem Schnupperflug am <b>06/15/2026</b> in J0C-PISNHP gegeben.</p>

<p>
Schnupperflug-Kandidat:<br>
PilotA Trial<br>
Musterstrasse 1<br>
8000 Zürich<br>
e2e-trial-pilot-8hpuiwpbmul4dyfk@e2e.fls.local<br>
Tel. Mobil: <br>
Tel. Privat: <br>
Tel. Geschäft: <br>
</p>

<p>
Rechnung an:<br>
PilotA Trial<br>
Musterstrasse 1<br>
8000 Zürich<br>
</p>

<p>
Gutschein an:<br>
Schnupperflug-Kandidat
</p>

<p>
Bemerkungen: keine
</p>

<p>
Flugzeug-Reservation: Reservation wurde erstellt.
</p>

<p>
Bitte Schnupperflug-Gutschein und Rechnung entsprechend ausstellen.
</p>

<p>
Der Schnupperflug-Kandidat soll durch den Organisator am 06/13/2026 über die Durchführung des Schnupperflugtages informiert werden. 
</p>

<p>Herzliche Grüsse</p>
<p>Flight Logging System</p>

</body>

</html>

2026-09-28 10:44:00.5564 FLS.Server.Service.RegistrationService New trial flight registration with following data (JSON): {"ClubKey":"TestClub","Firstname":"Trial","Lastname":"OrgTestmul4dyxu","AddressLine1":"Musterstrasse 1","ZipCode":"8000","City":"Zürich","CountryId":null,"PrivateEmail":"e2e-trial-pilot-kzi5dnl0mul4dyxu@e2e.fls.local","MobilePhoneNumber":null,"PrivatePhoneNumber":null,"BusinessPhoneNumber":null,"InvoiceAddressIsSame":true,"InvoiceToFirstname":null,"InvoiceToLastname":null,"InvoiceToAddressLine1":null,"InvoiceToZipCode":null,"InvoiceToCity":null,"InvoiceToCountryId":null,"NotificationEmail":null,"SelectedDay":"2026-06-15T00:00:00","SendCouponToInvoiceAddress":false,"Remarks":null}
2026-09-28 10:44:00.6025 FLS.Server.Data.FLSDataEntities Insert Person with data: [Person -> PersonId: 64dc879d-24fb-488a-aed1-60ced1ef76cc, Lastname: OrgTestmul4dyxu, Firstname: Trial, Midname: , CompanyName: , AddressLine1: Musterstrasse 1, AddressLine2: , Zip: 8000, City: Zürich, Region: , CountryId: , PrivatePhone: , MobilePhone: , BusinessPhone: , FaxNumber: , EmailPrivate: e2e-trial-pilot-kzi5dnl0mul4dyxu@e2e.fls.local, EmailBusiness: , PreferMailToBusinessMail: False, Birthday: , HasMotorPilotLicence: False, HasTowPilotLicence: False, HasGliderInstructorLicence: False, HasGliderPilotLicence: False, HasGliderTraineeLicence: True, HasGliderPAXLicence: False, HasTMGLicence: False, HasWinchOperatorLicence: False, HasMotorInstructorLicence: False, HasPartMLicence: False, LicenceNumber: , MedicalClass1ExpireDate: , MedicalClass2ExpireDate: , MedicalLaplExpireDate: , GliderInstructorLicenceExpireDate: , MotorInstructorLicenceExpireDate: , PartMLicenceExpireDate: , HasGliderTowingStartPermission: False, HasGliderSelfStartPermission: False, HasGliderWinchStartPermission: False, SpotLink: , ReceiveOwnedAircraftStatisticReports: False, EnableAddress: False, IsFastEntryRecord: False, CreatedOn: 09/28/2026 10:44:00, CreatedByUserId: 76e80919-b8f8-4b8b-8c36-a8da9f9a0f25, ModifiedOn: , ModifiedByUserId: , DeletedOn: , DeletedByUserId: , RecordState: 1, OwnerId: 0fa7b76f-47ba-4138-8f96-671400fd7c83, OwnershipType: 2, IsDeleted: False, DisplayName: OrgTestmul4dyxu Trial, EmailAddressForCommunication: e2e-trial-pilot-kzi5dnl0mul4dyxu@e2e.fls.local, Id: 64dc879d-24fb-488a-aed1-60ced1ef76cc, DoNotUpdateTimeStampsInMetaData: False,  <- Person]

2026-09-28 10:44:00.6116 FLS.Server.Data.FLSDataEntities Insert PersonClub with data: [PersonClub -> PersonId: 00000000-0000-0000-0000-000000000000, ClubId: 0fa7b76f-47ba-4138-8f96-671400fd7c83, MemberNumber: , MemberStateId: , IsMotorPilot: False, IsTowPilot: False, IsGliderInstructor: False, IsGliderPilot: False, IsGliderTrainee: True, IsPassenger: False, IsWinchOperator: False, IsMotorInstructor: False, ReceiveFlightReports: False, ReceiveAircraftReservationNotifications: False, ReceivePlanningDayRoleReminder: False, IsActive: False, CreatedOn: 09/28/2026 10:44:00, CreatedByUserId: 76e80919-b8f8-4b8b-8c36-a8da9f9a0f25, ModifiedOn: , ModifiedByUserId: , DeletedOn: , DeletedByUserId: , RecordState: 1, OwnerId: 0fa7b76f-47ba-4138-8f96-671400fd7c83, OwnershipType: 2, IsDeleted: False, Id: 00000000-0000-0000-0000-000000000000, DoNotUpdateTimeStampsInMetaData: False,  <- PersonClub]

2026-09-28 10:44:00.6213 FLS.Server.Data.FLSDataEntities Insert AircraftReservation with data: [AircraftReservation -> AircraftReservationId: 2c9694b9-2147-446c-9d32-3256fe20e671, Start: 06/15/2026 00:00:00, End: 06/15/2026 23:59:59, IsAllDayReservation: True, AircraftId: 944c52c3-0335-4fa2-b90d-4c441a31a4d5, PilotPersonId: 00000000-0000-0000-0000-000000000000, LocationId: 33f04d30-9d5b-4645-b2a9-6705a4aeffe5, SecondCrewPersonId: , AircraftReservationTypeId: , FlightTypeId: , Remarks: Schnupperflug-Kandidat, ClubId: 0fa7b76f-47ba-4138-8f96-671400fd7c83, CreatedOn: 09/28/2026 10:44:00, CreatedByUserId: 76e80919-b8f8-4b8b-8c36-a8da9f9a0f25, ModifiedOn: , ModifiedByUserId: , Id: 2c9694b9-2147-446c-9d32-3256fe20e671, DeletedOn: , DeletedByUserId: , RecordState: 1, OwnerId: 0fa7b76f-47ba-4138-8f96-671400fd7c83, OwnershipType: 2, IsDeleted: False,  <- AircraftReservation]

2026-09-28 10:44:00.6273 FLS.Server.Service.RegistrationService New passenger flight registration with following data (JSON): {"ClubKey":"TestClub","Firstname":"Pax","Lastname":"SampleA","AddressLine1":"Bergstrasse 2","ZipCode":"3000","City":"Bern","CountryId":null,"PrivateEmail":"e2e-passenger-5tc638rimul4dz8u@e2e.fls.local","MobilePhoneNumber":null,"PrivatePhoneNumber":null,"BusinessPhoneNumber":null,"InvoiceAddressIsSame":true,"InvoiceToFirstname":null,"InvoiceToLastname":null,"InvoiceToAddressLine1":null,"InvoiceToZipCode":null,"InvoiceToCity":null,"InvoiceToCountryId":null,"NotificationEmail":null,"SendCouponToInvoiceAddress":false,"Remarks":null}
2026-09-28 10:44:00.6655 FLS.Server.Data.FLSDataEntities Insert Person with data: [Person -> PersonId: 602650db-fa57-4449-8779-ac4572dc14ea, Lastname: SampleA, Firstname: Pax, Midname: , CompanyName: , AddressLine1: Bergstrasse 2, AddressLine2: , Zip: 3000, City: Bern, Region: , CountryId: , PrivatePhone: , MobilePhone: , BusinessPhone: , FaxNumber: , EmailPrivate: e2e-passenger-5tc638rimul4dz8u@e2e.fls.local, EmailBusiness: , PreferMailToBusinessMail: False, Birthday: , HasMotorPilotLicence: False, HasTowPilotLicence: False, HasGliderInstructorLicence: False, HasGliderPilotLicence: False, HasGliderTraineeLicence: False, HasGliderPAXLicence: False, HasTMGLicence: False, HasWinchOperatorLicence: False, HasMotorInstructorLicence: False, HasPartMLicence: False, LicenceNumber: , MedicalClass1ExpireDate: , MedicalClass2ExpireDate: , MedicalLaplExpireDate: , GliderInstructorLicenceExpireDate: , MotorInstructorLicenceExpireDate: , PartMLicenceExpireDate: , HasGliderTowingStartPermission: False, HasGliderSelfStartPermission: False, HasGliderWinchStartPermission: False, SpotLink: , ReceiveOwnedAircraftStatisticReports: False, EnableAddress: False, IsFastEntryRecord: False, CreatedOn: 09/28/2026 10:44:00, CreatedByUserId: 76e80919-b8f8-4b8b-8c36-a8da9f9a0f25, ModifiedOn: , ModifiedByUserId: , DeletedOn: , DeletedByUserId: , RecordState: 1, OwnerId: 0fa7b76f-47ba-4138-8f96-671400fd7c83, OwnershipType: 2, IsDeleted: False, DisplayName: SampleA Pax, EmailAddressForCommunication: e2e-passenger-5tc638rimul4dz8u@e2e.fls.local, Id: 602650db-fa57-4449-8779-ac4572dc14ea, DoNotUpdateTimeStampsInMetaData: False,  <- Person]

2026-09-28 10:44:00.6923 FLS.Server.Data.FLSDataEntities Insert PersonClub with data: [PersonClub -> PersonId: 00000000-0000-0000-0000-000000000000, ClubId: 0fa7b76f-47ba-4138-8f96-671400fd7c83, MemberNumber: , MemberStateId: , IsMotorPilot: False, IsTowPilot: False, IsGliderInstructor: False, IsGliderPilot: False, IsGliderTrainee: False, IsPassenger: False, IsWinchOperator: False, IsMotorInstructor: False, ReceiveFlightReports: False, ReceiveAircraftReservationNotifications: False, ReceivePlanningDayRoleReminder: False, IsActive: False, CreatedOn: 09/28/2026 10:44:00, CreatedByUserId: 76e80919-b8f8-4b8b-8c36-a8da9f9a0f25, ModifiedOn: , ModifiedByUserId: , DeletedOn: , DeletedByUserId: , RecordState: 1, OwnerId: 0fa7b76f-47ba-4138-8f96-671400fd7c83, OwnershipType: 2, IsDeleted: False, Id: 00000000-0000-0000-0000-000000000000, DoNotUpdateTimeStampsInMetaData: False,  <- PersonClub]

2026-09-28 10:44:00.8721 FLS.Server.Service.Email.EmailSendService Sent email to recipient: e2e-passenger-5tc638rimul4dz8u@e2e.fls.local with subject: Bestätigung für Passagierflug-Registrierung, and Body: <html><body>Hallo Pax SampleA</body></html>
2026-09-28 10:44:00.8946 FLS.Server.Service.Email.EmailSendService Sent email to recipient: e2e-trial-pilot-kzi5dnl0mul4dyxu@e2e.fls.local with subject: Bestätigung für Schnupperflug-Registrierung, and Body: <!DOCTYPE html PUBLIC "-//W3C//DTD XHTML 1.0 Transitional//EN" "http://www.w3.org/TR/xhtml1/DTD/xhtml1-transitional.dtd">
<html xmlns="http://www.w3.org/1999/xhtml">

<head>
<meta content="en-gb" http-equiv="Content-Language" />
<meta content="text/html; charset=utf-8" http-equiv="Content-Type" />
<title>Bestätigung für Schnupperflug-Registrierung</title>
<style type="text/css">

body {
    font-family: Arial, Helvetica, Sans-Serif;
    font-size: 14px;
}
</style>
</head>

<body>
<p>
Hallo Trial OrgTestmul4dyxu
</p>
<p>
Danke für Ihre Anmeldung zu einem Schnupperflug.
</p>
<p>
Dies ist eine Bestätigung für die Registrierung zu einem Schnupperflug am <b>06/15/2026</b> in J0C-PISNHP.</p>
<p>
Schnupperflug-Kandidat:<br>
OrgTestmul4dyxu Trial<br>
Musterstrasse 1<br>
8000 Zürich<br>
e2e-trial-pilot-kzi5dnl0mul4dyxu@e2e.fls.local<br>
Tel. Mobil: <br>
Tel. Privat: <br>
Tel. Geschäft: <br>
</p>
<p>
Bemerkungen: keine
</p>
<p>
Wir werden den Schnupperflug-Kandidaten am 06/13/2026 über die Durchführung des Schnupperflugtages informieren. Je nach Wetter kann der Schnupperflugtag nicht durchgeführt werden und muss verschoben werden.</p>

<p>
Die Rechnung wird an folgende Adresse gesendet:<br>
OrgTestmul4dyxu Trial<br>
Musterstrasse 1<br>
8000 Zürich<br>
</p>

<p>
Der Gutschein wird gesendet an: Schnupperflug-Kandidat
</p>

<p>Herzliche Grüsse<br>
Flugsportgruppe Zürcher Oberland</p>

</body>

</html>

2026-09-28 10:44:00.9385 FLS.Server.Service.Email.EmailSendService Sent email to recipient: passenger-organizer@e2e.fls.local with subject: Neue Passagierflug-Registrierung, and Body: <html><body>Neue Passagier-Registrierung: SampleA Pax</body></html>
2026-09-28 10:44:00.9586 FLS.Server.Service.Email.EmailSendService Sent email to recipient: trial-organizer@e2e.fls.local with subject: Neue Schnupperflug-Registrierung, and Body: <!DOCTYPE html PUBLIC "-//W3C//DTD XHTML 1.0 Transitional//EN" "http://www.w3.org/TR/xhtml1/DTD/xhtml1-transitional.dtd">
<html xmlns="http://www.w3.org/1999/xhtml">

<head>
<meta content="en-gb" http-equiv="Content-Language" />
<meta content="text/html; charset=utf-8" http-equiv="Content-Type" />
<title>Neue Schnupperflug-Registrierung</title>
<style type="text/css">

body {
    font-family: Arial, Helvetica, Sans-Serif;
    font-size: 14px;
}
</style>
</head>

<body>
<p>
Hallo
</p>
<p>
Es hat eine neue Registrierung zu einem Schnupperflug am <b>06/15/2026</b> in J0C-PISNHP gegeben.</p>

<p>
Schnupperflug-Kandidat:<br>
OrgTestmul4dyxu Trial<br>
Musterstrasse 1<br>
8000 Zürich<br>
e2e-trial-pilot-kzi5dnl0mul4dyxu@e2e.fls.local<br>
Tel. Mobil: <br>
Tel. Privat: <br>
Tel. Geschäft: <br>
</p>

<p>
Rechnung an:<br>
OrgTestmul4dyxu Trial<br>
Musterstrasse 1<br>
8000 Zürich<br>
</p>

<p>
Gutschein an:<br>
Schnupperflug-Kandidat
</p>

<p>
Bemerkungen: keine
</p>

<p>
Flugzeug-Reservation: Reservation wurde erstellt.
</p>

<p>
Bitte Schnupperflug-Gutschein und Rechnung entsprechend ausstellen.
</p>

<p>
Der Schnupperflug-Kandidat soll durch den Organisator am 06/13/2026 über die Durchführung des Schnupperflugtages informiert werden. 
</p>

<p>Herzliche Grüsse</p>
<p>Flight Logging System</p>

</body>

</html>

2026-09-28 10:44:01.0552 FLS.Server.Service.RegistrationService New passenger flight registration with following data (JSON): {"ClubKey":"TestClub","Firstname":"Pax","Lastname":"OrgTestmul4dzl5","AddressLine1":"Bergstrasse 2","ZipCode":"3000","City":"Bern","CountryId":null,"PrivateEmail":"e2e-passenger-jdj7q6tsmul4dzl5@e2e.fls.local","MobilePhoneNumber":null,"PrivatePhoneNumber":null,"BusinessPhoneNumber":null,"InvoiceAddressIsSame":true,"InvoiceToFirstname":null,"InvoiceToLastname":null,"InvoiceToAddressLine1":null,"InvoiceToZipCode":null,"InvoiceToCity":null,"InvoiceToCountryId":null,"NotificationEmail":null,"SendCouponToInvoiceAddress":false,"Remarks":null}
2026-09-28 10:44:01.0783 FLS.Server.Data.FLSDataEntities Insert Person with data: [Person -> PersonId: ec19c5d8-5bd7-4db9-a7bd-e13ad2b7cf76, Lastname: OrgTestmul4dzl5, Firstname: Pax, Midname: , CompanyName: , AddressLine1: Bergstrasse 2, AddressLine2: , Zip: 3000, City: Bern, Region: , CountryId: , PrivatePhone: , MobilePhone: , BusinessPhone: , FaxNumber: , EmailPrivate: e2e-passenger-jdj7q6tsmul4dzl5@e2e.fls.local, EmailBusiness: , PreferMailToBusinessMail: False, Birthday: , HasMotorPilotLicence: False, HasTowPilotLicence: False, HasGliderInstructorLicence: False, HasGliderPilotLicence: False, HasGliderTraineeLicence: False, HasGliderPAXLicence: False, HasTMGLicence: False, HasWinchOperatorLicence: False, HasMotorInstructorLicence: False, HasPartMLicence: False, LicenceNumber: , MedicalClass1ExpireDate: , MedicalClass2ExpireDate: , MedicalLaplExpireDate: , GliderInstructorLicenceExpireDate: , MotorInstructorLicenceExpireDate: , PartMLicenceExpireDate: , HasGliderTowingStartPermission: False, HasGliderSelfStartPermission: False, HasGliderWinchStartPermission: False, SpotLink: , ReceiveOwnedAircraftStatisticReports: False, EnableAddress: False, IsFastEntryRecord: False, CreatedOn: 09/28/2026 10:44:01, CreatedByUserId: 76e80919-b8f8-4b8b-8c36-a8da9f9a0f25, ModifiedOn: , ModifiedByUserId: , DeletedOn: , DeletedByUserId: , RecordState: 1, OwnerId: 0fa7b76f-47ba-4138-8f96-671400fd7c83, OwnershipType: 2, IsDeleted: False, DisplayName: OrgTestmul4dzl5 Pax, EmailAddressForCommunication: e2e-passenger-jdj7q6tsmul4dzl5@e2e.fls.local, Id: ec19c5d8-5bd7-4db9-a7bd-e13ad2b7cf76, DoNotUpdateTimeStampsInMetaData: False,  <- Person]

2026-09-28 10:44:01.0861 FLS.Server.Data.FLSDataEntities Insert PersonClub with data: [PersonClub -> PersonId: 00000000-0000-0000-0000-000000000000, ClubId: 0fa7b76f-47ba-4138-8f96-671400fd7c83, MemberNumber: , MemberStateId: , IsMotorPilot: False, IsTowPilot: False, IsGliderInstructor: False, IsGliderPilot: False, IsGliderTrainee: False, IsPassenger: False, IsWinchOperator: False, IsMotorInstructor: False, ReceiveFlightReports: False, ReceiveAircraftReservationNotifications: False, ReceivePlanningDayRoleReminder: False, IsActive: False, CreatedOn: 09/28/2026 10:44:01, CreatedByUserId: 76e80919-b8f8-4b8b-8c36-a8da9f9a0f25, ModifiedOn: , ModifiedByUserId: , DeletedOn: , DeletedByUserId: , RecordState: 1, OwnerId: 0fa7b76f-47ba-4138-8f96-671400fd7c83, OwnershipType: 2, IsDeleted: False, Id: 00000000-0000-0000-0000-000000000000, DoNotUpdateTimeStampsInMetaData: False,  <- PersonClub]

2026-09-28 10:44:01.2087 FLS.Server.WebApi.Controllers.UsersController Password reset token: Code: R+7X+4qFscJTTAFFzXhsojvgTRokA5M0IKZv4l+yJ11CLpjThowjk8B5zPLmgUqRTKQoGJFIwJ2JCwdUnGyvJejkKCbO+ktYgj6QOgdY6eFbRnDq7jpaCsRdulDAKqk1gEDWJy3ezit82Ic3JHQRIcxdGBIP7JQTePrEoQ4urwI=, Base64: Uis3WCs0cUZzY0pUVEFGRnpYaHNvanZnVFJva0E1TTBJS1p2NGwreUoxMUNMcGpUaG93ams4QjV6UExtZ1VxUlRLUW9HSkZJd0oySkN3ZFVuR3l2SmVqa0tDYk8ra3RZZ2o2UU9nZFk2ZUZiUm5EcTdqcGFDc1JkdWxEQUtxazFnRURXSnkzZXppdDgySWMzSkhRUkljeGRHQklQN0pRVGVQckVvUTR1cndJPQ==
2026-09-28 10:44:01.2141 FLS.Server.Data.FLSDataEntities Insert Flight with data: Glider-Flight: , Pilot: , Flight-Date: 09/28/2026, Starttime: 10:00, LdgTime: 10:30, Nr of Ldgs: 1/0, Flight-Air-State: 20, Flight-Process-State: 0
2026-09-28 10:44:01.2204 FLS.Server.Data.FLSDataEntities Insert FlightCrew with data: [FlightCrew -> FlightCrewId: 9c153c44-13fd-4668-ac79-80c7cfea6fad, FlightId: 00000000-0000-0000-0000-000000000000, PersonId: ea1f94f8-17c1-419d-8166-ea8e9352c8dd, FlightCrewTypeId: 1, BeginFlightDateTime: 09/28/2026 10:00:00, EndFlightDateTime: 09/28/2026 10:30:00, BeginInstructionDateTime: , EndInstructionDateTime: , NrOfLdgs: 1, NrOfStarts: , CreatedOn: 09/28/2026 10:44:01, CreatedByUserId: 76e80919-b8f8-4b8b-8c36-a8da9f9a0f25, ModifiedOn: , ModifiedByUserId: , DeletedOn: , DeletedByUserId: , RecordState: 1, OwnerId: 0fa7b76f-47ba-4138-8f96-671400fd7c83, OwnershipType: 2, IsDeleted: False, Id: 9c153c44-13fd-4668-ac79-80c7cfea6fad, HasPerson: True,  <- FlightCrew]

2026-09-28 10:44:01.2623 FLS.Server.Service.Email.EmailSendService Sent email to recipient: e2e-passenger-jdj7q6tsmul4dzl5@e2e.fls.local with subject: Bestätigung für Passagierflug-Registrierung, and Body: <html><body>Hallo Pax OrgTestmul4dzl5</body></html>
2026-09-28 10:44:01.2713 FLS.Server.Service.Email.EmailSendService Sent email to recipient: schuele@galaxy-net.ch with subject: Passwort-Reset für Flight Logging System Zugang, and Body: 
2026-09-28 10:44:01.3245 FLS.Server.Service.Email.EmailSendService Sent email to recipient: passenger-organizer@e2e.fls.local with subject: Neue Passagierflug-Registrierung, and Body: <html><body>Neue Passagier-Registrierung: OrgTestmul4dzl5 Pax</body></html>
2026-09-28 10:44:01.3115 FLS.Server.Data.FLSDataEntities Insert Flight with data: Glider-Flight: , Pilot: , Flight-Date: 09/28/2026, Starttime: 10:00, LdgTime: 10:30, Nr of Ldgs: 1/0, Flight-Air-State: 20, Flight-Process-State: 0
2026-09-28 10:44:01.3613 FLS.Server.Data.FLSDataEntities Insert FlightCrew with data: [FlightCrew -> FlightCrewId: 41d2df8f-1f5b-40ca-b029-7b450e5cf2c1, FlightId: 00000000-0000-0000-0000-000000000000, PersonId: ea1f94f8-17c1-419d-8166-ea8e9352c8dd, FlightCrewTypeId: 1, BeginFlightDateTime: 09/28/2026 10:00:00, EndFlightDateTime: 09/28/2026 10:30:00, BeginInstructionDateTime: , EndInstructionDateTime: , NrOfLdgs: 1, NrOfStarts: , CreatedOn: 09/28/2026 10:44:01, CreatedByUserId: 76e80919-b8f8-4b8b-8c36-a8da9f9a0f25, ModifiedOn: , ModifiedByUserId: , DeletedOn: , DeletedByUserId: , RecordState: 1, OwnerId: 0fa7b76f-47ba-4138-8f96-671400fd7c83, OwnershipType: 2, IsDeleted: False, Id: 41d2df8f-1f5b-40ca-b029-7b450e5cf2c1, HasPerson: True,  <- FlightCrew]

2026-09-28 10:44:01.5552 FLS.Server.Service.WorkflowService Execute daily report job.
2026-09-28 10:44:01.5622 FLS.Server.Service.Jobs.DailyReportJob Executing daily report job
2026-09-28 10:44:01.5897 FLS.Server.Service.Jobs.DailyReportJob Executing daily report job for club: Flugsportgruppe Zueri-Oberland
2026-09-28 10:44:01.5950 FLS.Server.Service.WorkflowService Execute planning day mail job.
2026-09-28 10:44:01.6171 FLS.Server.Service.Jobs.PlanningDayNotificationJob Executing planning day notification job
2026-09-28 10:44:01.8905 FLS.Server.Service.Jobs.PlanningDayNotificationJob No planning days for tomorrow for club Flugsportgruppe Zueri-Oberland found, no email will be sent.
2026-09-28 10:44:01.9144 FLS.Server.Service.Jobs.PlanningDayNotificationJob No planning days for tomorrow for club Other-Test-Club found, no email will be sent.
2026-09-28 10:44:02.2338 FLS.Server.Service.Email.EmailSendService Sent email to recipient: test@glider-fls.ch with subject: Flugtag vom 09/29/2026 in Speck Fehraltorf findet statt, and Body: <!DOCTYPE html PUBLIC "-//W3C//DTD XHTML 1.0 Transitional//EN" "http://www.w3.org/TR/xhtml1/DTD/xhtml1-transitional.dtd">
<html xmlns="http://www.w3.org/1999/xhtml">

<head>
<meta content="en-gb" http-equiv="Content-Language" />
<meta content="text/html; charset=utf-8" http-equiv="Content-Type" />
<title>Flugtag vom 09/29/2026 in Speck Fehraltorf findet statt</title>
<style type="text/css">

body {
    font-family: Arial, Helvetica, Sans-Serif;
    font-size: 14px;
}
.datagrid table { border-collapse: collapse; text-align: left; width: 100%; }
.datagrid {font: normal 12px/150% Arial, Helvetica, sans-serif; background: #fff; overflow: hidden; border: 1px solid #006699; }
.datagrid table td, 
.datagrid table th { padding: 3px 10px; }
.datagrid table thead th {background:-webkit-gradient( linear, left top, left bottom, color-stop(0.05, #006699), color-stop(1, #00557F) );background:-moz-linear-gradient( center top, #006699 5%, #00557F 100% );filter:progid:DXImageTransform.Microsoft.gradient(startColorstr='#006699', endColorstr='#00557F');background-color:#006699; color:#ffffff; font-size: 15px; font-weight: bold; border-left: 1px solid #0070A8; } 
.datagrid table thead th:first-child { border: none; }
.datagrid table tbody td { color: #00496B; border-left: 1px solid #E1EEF4;font-size: 12px;font-weight: normal; }
.datagrid table tbody .alt td { background: #E1EEF4; color: #00496B; }
.datagrid table tbody td:first-child { border-left: none; }
.datagrid table tbody tr:last-child td { border-bottom: none; }
</style>
</head>

<body>
<p>
Hallo zusammen...
</p>
<p>
Der Flugtag vom 09/29/2026 in Speck Fehraltorf findet statt (sofern das Wetter dann auch noch mitspielt).
</p>
<p>
Eingeteilter Flugdienstleiter: Kellner Hansli<br>
Eingeteilter Schlepppilot: Rieterman Conny<br><br>
Eingeteilter Segelfluglehrer: <br><br>
Bemerkungen: Test2
</p>

Flugzeugreservationen:
<div class="datagrid">
<table>
    <thead>
        <tr>
            <th>Flugzeug</th>
            <th>Pilot</th>
            <th>Reservations-Typ</th>
            <th>Reservations-Zeit</th>
            <th>Fluglehrer</th>
        </tr>
    </thead>
    <tbody>

    
        <tr 
                >
            <td>HB-1824</td>
            <td>Kellner Hansli</td>
            <td>Marketingflug</td>
			<td>Ganzer Tag</td>
            <td></td>
        </tr>

        
</tbody>
</table>
</div>

<p>Herzliche Grüsse</p>
<p>Flight Logging System</p>

</body>

</html>

2026-09-28 10:44:02.3396 FLS.Server.Service.Email.EmailSendService Sent email to recipient: test@glider-fls.ch with subject: Flugtag vom 09/29/2026 in Speck Fehraltorf findet statt, and Body: <!DOCTYPE html PUBLIC "-//W3C//DTD XHTML 1.0 Transitional//EN" "http://www.w3.org/TR/xhtml1/DTD/xhtml1-transitional.dtd">
<html xmlns="http://www.w3.org/1999/xhtml">

<head>
<meta content="en-gb" http-equiv="Content-Language" />
<meta content="text/html; charset=utf-8" http-equiv="Content-Type" />
<title>Flugtag vom 09/29/2026 in Speck Fehraltorf findet statt</title>
<style type="text/css">

body {
    font-family: Arial, Helvetica, Sans-Serif;
    font-size: 14px;
}
.datagrid table { border-collapse: collapse; text-align: left; width: 100%; }
.datagrid {font: normal 12px/150% Arial, Helvetica, sans-serif; background: #fff; overflow: hidden; border: 1px solid #006699; }
.datagrid table td, 
.datagrid table th { padding: 3px 10px; }
.datagrid table thead th {background:-webkit-gradient( linear, left top, left bottom, color-stop(0.05, #006699), color-stop(1, #00557F) );background:-moz-linear-gradient( center top, #006699 5%, #00557F 100% );filter:progid:DXImageTransform.Microsoft.gradient(startColorstr='#006699', endColorstr='#00557F');background-color:#006699; color:#ffffff; font-size: 15px; font-weight: bold; border-left: 1px solid #0070A8; } 
.datagrid table thead th:first-child { border: none; }
.datagrid table tbody td { color: #00496B; border-left: 1px solid #E1EEF4;font-size: 12px;font-weight: normal; }
.datagrid table tbody .alt td { background: #E1EEF4; color: #00496B; }
.datagrid table tbody td:first-child { border-left: none; }
.datagrid table tbody tr:last-child td { border-bottom: none; }
</style>
</head>

<body>
<p>
Hallo zusammen...
</p>
<p>
Der Flugtag vom 09/29/2026 in Speck Fehraltorf findet statt (sofern das Wetter dann auch noch mitspielt).
</p>
<p>
Eingeteilter Flugdienstleiter: Kellner Hansli<br>
Eingeteilter Schlepppilot: Rieterman Conny<br><br>
Eingeteilter Segelfluglehrer: <br><br>
Bemerkungen: Test
</p>

Flugzeugreservationen:
<div class="datagrid">
<table>
    <thead>
        <tr>
            <th>Flugzeug</th>
            <th>Pilot</th>
            <th>Reservations-Typ</th>
            <th>Reservations-Zeit</th>
            <th>Fluglehrer</th>
        </tr>
    </thead>
    <tbody>

    
        <tr 
                >
            <td>HB-1824</td>
            <td>Kellner Hansli</td>
            <td>Marketingflug</td>
			<td>Ganzer Tag</td>
            <td></td>
        </tr>

        
</tbody>
</table>
</div>

<p>Herzliche Grüsse</p>
<p>Flight Logging System</p>

</body>

</html>

2026-09-28 10:44:02.9056 FLS.Server.Service.WorkflowService Execute workflows...
2026-09-28 10:44:02.9275 FLS.Server.Service.WorkflowService Executed 0 workflows.
2026-09-28 10:44:03.7668 FLS.Server.Data.FLSDataEntities Insert Flight with data: Glider-Flight: , Pilot: , Flight-Date: 09/28/2026, Starttime: 10:00, LdgTime: 10:30, Nr of Ldgs: 1/0, Flight-Air-State: 20, Flight-Process-State: 0
2026-09-28 10:44:03.7993 FLS.Server.Data.FLSDataEntities Insert FlightCrew with data: [FlightCrew -> FlightCrewId: 687f3481-1833-4ced-8bad-02f3968f7efd, FlightId: 00000000-0000-0000-0000-000000000000, PersonId: ea1f94f8-17c1-419d-8166-ea8e9352c8dd, FlightCrewTypeId: 1, BeginFlightDateTime: 09/28/2026 10:00:00, EndFlightDateTime: 09/28/2026 10:30:00, BeginInstructionDateTime: , EndInstructionDateTime: , NrOfLdgs: 1, NrOfStarts: , CreatedOn: 09/28/2026 10:44:03, CreatedByUserId: 76e80919-b8f8-4b8b-8c36-a8da9f9a0f25, ModifiedOn: , ModifiedByUserId: , DeletedOn: , DeletedByUserId: , RecordState: 1, OwnerId: 0fa7b76f-47ba-4138-8f96-671400fd7c83, OwnershipType: 2, IsDeleted: False, Id: 687f3481-1833-4ced-8bad-02f3968f7efd, HasPerson: True,  <- FlightCrew]

2026-09-28 10:44:04.6509 FLS.Server.Service.Jobs.DailyReportJob No today flights to send by email for club: Flugsportgruppe Zueri-Oberland
2026-09-28 10:44:04.6559 FLS.Server.Service.Jobs.DailyReportJob Executing daily report job for club: Other-Test-Club
2026-09-28 10:44:04.6818 FLS.Server.Service.Jobs.DailyReportJob No today flights to send by email for club: Other-Test-Club
2026-09-28 10:44:04.6867 FLS.Server.Service.Jobs.DailyReportJob Executing daily report job for club: Test-Club
2026-09-28 10:44:04.7221 FLS.Server.Service.Jobs.DailyReportJob 14 flights found for club: Test-Club
2026-09-28 10:44:04.8840 FLS.Server.Service.Email.EmailSendService Sent email to recipient: hans@muster.ch with subject: Flug-Informationen vom 09/28/2026, and Body: <!DOCTYPE html PUBLIC "-//W3C//DTD XHTML 1.0 Transitional//EN" "http://www.w3.org/TR/xhtml1/DTD/xhtml1-transitional.dtd">
<html xmlns="http://www.w3.org/1999/xhtml">

<head>
<meta content="en-gb" http-equiv="Content-Language" />
<meta content="text/html; charset=utf-8" http-equiv="Content-Type" />
<title>Deine Flüge</title>
<style type="text/css">

body {
    font-family: Arial, Helvetica, Sans-Serif;
    font-size: 14px;
}
.datagrid table { border-collapse: collapse; text-align: left; width: 100%; }
.datagrid {font: normal 12px/150% Arial, Helvetica, sans-serif; background: #fff; overflow: hidden; border: 1px solid #006699; }
.datagrid table td, 
.datagrid table th { padding: 3px 10px; }
.datagrid table thead th {background:-webkit-gradient( linear, left top, left bottom, color-stop(0.05, #006699), color-stop(1, #00557F) );background:-moz-linear-gradient( center top, #006699 5%, #00557F 100% );filter:progid:DXImageTransform.Microsoft.gradient(startColorstr='#006699', endColorstr='#00557F');background-color:#006699; color:#ffffff; font-size: 15px; font-weight: bold; border-left: 1px solid #0070A8; } 
.datagrid table thead th:first-child { border: none; }
.datagrid table tbody td { color: #00496B; border-left: 1px solid #E1EEF4;font-size: 12px;font-weight: normal; }
.datagrid table tbody .alt td { background: #E1EEF4; color: #00496B; }
.datagrid table tbody td:first-child { border-left: none; }
.datagrid table tbody tr:last-child td { border-bottom: none; }
</style>
</head>

<body>
<p>
Hallo Conny
</p>
<p>
Die nachfolgende Tabelle zeigt deine Flüge vom 09/28/2026. (Details dazu unter <a href="http://localhost:25567">http://localhost:25567</a>)</p>

<div class="datagrid">
<table>
    <thead>
        <tr>
            <th>Datum</th>
            <th>Segelflugzeug</th>
            <th>Pilot</th>
            <th>Startart</th>
            <th>Flugart</th>
            <th>Soloflug</th>
            <th>Startort</th>
            <th>Landeort</th>
            <th>Start</th>
            <th>Landung</th>
            <th>Dauer</th>
            <th>2. Flugbesatzung</th>
            <th>Bemerkungen</th>
            <th>Schleppflugzeug</th>
            <th>Schleppilot</th>
            <th>Start (Schlepp)</th>
            <th>Landung (Schlepp)</th>
            <th>Dauer (Schlepp)</th>
        </tr>
    </thead>
    <tbody>

    
        <tr 
                >
            <td>09/28/2026</td>
            <td>HB-DCU</td>
            <td>Rieterman Conny</td>
            <td>Motorflugstart</td>
            <td>Charter Clubflugzeug</td>
            <td></td>
            <td>Speck Fehraltorf</td>
            <td>Speck Fehraltorf</td>
            <td>10:00</td>
            <td>10:30</td>
            <td>0:30</td>
            <td></td>
            <td>E2E flights-airmovements-crud-airmovements-crud-api-create-motor edit</td>
            <td></td>
            <td></td>
            <td></td>
            <td></td>
            <td></td>
        </tr>

    
        <tr 
                class="alt"
                >
            <td>09/28/2026</td>
            <td>HB-WAT</td>
            <td>Rieterman Conny</td>
            <td>Externer Start</td>
            <td>Charter Clubflugzeug</td>
            <td></td>
            <td>Speck Fehraltorf</td>
            <td>Speck Fehraltorf</td>
            <td>11:25</td>
            <td>12:10</td>
            <td>0:45</td>
            <td></td>
            <td>Motor air-movement</td>
            <td></td>
            <td></td>
            <td></td>
            <td></td>
            <td></td>
        </tr>

        
</tbody>
</table>
</div>

<p>Herzliche Grüsse</p>
<p>Flight Logging System</p>

</body>

</html>

2026-09-28 10:44:04.9920 FLS.Server.Data.FLSDataEntities Update Flight with data: Motor-Flight: HB-WAT, Pilot: Rieterman Conny, Flight-Date: 09/28/2026, Starttime: 11:25, LdgTime: 12:10, Flightcode: 60, Nr of Ldgs: 1/0, Flight-Air-State: 20, Flight-Process-State: 30
2026-09-28 10:44:05.0032 FLS.Server.Data.FLSDataEntities Update Flight with data: Motor-Flight: HB-DCU, Pilot: Rieterman Conny, Flight-Date: 09/28/2026, Starttime: 10:00, LdgTime: 10:30, Flightcode: 60, Nr of Ldgs: 1/0, Flight-Air-State: 20, Flight-Process-State: 30
2026-09-28 10:44:05.2217 FLS.Server.Service.Email.EmailSendService Sent email to recipient: hans3@muster.ch with subject: Flug-Informationen vom 09/28/2026, and Body: <!DOCTYPE html PUBLIC "-//W3C//DTD XHTML 1.0 Transitional//EN" "http://www.w3.org/TR/xhtml1/DTD/xhtml1-transitional.dtd">
<html xmlns="http://www.w3.org/1999/xhtml">

<head>
<meta content="en-gb" http-equiv="Content-Language" />
<meta content="text/html; charset=utf-8" http-equiv="Content-Type" />
<title>Deine Flüge</title>
<style type="text/css">

body {
    font-family: Arial, Helvetica, Sans-Serif;
    font-size: 14px;
}
.datagrid table { border-collapse: collapse; text-align: left; width: 100%; }
.datagrid {font: normal 12px/150% Arial, Helvetica, sans-serif; background: #fff; overflow: hidden; border: 1px solid #006699; }
.datagrid table td, 
.datagrid table th { padding: 3px 10px; }
.datagrid table thead th {background:-webkit-gradient( linear, left top, left bottom, color-stop(0.05, #006699), color-stop(1, #00557F) );background:-moz-linear-gradient( center top, #006699 5%, #00557F 100% );filter:progid:DXImageTransform.Microsoft.gradient(startColorstr='#006699', endColorstr='#00557F');background-color:#006699; color:#ffffff; font-size: 15px; font-weight: bold; border-left: 1px solid #0070A8; } 
.datagrid table thead th:first-child { border: none; }
.datagrid table tbody td { color: #00496B; border-left: 1px solid #E1EEF4;font-size: 12px;font-weight: normal; }
.datagrid table tbody .alt td { background: #E1EEF4; color: #00496B; }
.datagrid table tbody td:first-child { border-left: none; }
.datagrid table tbody tr:last-child td { border-bottom: none; }
</style>
</head>

<body>
<p>
Hallo Hansli
</p>
<p>
Die nachfolgende Tabelle zeigt deine Flüge vom 09/28/2026. (Details dazu unter <a href="http://localhost:25567">http://localhost:25567</a>)</p>

<div class="datagrid">
<table>
    <thead>
        <tr>
            <th>Datum</th>
            <th>Segelflugzeug</th>
            <th>Pilot</th>
            <th>Startart</th>
            <th>Flugart</th>
            <th>Soloflug</th>
            <th>Startort</th>
            <th>Landeort</th>
            <th>Start</th>
            <th>Landung</th>
            <th>Dauer</th>
            <th>2. Flugbesatzung</th>
            <th>Bemerkungen</th>
            <th>Schleppflugzeug</th>
            <th>Schleppilot</th>
            <th>Start (Schlepp)</th>
            <th>Landung (Schlepp)</th>
            <th>Dauer (Schlepp)</th>
        </tr>
    </thead>
    <tbody>

    
        <tr 
                >
            <td>09/28/2026</td>
            <td>HB-3407</td>
            <td>Kellner Hansli</td>
            <td>Schleppstart</td>
            <td>Passagierflug Bar</td>
            <td></td>
            <td>Speck Fehraltorf</td>
            <td>Speck Fehraltorf</td>
            <td>10:12</td>
            <td>13:44</td>
            <td>3:32</td>
            <td>Schellenberg Hansueli</td>
            <td>PAX flight</td>
            <td>HB-KCB</td>
            <td>Rieterman Conny</td>
            <td>10:12</td>
            <td>10:26</td>
            <td>0:14</td>
        </tr>

    
        <tr 
                class="alt"
                >
            <td>09/28/2026</td>
            <td>HB-3256</td>
            <td>Bonzli Lenni</td>
            <td>Schleppstart</td>
            <td>Grundschulung Doppelsteuer</td>
            <td></td>
            <td>Speck Fehraltorf</td>
            <td>Speck Fehraltorf</td>
            <td>10:32</td>
            <td>10:54</td>
            <td>0:22</td>
            <td>Kellner Hansli</td>
            <td>Schoolflight with instructor</td>
            <td>HB-KCB</td>
            <td>Rieterman Conny</td>
            <td>10:32</td>
            <td>10:38</td>
            <td>0:06</td>
        </tr>

    
        <tr 
                >
            <td>09/28/2026</td>
            <td>HB-2464</td>
            <td>Kellner Hansli</td>
            <td>Eigenstart</td>
            <td>Charter Clubflugzeug</td>
            <td></td>
            <td>Speck Fehraltorf</td>
            <td>Speck Fehraltorf</td>
            <td>10:55</td>
            <td></td>
            <td>n/a</td>
            <td></td>
            <td>Selfstarter</td>
            <td></td>
            <td></td>
            <td></td>
            <td></td>
            <td></td>
        </tr>

        
</tbody>
</table>
</div>

<p>Herzliche Grüsse</p>
<p>Flight Logging System</p>

</body>

</html>

2026-09-28 10:44:05.4278 FLS.Server.Data.FLSDataEntities Update Flight with data: Glider-Flight: HB-2464, Pilot: Kellner Hansli, Flight-Date: 09/28/2026, Starttime: 10:55, Flightcode: 60, Nr of Ldgs: 0/0, Flight-Air-State: 10, Flight-Process-State: 28
2026-09-28 10:44:05.5233 FLS.Server.Data.FLSDataEntities Update Flight with data: Glider-Flight: HB-3256, Pilot: Bonzli Lenni, Flight-Date: 09/28/2026, Starttime: 10:32, LdgTime: 10:54, Flightcode: 70, Nr of Ldgs: 1/0, Flight-Air-State: 20, Flight-Process-State: 30, TowFlight: HB-KCB, TowPilot: Rieterman Conny, Tow-Flight-Air-State: 20, Tow-Flight-Process-State: 30
2026-09-28 10:44:05.5479 FLS.Server.Data.FLSDataEntities Update Flight with data: Glider-Flight: HB-3407, Pilot: Kellner Hansli, Flight-Date: 09/28/2026, Starttime: 10:12, LdgTime: 13:44, Flightcode: 63, Nr of Ldgs: 1/0, Flight-Air-State: 20, Flight-Process-State: 30, TowFlight: HB-KCB, TowPilot: Rieterman Conny, Tow-Flight-Air-State: 20, Tow-Flight-Process-State: 30
2026-09-28 10:44:06.0370 FLS.Server.Service.Email.EmailSendService Sent email to recipient: hans4@muster.ch with subject: Flug-Informationen vom 09/28/2026, and Body: <!DOCTYPE html PUBLIC "-//W3C//DTD XHTML 1.0 Transitional//EN" "http://www.w3.org/TR/xhtml1/DTD/xhtml1-transitional.dtd">
<html xmlns="http://www.w3.org/1999/xhtml">

<head>
<meta content="en-gb" http-equiv="Content-Language" />
<meta content="text/html; charset=utf-8" http-equiv="Content-Type" />
<title>Deine Flüge</title>
<style type="text/css">

body {
    font-family: Arial, Helvetica, Sans-Serif;
    font-size: 14px;
}
.datagrid table { border-collapse: collapse; text-align: left; width: 100%; }
.datagrid {font: normal 12px/150% Arial, Helvetica, sans-serif; background: #fff; overflow: hidden; border: 1px solid #006699; }
.datagrid table td, 
.datagrid table th { padding: 3px 10px; }
.datagrid table thead th {background:-webkit-gradient( linear, left top, left bottom, color-stop(0.05, #006699), color-stop(1, #00557F) );background:-moz-linear-gradient( center top, #006699 5%, #00557F 100% );filter:progid:DXImageTransform.Microsoft.gradient(startColorstr='#006699', endColorstr='#00557F');background-color:#006699; color:#ffffff; font-size: 15px; font-weight: bold; border-left: 1px solid #0070A8; } 
.datagrid table thead th:first-child { border: none; }
.datagrid table tbody td { color: #00496B; border-left: 1px solid #E1EEF4;font-size: 12px;font-weight: normal; }
.datagrid table tbody .alt td { background: #E1EEF4; color: #00496B; }
.datagrid table tbody td:first-child { border-left: none; }
.datagrid table tbody tr:last-child td { border-bottom: none; }
</style>
</head>

<body>
<p>
Hallo Lenni
</p>
<p>
Die nachfolgende Tabelle zeigt deine Flüge vom 09/28/2026. (Details dazu unter <a href="http://localhost:25567">http://localhost:25567</a>)</p>

<div class="datagrid">
<table>
    <thead>
        <tr>
            <th>Datum</th>
            <th>Segelflugzeug</th>
            <th>Pilot</th>
            <th>Startart</th>
            <th>Flugart</th>
            <th>Soloflug</th>
            <th>Startort</th>
            <th>Landeort</th>
            <th>Start</th>
            <th>Landung</th>
            <th>Dauer</th>
            <th>2. Flugbesatzung</th>
            <th>Bemerkungen</th>
            <th>Schleppflugzeug</th>
            <th>Schleppilot</th>
            <th>Start (Schlepp)</th>
            <th>Landung (Schlepp)</th>
            <th>Dauer (Schlepp)</th>
        </tr>
    </thead>
    <tbody>

    
        <tr 
                >
            <td>09/28/2026</td>
            <td>HB-3407</td>
            <td>Bonzli Lenni</td>
            <td>Eigenstart</td>
            <td>Charter Clubflugzeug</td>
            <td>X</td>
            <td>Speck Fehraltorf</td>
            <td>Speck Fehraltorf</td>
            <td>10:00</td>
            <td>10:30</td>
            <td>0:30</td>
            <td></td>
            <td>E2E flights-create-flights-create-new-glider-flight-via-ui-shows</td>
            <td></td>
            <td></td>
            <td></td>
            <td></td>
            <td></td>
        </tr>

    
        <tr 
                class="alt"
                >
            <td>09/28/2026</td>
            <td>HB-3407</td>
            <td>Bonzli Lenni</td>
            <td>Eigenstart</td>
            <td>Charter Clubflugzeug</td>
            <td>X</td>
            <td>J0C-PISNHP</td>
            <td>J0C-PISNHP</td>
            <td>10:00</td>
            <td>10:30</td>
            <td>0:30</td>
            <td></td>
            <td>E2E reporting-custom-builder-flightreports-custom-builder-applie</td>
            <td></td>
            <td></td>
            <td></td>
            <td></td>
            <td></td>
        </tr>

    
        <tr 
                >
            <td>09/28/2026</td>
            <td>HB-3407</td>
            <td>Bonzli Lenni</td>
            <td>Eigenstart</td>
            <td>Charter Clubflugzeug</td>
            <td>X</td>
            <td>Speck Fehraltorf</td>
            <td>Speck Fehraltorf</td>
            <td>10:00</td>
            <td>10:30</td>
            <td>0:30</td>
            <td></td>
            <td>e2e-audit 1790592128445-937708</td>
            <td></td>
            <td></td>
            <td></td>
            <td></td>
            <td></td>
        </tr>

    
        <tr 
                class="alt"
                >
            <td>09/28/2026</td>
            <td>HB-3407</td>
            <td>Bonzli Lenni</td>
            <td>Eigenstart</td>
            <td>Charter Clubflugzeug</td>
            <td>X</td>
            <td>J0C-PISNHP</td>
            <td>J0C-PISNHP</td>
            <td>10:00</td>
            <td>10:30</td>
            <td>0:30</td>
            <td></td>
            <td>J-7-parity</td>
            <td></td>
            <td></td>
            <td></td>
            <td></td>
            <td></td>
        </tr>

    
        <tr 
                >
            <td>09/28/2026</td>
            <td>HB-3407</td>
            <td>Bonzli Lenni</td>
            <td>Eigenstart</td>
            <td>Charter Clubflugzeug</td>
            <td>X</td>
            <td>Speck Fehraltorf</td>
            <td>Speck Fehraltorf</td>
            <td>10:00</td>
            <td>10:30</td>
            <td>0:30</td>
            <td></td>
            <td>E2E flights-edit-flights-edit-round-trip-flightcomment-via-form- edited</td>
            <td></td>
            <td></td>
            <td></td>
            <td></td>
            <td></td>
        </tr>

    
        <tr 
                class="alt"
                >
            <td>09/28/2026</td>
            <td>HB-3407</td>
            <td>Bonzli Lenni</td>
            <td>Eigenstart</td>
            <td>Charter Clubflugzeug</td>
            <td>X</td>
            <td>J0C-PISNHP</td>
            <td>J0C-PISNHP</td>
            <td>10:00</td>
            <td>10:30</td>
            <td>0:30</td>
            <td></td>
            <td>E2E reporting-flight-reports-flight-reports-pre-canned-location-</td>
            <td></td>
            <td></td>
            <td></td>
            <td></td>
            <td></td>
        </tr>

    
        <tr 
                >
            <td>09/28/2026</td>
            <td>HB-3407</td>
            <td>Bonzli Lenni</td>
            <td>Eigenstart</td>
            <td>Charter Clubflugzeug</td>
            <td>X</td>
            <td>Speck Fehraltorf</td>
            <td>Speck Fehraltorf</td>
            <td>10:00</td>
            <td>10:30</td>
            <td>0:30</td>
            <td></td>
            <td>E2E flights-state-transitions-flights-state-invalid-valid-via-ap</td>
            <td></td>
            <td></td>
            <td></td>
            <td></td>
            <td></td>
        </tr>

    
        <tr 
                class="alt"
                >
            <td>09/28/2026</td>
            <td>HB-3407</td>
            <td>Bonzli Lenni</td>
            <td>Eigenstart</td>
            <td>Charter Clubflugzeug</td>
            <td>X</td>
            <td>Speck Fehraltorf</td>
            <td>Speck Fehraltorf</td>
            <td>10:00</td>
            <td>10:30</td>
            <td>0:30</td>
            <td></td>
            <td>E2E flights-state-transitions-flights-state-valid-excludedfromde</td>
            <td></td>
            <td></td>
            <td></td>
            <td></td>
            <td></td>
        </tr>

    
        <tr 
                >
            <td>09/28/2026</td>
            <td>HB-3407</td>
            <td>Bonzli Lenni</td>
            <td>Eigenstart</td>
            <td>Charter Clubflugzeug</td>
            <td>X</td>
            <td>Speck Fehraltorf</td>
            <td>Speck Fehraltorf</td>
            <td>10:00</td>
            <td>10:30</td>
            <td>0:30</td>
            <td></td>
            <td>E2E accounting-delivery-creation-test-delivery-creation-test-gen</td>
            <td></td>
            <td></td>
            <td></td>
            <td></td>
            <td></td>
        </tr>

    
        <tr 
                class="alt"
                >
            <td>09/28/2026</td>
            <td>HB-3256</td>
            <td>Bonzli Lenni</td>
            <td>Schleppstart</td>
            <td>Grundschulung Doppelsteuer</td>
            <td></td>
            <td>Speck Fehraltorf</td>
            <td>Speck Fehraltorf</td>
            <td>10:32</td>
            <td>10:54</td>
            <td>0:22</td>
            <td>Kellner Hansli</td>
            <td>Schoolflight with instructor</td>
            <td>HB-KCB</td>
            <td>Rieterman Conny</td>
            <td>10:32</td>
            <td>10:38</td>
            <td>0:06</td>
        </tr>

        
</tbody>
</table>
</div>

<p>Herzliche Grüsse</p>
<p>Flight Logging System</p>

</body>

</html>

2026-09-28 10:44:06.3551 FLS.Server.Data.FLSDataEntities Update Flight with data: Glider-Flight: HB-3256, Pilot: Bonzli Lenni, Flight-Date: 09/28/2026, Starttime: 10:32, LdgTime: 10:54, Flightcode: 70, Nr of Ldgs: 1/0, Flight-Air-State: 20, Flight-Process-State: 30, TowFlight: HB-KCB, TowPilot: Rieterman Conny, Tow-Flight-Air-State: 20, Tow-Flight-Process-State: 30
2026-09-28 10:44:06.3759 FLS.Server.Data.FLSDataEntities Update Flight with data: Glider-Flight: HB-3407, Pilot: Bonzli Lenni, Flight-Date: 09/28/2026, Starttime: 10:00, LdgTime: 10:30, Flightcode: 60, Nr of Ldgs: 1/0, Flight-Air-State: 20, Flight-Process-State: 30
2026-09-28 10:44:06.4129 FLS.Server.Data.FLSDataEntities Update Flight with data: Glider-Flight: HB-3407, Pilot: Bonzli Lenni, Flight-Date: 09/28/2026, Starttime: 10:00, LdgTime: 10:30, Flightcode: 60, Nr of Ldgs: 1/0, Flight-Air-State: 20, Flight-Process-State: 0
2026-09-28 10:44:06.4317 FLS.Server.Data.FLSDataEntities Update Flight with data: Glider-Flight: HB-3407, Pilot: Bonzli Lenni, Flight-Date: 09/28/2026, Starttime: 10:00, LdgTime: 10:30, Flightcode: 60, Nr of Ldgs: 1/0, Flight-Air-State: 20, Flight-Process-State: 30
2026-09-28 10:44:06.4532 FLS.Server.Data.FLSDataEntities Update Flight with data: Glider-Flight: HB-3407, Pilot: Bonzli Lenni, Flight-Date: 09/28/2026, Starttime: 10:00, LdgTime: 10:30, Flightcode: 60, Nr of Ldgs: 1/0, Flight-Air-State: 20, Flight-Process-State: 0
2026-09-28 10:44:06.4699 FLS.Server.Data.FLSDataEntities Update Flight with data: Glider-Flight: HB-3407, Pilot: Bonzli Lenni, Flight-Date: 09/28/2026, Starttime: 10:00, LdgTime: 10:30, Flightcode: 60, Nr of Ldgs: 1/0, Flight-Air-State: 20, Flight-Process-State: 30
2026-09-28 10:44:06.4881 FLS.Server.Data.FLSDataEntities Update Flight with data: Glider-Flight: HB-3407, Pilot: Bonzli Lenni, Flight-Date: 09/28/2026, Starttime: 10:00, LdgTime: 10:30, Flightcode: 60, Nr of Ldgs: 1/0, Flight-Air-State: 20, Flight-Process-State: 0
2026-09-28 10:44:06.5055 FLS.Server.Data.FLSDataEntities Update Flight with data: Glider-Flight: HB-3407, Pilot: Bonzli Lenni, Flight-Date: 09/28/2026, Starttime: 10:00, LdgTime: 10:30, Flightcode: 60, Nr of Ldgs: 1/0, Flight-Air-State: 20, Flight-Process-State: 30
2026-09-28 10:44:06.5351 FLS.Server.Data.FLSDataEntities Update Flight with data: Glider-Flight: HB-3407, Pilot: Bonzli Lenni, Flight-Date: 09/28/2026, Starttime: 10:00, LdgTime: 10:30, Flightcode: 60, Nr of Ldgs: 1/0, Flight-Air-State: 20, Flight-Process-State: 30
2026-09-28 10:44:06.5491 FLS.Server.Data.FLSDataEntities Update Flight with data: Glider-Flight: HB-3407, Pilot: Bonzli Lenni, Flight-Date: 09/28/2026, Starttime: 10:00, LdgTime: 10:30, Flightcode: 60, Nr of Ldgs: 1/0, Flight-Air-State: 20, Flight-Process-State: 30
2026-09-28 10:44:10.5381 FLS.Server.Data.FLSDataEntities Update Setting with data: [Setting -> SettingId: f1500008-0000-0000-0000-000000000002, ClubId: , UserId: 76e80919-b8f8-4b8b-8c36-a8da9f9a0f25, SettingKey: AircraftIdsToDisplayInScheduler, SettingValue: ["e23a9353-9a03-4828-8b5c-2c84a8ca2c61","d7422c6d-3a12-4893-bc25-d6f8067a3d22","eaf69b91-119b-4147-8e1b-3165c68c104b","9c9c4143-6c13-4c51-9cd4-3f85b6e5cc6d","ec2220ce-2ba7-428a-abbf-de151b62488a","944c52c3-0335-4fa2-b90d-4c441a31a4d5","f1500010-0000-0000-0000-000000000001","656b4681-4fed-4779-a08d-c32f601c4f19","5f12b905-0f13-404f-b992-53285df13996","5d33d132-e7f2-44d7-92d6-c3f7f06a005e","8344e579-2a0e-4a5f-ae5c-375982479158","fba13f3a-a6d4-43d8-b8ef-3b3819b326de","c74d3e51-3568-4d46-9b10-d0a228795986","987ffe2a-5a78-43a6-beef-92df2e21210e","aee18c89-1496-4948-afa8-6aa9cce28fcb","cdc17418-e693-4443-b02f-446c08a617da"], IsPublic: False, CreatedOn: 01/01/2026 00:08:00, CreatedByUserId: 13731ee2-c1d8-455c-8ad1-c39399893fff, ModifiedOn: 09/28/2026 10:44:10, ModifiedByUserId: 76e80919-b8f8-4b8b-8c36-a8da9f9a0f25, DeletedOn: , DeletedByUserId: , RecordState: 1, OwnerId: 0fa7b76f-47ba-4138-8f96-671400fd7c83, OwnershipType: 2, IsDeleted: False, Id: f1500008-0000-0000-0000-000000000002,  <- Setting]

2026-09-28 10:44:17.9421 FLS.Server.Data.FLSDataEntities Update Person with data: [Person -> PersonId: ea1f94f8-17c1-419d-8166-ea8e9352c8dd, Lastname: Bonzli, Firstname: Lenni, Midname: Trainee, CompanyName: , AddressLine1: E2E Profile Strasse 1790592249311-796014, AddressLine2: , Zip: 3000, City: Bern, Region: , CountryId: 77cc3be6-95db-11e0-b104-e7f04724019b, PrivatePhone: +41 44 555 6014, MobilePhone: +41 79 555 6014, BusinessPhone: 044 666 55 44, FaxNumber: , EmailPrivate: hans4@muster.ch, EmailBusiness: , PreferMailToBusinessMail: False, Birthday: , HasMotorPilotLicence: False, HasTowPilotLicence: False, HasGliderInstructorLicence: False, HasGliderPilotLicence: False, HasGliderTraineeLicence: True, HasGliderPAXLicence: False, HasTMGLicence: False, HasWinchOperatorLicence: False, HasMotorInstructorLicence: False, HasPartMLicence: False, LicenceNumber: , MedicalClass1ExpireDate: , MedicalClass2ExpireDate: , MedicalLaplExpireDate: , GliderInstructorLicenceExpireDate: , MotorInstructorLicenceExpireDate: , PartMLicenceExpireDate: , HasGliderTowingStartPermission: False, HasGliderSelfStartPermission: False, HasGliderWinchStartPermission: False, SpotLink: , ReceiveOwnedAircraftStatisticReports: True, EnableAddress: True, IsFastEntryRecord: False, CreatedOn: 09/28/2026 10:39:59, CreatedByUserId: 13731ee2-c1d8-455c-8ad1-c39399893fff, ModifiedOn: 09/28/2026 10:44:17, ModifiedByUserId: 76e80919-b8f8-4b8b-8c36-a8da9f9a0f25, DeletedOn: , DeletedByUserId: , RecordState: 1, OwnerId: 0fa7b76f-47ba-4138-8f96-671400fd7c83, OwnershipType: 2, IsDeleted: False, DisplayName: Bonzli Lenni, EmailAddressForCommunication: hans4@muster.ch, Id: ea1f94f8-17c1-419d-8166-ea8e9352c8dd, DoNotUpdateTimeStampsInMetaData: False,  <- Person]

2026-09-28 10:44:21.5197 FLS.Server.Service.WorkflowService Execute daily flight validation job.
2026-09-28 10:44:21.5266 FLS.Server.Service.Jobs.DailyFlightValidationJob Executing daily flight validation job
2026-09-28 10:44:21.5505 FLS.Server.Service.FlightService Saved the validated flights of today to database.
2026-09-28 10:44:21.6050 FLS.Server.Service.FlightService Saved the validated flights of today to database.
2026-09-28 10:44:21.8132 FLS.Server.Service.FlightService The currently validated flight Glider-Flight: HB-3407, Pilot: Bonzli Lenni, Flight-Date: 09/28/2026, Starttime: 10:00, LdgTime: 10:30, Flightcode: 60, Nr of Ldgs: 1/0, Flight-Air-State: 20, Flight-Process-State: 30 has now the following Process-State: 30 (Gültig)
2026-09-28 10:44:21.8433 FLS.Server.Data.FLSDataEntities Update Flight with data: Glider-Flight: HB-3407, Pilot: Bonzli Lenni, Flight-Date: 09/28/2026, Starttime: 10:00, LdgTime: 10:30, Flightcode: 60, Nr of Ldgs: 1/0, Flight-Air-State: 20, Flight-Process-State: 30
2026-09-28 10:44:21.8774 FLS.Server.Service.FlightService Saved the validated flights of today to database.
2026-09-28 10:44:21.9760 FLS.Server.Service.FlightService The currently validated flight Glider-Flight: HB-3407, Pilot: Bonzli Lenni, Flight-Date: 09/28/2026, Starttime: 10:00, LdgTime: 10:30, Flightcode: 60, Nr of Ldgs: 1/0, Flight-Air-State: 20, Flight-Process-State: 30 has now the following Process-State: 30 (Gültig)
2026-09-28 10:44:21.9914 FLS.Server.Data.FLSDataEntities Update Flight with data: Glider-Flight: HB-3407, Pilot: Bonzli Lenni, Flight-Date: 09/28/2026, Starttime: 10:00, LdgTime: 10:30, Flightcode: 60, Nr of Ldgs: 1/0, Flight-Air-State: 20, Flight-Process-State: 30
2026-09-28 10:44:22.0523 FLS.Server.Service.FlightService Saved the validated flights of today to database.
2026-09-28 10:44:22.0870 FLS.Server.Service.WorkflowService Execute daily report job.
2026-09-28 10:44:22.0954 FLS.Server.Service.Jobs.DailyReportJob Executing daily report job
2026-09-28 10:44:22.1035 FLS.Server.Service.Jobs.DailyReportJob Executing daily report job for club: Flugsportgruppe Zueri-Oberland
2026-09-28 10:44:22.1243 FLS.Server.Service.FlightService The currently validated flight Glider-Flight: HB-3407, Pilot: Bonzli Lenni, Flight-Date: 09/28/2026, Starttime: 10:00, LdgTime: 10:30, Flightcode: 60, Nr of Ldgs: 1/0, Flight-Air-State: 20, Flight-Process-State: 30 has now the following Process-State: 30 (Gültig)
2026-09-28 10:44:22.1278 FLS.Server.Service.Jobs.DailyReportJob No today flights to send by email for club: Flugsportgruppe Zueri-Oberland
2026-09-28 10:44:22.1334 FLS.Server.Service.Jobs.DailyReportJob Executing daily report job for club: Other-Test-Club
2026-09-28 10:44:22.1334 FLS.Server.Data.FLSDataEntities Update Flight with data: Glider-Flight: HB-3407, Pilot: Bonzli Lenni, Flight-Date: 09/28/2026, Starttime: 10:00, LdgTime: 10:30, Flightcode: 60, Nr of Ldgs: 1/0, Flight-Air-State: 20, Flight-Process-State: 30
2026-09-28 10:44:22.1685 FLS.Server.Service.FlightService Saved the validated flights of today to database.
2026-09-28 10:44:22.1726 FLS.Server.Service.Jobs.DailyReportJob No today flights to send by email for club: Other-Test-Club
2026-09-28 10:44:22.1734 FLS.Server.Service.FlightService Saved the validated flights of today to database.
2026-09-28 10:44:22.1809 FLS.Server.Service.Jobs.DailyReportJob Executing daily report job for club: Test-Club
2026-09-28 10:44:22.2054 FLS.Server.Service.Jobs.DailyReportJob No today flights to send by email for club: Test-Club
2026-09-28 10:44:22.3041 FLS.Server.Service.WorkflowService Execute planning day mail job.
2026-09-28 10:44:22.3092 FLS.Server.Service.Jobs.PlanningDayNotificationJob Executing planning day notification job
2026-09-28 10:44:22.3245 FLS.Server.Service.Jobs.PlanningDayNotificationJob No planning days for tomorrow for club Flugsportgruppe Zueri-Oberland found, no email will be sent.
2026-09-28 10:44:22.3344 FLS.Server.Service.Jobs.PlanningDayNotificationJob No planning days for tomorrow for club Other-Test-Club found, no email will be sent.
2026-09-28 10:44:22.4424 FLS.Server.Service.Email.EmailSendService Sent email to recipient: test@glider-fls.ch with subject: Flugtag vom 09/29/2026 in Speck Fehraltorf findet statt, and Body: <!DOCTYPE html PUBLIC "-//W3C//DTD XHTML 1.0 Transitional//EN" "http://www.w3.org/TR/xhtml1/DTD/xhtml1-transitional.dtd">
<html xmlns="http://www.w3.org/1999/xhtml">

<head>
<meta content="en-gb" http-equiv="Content-Language" />
<meta content="text/html; charset=utf-8" http-equiv="Content-Type" />
<title>Flugtag vom 09/29/2026 in Speck Fehraltorf findet statt</title>
<style type="text/css">

body {
    font-family: Arial, Helvetica, Sans-Serif;
    font-size: 14px;
}
.datagrid table { border-collapse: collapse; text-align: left; width: 100%; }
.datagrid {font: normal 12px/150% Arial, Helvetica, sans-serif; background: #fff; overflow: hidden; border: 1px solid #006699; }
.datagrid table td, 
.datagrid table th { padding: 3px 10px; }
.datagrid table thead th {background:-webkit-gradient( linear, left top, left bottom, color-stop(0.05, #006699), color-stop(1, #00557F) );background:-moz-linear-gradient( center top, #006699 5%, #00557F 100% );filter:progid:DXImageTransform.Microsoft.gradient(startColorstr='#006699', endColorstr='#00557F');background-color:#006699; color:#ffffff; font-size: 15px; font-weight: bold; border-left: 1px solid #0070A8; } 
.datagrid table thead th:first-child { border: none; }
.datagrid table tbody td { color: #00496B; border-left: 1px solid #E1EEF4;font-size: 12px;font-weight: normal; }
.datagrid table tbody .alt td { background: #E1EEF4; color: #00496B; }
.datagrid table tbody td:first-child { border-left: none; }
.datagrid table tbody tr:last-child td { border-bottom: none; }
</style>
</head>

<body>
<p>
Hallo zusammen...
</p>
<p>
Der Flugtag vom 09/29/2026 in Speck Fehraltorf findet statt (sofern das Wetter dann auch noch mitspielt).
</p>
<p>
Eingeteilter Flugdienstleiter: Kellner Hansli<br>
Eingeteilter Schlepppilot: Rieterman Conny<br><br>
Eingeteilter Segelfluglehrer: <br><br>
Bemerkungen: Test2
</p>

Flugzeugreservationen:
<div class="datagrid">
<table>
    <thead>
        <tr>
            <th>Flugzeug</th>
            <th>Pilot</th>
            <th>Reservations-Typ</th>
            <th>Reservations-Zeit</th>
            <th>Fluglehrer</th>
        </tr>
    </thead>
    <tbody>

    
        <tr 
                >
            <td>HB-1824</td>
            <td>Kellner Hansli</td>
            <td>Marketingflug</td>
			<td>Ganzer Tag</td>
            <td></td>
        </tr>

        
</tbody>
</table>
</div>

<p>Herzliche Grüsse</p>
<p>Flight Logging System</p>

</body>

</html>

2026-09-28 10:44:22.5237 FLS.Server.Service.Email.EmailSendService Sent email to recipient: test@glider-fls.ch with subject: Flugtag vom 09/29/2026 in Speck Fehraltorf findet statt, and Body: <!DOCTYPE html PUBLIC "-//W3C//DTD XHTML 1.0 Transitional//EN" "http://www.w3.org/TR/xhtml1/DTD/xhtml1-transitional.dtd">
<html xmlns="http://www.w3.org/1999/xhtml">

<head>
<meta content="en-gb" http-equiv="Content-Language" />
<meta content="text/html; charset=utf-8" http-equiv="Content-Type" />
<title>Flugtag vom 09/29/2026 in Speck Fehraltorf findet statt</title>
<style type="text/css">

body {
    font-family: Arial, Helvetica, Sans-Serif;
    font-size: 14px;
}
.datagrid table { border-collapse: collapse; text-align: left; width: 100%; }
.datagrid {font: normal 12px/150% Arial, Helvetica, sans-serif; background: #fff; overflow: hidden; border: 1px solid #006699; }
.datagrid table td, 
.datagrid table th { padding: 3px 10px; }
.datagrid table thead th {background:-webkit-gradient( linear, left top, left bottom, color-stop(0.05, #006699), color-stop(1, #00557F) );background:-moz-linear-gradient( center top, #006699 5%, #00557F 100% );filter:progid:DXImageTransform.Microsoft.gradient(startColorstr='#006699', endColorstr='#00557F');background-color:#006699; color:#ffffff; font-size: 15px; font-weight: bold; border-left: 1px solid #0070A8; } 
.datagrid table thead th:first-child { border: none; }
.datagrid table tbody td { color: #00496B; border-left: 1px solid #E1EEF4;font-size: 12px;font-weight: normal; }
.datagrid table tbody .alt td { background: #E1EEF4; color: #00496B; }
.datagrid table tbody td:first-child { border-left: none; }
.datagrid table tbody tr:last-child td { border-bottom: none; }
</style>
</head>

<body>
<p>
Hallo zusammen...
</p>
<p>
Der Flugtag vom 09/29/2026 in Speck Fehraltorf findet statt (sofern das Wetter dann auch noch mitspielt).
</p>
<p>
Eingeteilter Flugdienstleiter: Kellner Hansli<br>
Eingeteilter Schlepppilot: Rieterman Conny<br><br>
Eingeteilter Segelfluglehrer: <br><br>
Bemerkungen: Test
</p>

Flugzeugreservationen:
<div class="datagrid">
<table>
    <thead>
        <tr>
            <th>Flugzeug</th>
            <th>Pilot</th>
            <th>Reservations-Typ</th>
            <th>Reservations-Zeit</th>
            <th>Fluglehrer</th>
        </tr>
    </thead>
    <tbody>

    
        <tr 
                >
            <td>HB-1824</td>
            <td>Kellner Hansli</td>
            <td>Marketingflug</td>
			<td>Ganzer Tag</td>
            <td></td>
        </tr>

        
</tbody>
</table>
</div>

<p>Herzliche Grüsse</p>
<p>Flight Logging System</p>

</body>

</html>

2026-09-28 10:44:22.6422 FLS.Server.Service.WorkflowService Execute delivery creation job.
2026-09-28 10:44:22.6470 FLS.Server.Service.Jobs.DeliveryCreationJob Executing Delivery creation job
2026-09-28 10:44:22.6667 FLS.Server.Service.BaseService Queried Flights for accounting and got 0 flights back.
2026-09-28 10:44:22.6944 FLS.Server.Service.BaseService Get 2 AccountingRuleFilters of clubId: 0fa7b76f-47ba-4138-8f96-671400fd7c83
2026-09-28 10:44:22.7056 FLS.Server.Service.BaseService Have 0 deliveries in result list for sending back to client.
2026-09-28 10:44:22.7114 FLS.Server.Service.Jobs.DeliveryCreationJob 0 deliveries for flights of club Test-Club created.
2026-09-28 10:44:22.7173 FLS.Server.Service.Jobs.DeliveryCreationJob Executed Delivery creation job.
